Season,Team1,Team2,SeedDiff,AvgScoringMarginDiff,WinRateDiff,EFGDifferentialDiff,Target
2003,1411,1421,0,9.208045977011494,0.15172413793103445,0.04594298447747225,0
2003,1112,1436,-15,10.30911330049261,0.23768472906403948,0.04435902687415233,1
2003,1113,1272,3,-1.8965517241379315,-0.1724137931034483,-0.024136709498598863,1
2003,1141,1166,5,-8.805642633228839,-0.08568443051201668,-0.02079219163777496,1
2003,1143,1301,-1,0.32413793103448274,0.12413793103448278,-0.00778006442750262,1
2003,1140,1163,7,0.14086021505376323,0.041935483870967794,-0.022523537569342278,0
2003,1161,1181,11,-10.233333333333333,-0.2333333333333334,0.015743080201882365,0
2003,1153,1211,-1,-3.049539170506913,-0.13479262672811065,-0.03662940586273056,0
2003,1228,1443,-9,7.355913978494623,0.058064516129032295,0.06984283273576308,1
2003,1242,1429,-13,9.100000000000001,0.03333333333333344,0.057274369966179794,1
2003,1221,1266,11,0.4236453201970445,0.04064039408866993,-0.02076936409388702,0
2003,1281,1356,-5,-1.1430107526881725,-0.12258064516129041,0.03099918095803772,1
2003,1323,1454,-7,1.7365591397849451,-0.05698924731182797,0.009002064068517945,1
2003,1328,1354,-15,9.466666666666667,0.13333333333333341,0.039131379923955545,1
2003,1360,1390,9,-2.183179723502304,-0.13479262672811065,0.002626220559399872,0
2003,1173,1409,-9,-1.7753058954393772,0.11790878754171297,-0.029956729868842624,0
2003,1451,1458,7,-5.000000000000001,0.10344827586206895,-0.03237114847050293,0
2003,1120,1386,3,-6.811494252873564,-0.1597701149425288,-0.059759381350876606,1
2003,1139,1280,7,-2.344827586206897,0.12758620689655176,0.002194788308513884,1
2003,1196,1358,-13,4.707287933094386,-0.0035842293906810374,-0.0015720939411156265,1
2003,1104,1231,3,0.7544642857142856,-0.017857142857142905,-0.04266790935888154,0
2003,1237,1246,15,-12.59375,-0.3125,-0.09893372607186623,0
2003,1122,1257,9,-11.366666666666667,-0.059259259259259345,-0.05426627673767259,0
2003,1268,1423,-5,2.1619047619047613,-0.12142857142857144,0.019000554711436357,1
2003,1160,1277,3,-0.806451612903226,0.032258064516129004,-0.010689310759177006,0
2003,1329,1335,-5,-4.260536398467433,-0.12515964240102162,-0.036185052147846786,1
2003,1338,1447,-13,11.669892473118281,0.18924731182795707,0.11050851616093638,1
2003,1261,1345,-1,3.82258064516129,0.034562211981566726,0.0649047762921634,0
2003,1264,1393,11,-1.793103448275863,-0.03448275862068961,-0.02549687264760747,0
2003,1400,1421,-15,17.419950738916256,0.3374384236453202,0.0645597790796234,1
2003,1332,1428,-1,1.5166666666666666,-0.04791666666666672,-0.0054375598878873554,0
2003,1190,1448,13,-8.57088122605364,-0.19795657726692206,-0.049713089634490115,0
2003,1407,1462,11,-3.466666666666667,0.0,-0.025586351379857875,0
2003,1112,1211,-8,6.0933179723502295,0.15092165898617516,0.015067198433484197,1
2003,1163,1390,1,3.343010752688172,-0.041935483870967794,0.049618592856610744,1
2003,1141,1181,8,-5.463218390804597,-0.006896551724137945,0.03967514256867011,0
2003,1113,1242,8,-8.173563218390804,-0.1459770114942529,-0.04372156820083556,0
2003,1266,1281,-3,5.4239631336405525,0.14400921658986177,0.017906473439559478,1
2003,1228,1323,-1,5.130107526881721,0.0903225806451613,0.06787055158924171,0
2003,1143,1328,7,-6.275862068965517,-0.07586206896551728,-0.03851186919652522,0
2003,1409,1458,8,-3.7764182424916584,-0.04894327030033363,0.03345801910104651,0
2003,1120,1448,8,-6.259770114942528,-0.1942528735632184,-0.011323143426317295,1
2003,1139,1257,8,-5.711494252873564,0.027586206896551668,-0.015628033699172372,1
2003,1246,1428,-8,6.704166666666667,0.13958333333333328,0.007614777504424186,1
2003,1268,1462,3,1.6619047619047613,-0.15476190476190477,0.03796233181271813,1
2003,1196,1277,-5,4.967741935483872,0.16129032258064513,0.038840209782714075,0
2003,1231,1338,5,-12.235416666666667,-0.2416666666666667,-0.08671011900401021,0
2003,1329,1393,3,-3.6896551724137936,-0.13793103448275856,-0.01514679310481759,0
2003,1345,1400,8,-3.678571428571429,-0.1428571428571428,-0.012889254694043228,0
2003,1112,1323,-4,6.061059907834101,0.18317972350230416,0.002960115222551629,1
2003,1181,1242,1,-3.4000000000000004,0.033333333333333326,-0.029899121889854108,0
2003,1246,1458,-4,1.4030172413793096,0.14762931034482762,0.031062035908374086,1
2003,1266,1338,1,-5.052380952380954,-0.0452380952380953,-0.05707910163675256,1
2003,1268,1277,-1,7.670506912442397,0.06566820276497698,0.04483853307439806,0
2003,1139,1328,11,-3.344827586206897,0.027586206896551668,-0.001458505680261013,0
2003,1120,1393,7,-5.673563218390806,-0.1942528735632184,-0.02832874666960583,0
2003,1163,1400,4,-1.545238095238096,-0.08571428571428574,0.06143588504525921,0
2003,1112,1242,-1,-0.0023809523809532607,0.1261904761904762,-0.004063149421632051,0
2003,1246,1266,-2,2.7232142857142865,0.0848214285714286,0.0017815905315397007,0
2003,1328,1393,-2,0.7931034482758612,-0.027586206896551668,-0.0018036881738693333,0
2003,1277,1400,6,-3.920506912442397,-0.17281105990783407,0.00820832927189874,0
2003,1242,1266,-1,4.252380952380953,-0.05476190476190468,-0.009429870492012382,1
2003,1393,1400,2,0.028325123152709963,0.041871921182266014,0.03597558956740171,1
2003,1242,1393,-1,4.759770114942528,-0.060919540229884994,-0.005860703807448686,0
2004,1197,1250,0,-4.045238095238095,-0.17619047619047623,-0.03854286672992474,1
2004,1104,1356,-1,-3.620689655172413,-0.27586206896551724,0.013942358198294869,1
2004,1163,1436,-13,10.851515151515152,0.08484848484848495,0.1188222174101955,1
2004,1173,1177,3,0.6749999999999998,0.050000000000000044,0.015781150337642436,0
2004,1106,1181,15,-13.947916666666666,-0.3104166666666667,-0.0694500068289649,0
2004,1211,1434,-13,15.586206896551726,0.3448275862068966,0.10071405680030515,1
2004,1196,1264,-7,-3.0632183908045976,-0.16091954022988508,0.04512955939372287,0
2004,1268,1431,-9,-2.6413793103448278,-0.12528735632183907,-0.031087598358527813,1
2004,1277,1305,-3,-5.2298850574712645,-0.11264367816091947,0.004459745247291758,0
2004,1102,1314,5,2.1428571428571432,0.1428571428571428,0.08768795581877936,0
2004,1112,1371,1,1.2820197044334982,0.011083743842364546,-0.030647652057015806,0
2004,1251,1386,15,-14.543778801843317,-0.4158986175115208,-0.12719856742032432,0
2004,1390,1427,-15,13.447619047619046,0.3952380952380953,0.07399695285755897,1
2004,1140,1393,7,0.7076719576719581,-0.04629629629629628,-0.021305582466698836,0
2004,1343,1400,11,-5.04102564102564,-0.03589743589743599,0.038309638495628295,0
2004,1150,1403,1,0.9278017241379306,0.03663793103448276,0.0322566117297764,0
2004,1433,1448,9,-0.9452380952380954,0.08809523809523812,0.056450097347856054,0
2004,1130,1428,-5,-2.290322580645161,-0.02318548387096775,-0.04708101818608934,1
2004,1153,1190,-9,6.310344827586207,-0.027586206896551668,0.03181497112893095,1
2004,1210,1320,-11,6.8157327586206895,0.02909482758620685,0.05552639103294882,1
2004,1228,1293,-7,-1.6666666666666679,-0.033333333333333326,-0.011980367282292959,1
2004,1227,1242,9,0.8052995391705062,0.05990783410138245,-0.05502195987909325,0
2004,1197,1246,15,-12.200000000000001,-0.4,-0.09261719824538472,0
2004,1272,1376,-3,-0.508658008658009,0.05303030303030298,-0.015252115120801601,1
2004,1280,1284,-13,8.946428571428571,0.2366071428571429,0.05847884872244791,1
2004,1301,1418,-11,1.753315649867373,-0.0026525198938991412,0.01828252550399867,1
2004,1186,1329,13,-12.417487684729064,-0.32512315270935965,-0.07699311928630254,0
2004,1334,1344,7,-1.8119047619047626,0.05238095238095242,0.018885774754760498,1
2004,1338,1416,-11,4.470905172413794,0.04741379310344829,0.027081919564169554,1
2004,1412,1449,1,4.3517241379310345,0.056321839080459846,0.02261958614480375,1
2004,1435,1444,-5,-4.166666666666668,-0.16666666666666674,0.005735557923015611,1
2004,1350,1458,5,-6.435416666666667,-0.17500000000000004,-0.015509631766913223,0
2004,1257,1462,3,4.318704284221525,-0.007314524555903867,0.015314829833021792,0
2004,1104,1390,7,-8.47471264367816,-0.3804597701149426,-0.048047448613565025,1
2004,1163,1177,-5,11.951515151515153,0.11818181818181828,0.09292433268489098,1
2004,1181,1371,-7,6.959821428571429,0.1651785714285714,0.015579960247543378,1
2004,1211,1305,-8,7.080459770114944,0.19770114942528738,0.0892876080712966,0
2004,1386,1403,-7,9.316964285714285,0.2767857142857143,0.1193111278483468,1
2004,1268,1393,-1,-0.5071428571428571,-0.1166666666666667,-0.03553672760904564,0
2004,1314,1400,3,-3.1261904761904757,-0.12380952380952381,-0.03960476607912955,0
2004,1264,1448,8,2.717980295566502,0.1490147783251231,0.010002603130891408,0
2004,1130,1210,3,-5.78125,0.0,-0.06425191815460524,0
2004,1153,1228,-1,4.2666666666666675,0.0,0.01596085043657902,0
2004,1242,1334,-8,1.3119047619047626,-0.05238095238095242,-0.007357005717661402,1
2004,1272,1329,5,-6.667487684729063,-0.14655172413793105,-0.06115266532008762,0
2004,1338,1458,-3,0.8145833333333332,0.07499999999999996,0.05429071069628566,1
2004,1246,1412,-8,2.7816091954022992,0.17701149425287355,0.04326157011946907,0
2004,1301,1435,-3,-0.9620689655172416,-0.010344827586206806,0.011683444164932777,0
2004,1280,1462,-5,2.7608225108225106,0.1958874458874459,0.012968855964155868,0
2004,1104,1393,3,-1.3485221674876842,-0.1637931034482759,-0.017572668118910784,1
2004,1163,1435,-4,6.051515151515153,0.11818181818181828,0.0755518931298732,1
2004,1329,1338,-1,1.5290948275862064,0.02155172413793105,0.004375530324810306,1
2004,1386,1448,-3,8.107142857142856,0.2857142857142857,0.10431935018024413,1
2004,1181,1228,-4,5.0479166666666675,0.043749999999999956,0.027141330024769428,1
2004,1210,1305,-7,1.447916666666666,-0.014583333333333282,0.05914039215350614,1
2004,1242,1412,-5,-0.8731527093596059,0.024630541871921152,0.040089145677195404,1
2004,1400,1462,-4,2.672727272727272,0.0696969696969697,0.0023416276562875926,0
2004,1104,1163,6,-10.39289446185998,-0.23197492163009414,-0.08314215060589097,0
2004,1329,1386,1,-1.9753694581280783,-0.06773399014778325,-0.03730931409302274,1
2004,1181,1462,-6,6.7206439393939394,0.14678030303030298,0.04187056897292046,1
2004,1210,1242,-1,4.102678571428571,0.004464285714285698,0.03282781419272596,1
2004,1163,1181,1,0.37026515151515227,-0.025568181818181768,0.033730724945752244,1
2004,1210,1329,1,-3.5290948275862064,-0.17780172413793105,0.003146514682785151,1
2004,1163,1210,-1,4.370265151515152,0.09943181818181823,0.022129051549237333,1
2005,1105,1324,0,4.413793103448276,0.1724137931034483,0.029331311623636225,0
2005,1112,1429,-11,-5.362658846529815,0.04398826979472148,-0.1046322134703172,1
2005,1130,1335,-9,0.4642857142857144,0.1428571428571428,-0.023645734224191473,1
2005,1153,1234,-3,5.8125,0.11794354838709675,0.0188998857388199,1
2005,1211,1457,-11,2.1724137931034475,0.03448275862068961,0.024836995276264928,1
2005,1192,1228,15,-14.044965786901273,-0.3567937438905181,-0.09676123715243395,0
2005,1184,1246,13,-8.944444444444445,-0.12962962962962965,-0.006735935494360912,0
2005,1305,1400,1,-1.3103448275862073,0.13793103448275867,-0.02481310222787736,1
2005,1310,1328,11,-5.387096774193548,-0.0845383759733036,-0.08580073120664156,0
2005,1334,1338,-1,-0.5307881773399004,0.18226600985221675,0.02794019069254633,1
2005,1403,1417,-5,5.395238095238096,0.023809523809523725,-0.0008912720455813705,1
2005,1261,1412,-5,-1.8097886540600667,0.012235817575083519,0.011617462002145196,0
2005,1428,1431,-5,1.2770833333333336,0.05208333333333337,0.051424266985576006,1
2005,1151,1448,13,-8.401433691756273,-0.20908004778972522,-0.06551043415073832,0
2005,1285,1449,15,-12.556451612903226,-0.2672811059907835,-0.00982251496135883,0
2005,1166,1452,3,2.029325513196481,0.019550342130987386,0.020173677409233537,0
2005,1104,1454,-7,0.7851851851851848,-0.04814814814814805,0.03867251806060917,0
2005,1137,1242,11,-5.077864293659623,-0.08342602892102335,-0.02965181195851574,1
2005,1163,1416,-13,8.689655172413794,0.03448275862068961,0.015405586237697,1
2005,1175,1181,15,-13.404166666666667,-0.23958333333333337,-0.14098323527452655,0
2005,1196,1325,-9,10.294623655913977,0.08924731182795709,0.08574081681885826,1
2005,1203,1210,7,2.043678160919539,0.12528735632183907,-0.02963723207173874,0
2005,1235,1278,1,-1.3715239154616246,-0.05672969966629582,-0.03277362020330532,1
2005,1257,1418,-9,13.765294771968854,0.21579532814238045,0.12534041015641367,1
2005,1277,1330,-7,4.9017857142857135,-0.0580357142857143,0.032872783942005324,1
2005,1280,1390,1,4.370833333333334,0.08750000000000002,0.028045980225113676,1
2005,1150,1301,-3,-1.1830357142857144,0.15625,-0.04577987080872403,0
2005,1314,1324,-15,21.654060066740822,0.4916573971078977,0.13037218384111243,1
2005,1329,1368,-13,7.241379310344827,0.08939974457215838,0.04894538711396618,1
2005,1356,1388,-3,2.071572580645161,0.03931451612903225,-0.008234309958521813,1
2005,1393,1436,-9,0.06060606060606055,0.018181818181818188,0.021003060685922947,0
2005,1307,1437,7,-0.1679644048943274,0.04783092324805338,0.04269061949885827,0
2005,1320,1458,5,-1.833333333333333,-0.06666666666666665,0.020097834016423566,0
2005,1112,1412,-8,3.863147605083089,0.1407624633431086,0.027544870371592478,1
2005,1228,1305,-8,10.268547544409614,0.17659352142110762,0.04860531149778907,1
2005,1153,1246,5,0.16666666666666607,-0.05913978494623662,0.016964067769945357,0
2005,1211,1403,-3,1.9298850574712638,0.1954022988505747,0.04764573875658168,0
2005,1328,1428,-3,1.9537634408602145,-0.05913978494623662,0.004304871677485056,0
2005,1334,1449,7,-3.944382647385984,0.05784204671857618,0.05187288731617817,0
2005,1448,1452,-5,6.774193548387097,0.16129032258064524,0.039966918637890425,0
2005,1130,1454,-8,-1.7076719576719572,0.042328042328042326,-0.03177730554161978,0
2005,1181,1280,-8,7.529166666666667,0.14583333333333337,0.07368727862303537,1
2005,1210,1257,1,-9.636559139784945,-0.23763440860215057,-0.05015763603736906,0
2005,1277,1436,-8,4.0476190476190474,-0.014285714285714346,0.016971193162722553,1
2005,1163,1301,-8,4.393318965517242,0.16487068965517238,0.02523539939111269,0
2005,1235,1314,8,-14.274749721913237,-0.25027808676307006,-0.09300182561559461,0
2005,1329,1356,-5,5.460129310344827,0.0118534482758621,0.036491745895290584,1
2005,1196,1437,-1,3.0298850574712635,0.008045977011494343,0.042744594454381835,0
2005,1137,1458,8,-2.404301075268817,-0.023655913978494536,0.02838105055908613,0
2005,1112,1329,1,-2.1201671891327063,0.025078369905956133,-0.03177186179725483,1
2005,1228,1454,-11,7.48821548821549,0.15488215488215495,0.04588550185400608,1
2005,1257,1449,3,5.096774193548386,0.032258064516129004,0.07246185781952713,1
2005,1403,1452,-1,3.450537634408602,-0.010752688172043001,-3.889989923566706e-06,0
2005,1246,1428,-4,1.4000000000000004,0.0,-0.02255745209791893,1
2005,1181,1277,-4,-0.7476190476190467,0.04761904761904767,0.03362181962612537,0
2005,1314,1437,-4,7.412680756395995,0.1123470522803115,0.03582665659324319,1
2005,1301,1458,4,-0.06458333333333321,-0.13958333333333328,0.013073049918958246,0
2005,1112,1228,2,-7.181818181818183,-0.1515151515151515,-0.06495651252368001,0
2005,1257,1452,-3,13.387096774193548,0.19354838709677424,0.09674579311641263,1
2005,1246,1277,-3,-2.8809523809523796,0.04761904761904767,-0.01624914986554593,0
2005,1314,1458,-5,10.98279569892473,0.1376344086021506,0.05299717923300906,1
2005,1228,1257,-3,-0.6001955034213076,0.09872922776148585,-0.01894049237261336,1
2005,1277,1314,4,-3.8018433179723505,-0.08525345622119818,-0.023179170480077282,0
2005,1228,1314,0,-1.2130987292277595,0.09872922776148585,0.006444141750439392,0
2006,1214,1284,0,2.15625,-0.0463709677419355,-0.02219162229404309,0
2006,1104,1266,3,-1.724137931034483,-0.06896551724137934,-0.032123641646875534,1
2006,1130,1334,-9,-2.481681034482758,0.022629310344827624,-0.021037160834885993,1
2006,1181,1380,-15,12.287390029325513,0.29618768328445744,0.052214045871482484,1
2006,1196,1375,-11,6.277951933124346,0.025078369905956133,0.07623443512999367,1
2006,1203,1423,-1,3.5982142857142865,0.1473214285714286,0.0067252608724855945,1
2006,1211,1462,-11,-0.8827956989247303,0.2225806451612904,-0.0446516528449889,1
2006,1102,1228,9,-2.942396313364055,-0.020737327188940058,0.019552334110048697,0
2006,1231,1361,-5,-1.8574712643678168,-0.11264367816091947,0.02873333831599406,1
2006,1233,1261,9,-1.0999999999999996,0.03333333333333344,0.0068404197048020365,0
2006,1285,1305,7,-2.217443249701315,-0.06093189964157708,1.1744805420099702e-05,1
2006,1397,1457,-13,-4.035714285714286,0.0,-0.04308453902484388,1
2006,1393,1401,-7,-4.905679513184584,-0.047667342799188606,-0.0027319449260446715,0
2006,1125,1417,13,-3.5545454545454547,-0.1515151515151516,0.007270428699280906,0
2006,1429,1449,7,-5.833333333333333,-0.06666666666666676,0.038869797962185315,0
2006,1328,1454,-5,-2.2142857142857144,0.0,-0.003123178061470666,0
2006,1371,1455,3,-5.394883203559511,-0.12124582869855394,-0.0523432464583406,0
2006,1112,1458,-1,-1.4290322580645158,-0.02043010752688168,-0.042332469594333066,1
2006,1133,1242,9,-6.0569892473118285,-0.10752688172043012,-0.05508123339766985,1
2006,1116,1137,-1,-1.3971078976640712,-0.15239154616240258,-0.050536965346731466,0
2006,1107,1163,15,-11.319354838709678,-0.2225806451612904,-0.05883684427683433,0
2006,1206,1277,5,5.129166666666666,0.11041666666666672,0.06307057469278776,1
2006,1207,1320,-3,0.3333333333333339,0.0,-0.00646714186350017,1
2006,1246,1412,-1,-3.6687565308254966,-0.15673981191222575,0.006671343708513022,1
2006,1272,1331,-15,8.514173998044967,0.26392961876832843,0.05490392193824439,1
2006,1143,1301,-3,-3.5666666666666664,-0.033333333333333326,-0.08568471730711563,0
2006,1293,1314,11,-1.7931034482758612,0.034482758620689724,-0.006108244170238808,0
2006,1234,1322,-11,1.4639498432601883,-0.0010449320794148065,0.01373999640570922,0
2006,1172,1326,13,-5.792592592592592,-0.20370370370370372,-0.047988637724026006,0
2006,1245,1338,7,-2.73991935483871,-0.024193548387096753,-0.03450186558683893,0
2006,1335,1400,13,-7.104377104377106,-0.11447811447811451,-0.059498174496874834,0
2006,1284,1437,15,-10.776939655172415,-0.2995689655172413,0.016444141946138913,0
2006,1356,1452,5,-0.5884315906562847,0.05450500556173532,-0.0012123775670999648,0
2006,1130,1285,-8,0.8414351851851851,0.00347222222222221,-0.00035751933768807254,1
2006,1181,1203,-7,1.2597402597402585,-0.019480519480519543,0.043481571373518046,1
2006,1196,1454,-8,6.699134199134199,0.10389610389610393,0.10477129760684906,1
2006,1211,1231,-3,2.357471264367817,0.2793103448275862,-0.023242339961648817,1
2006,1261,1401,-8,0.7747126436781606,0.009195402298850519,0.004752267498117524,1
2006,1104,1417,8,-6.626959247648903,-0.23197492163009414,-0.054079126020360024,0
2006,1228,1449,-1,-1.0956989247311828,0.006451612903225712,0.02679394215533254,0
2006,1397,1455,-5,0.8686635944700463,0.008064516129032251,-0.030607929559097524,0
2006,1133,1338,8,-2.4440860215053766,-0.10752688172043012,-0.0004785865430473879,1
2006,1163,1246,-7,11.05151515151515,0.26363636363636367,0.055495825703672674,1
2006,1206,1314,8,-0.9160919540229884,0.008045977011494343,0.024906399234720877,1
2006,1207,1326,5,-4.0666666666666655,-0.13333333333333341,-0.019671321469174385,1
2006,1137,1272,8,-4.375130616509928,-0.047021943573667735,0.0020831451051994687,0
2006,1301,1400,8,-7.996969696969698,-0.11818181818181828,0.0021395485107111867,0
2006,1112,1437,7,-6.749721913236931,-0.2491657397107897,-0.057807129223970855,0
2006,1322,1452,8,0.5517241379310347,0.10344827586206895,0.017852068540675725,0
2006,1181,1261,-3,4.012121212121212,0.17575757575757578,0.04788061839653224,0
2006,1133,1272,12,-7.796969696969698,-0.24242424242424243,-0.03866072526023445,0
2006,1400,1452,-4,10.409613375130618,0.1630094043887148,0.07457215452388727,1
2006,1211,1417,1,-1.8212121212121213,0.08181818181818179,-0.03972052955444355,0
2006,1163,1449,-4,2.9333333333333336,0.09999999999999998,0.0470670259464821,1
2006,1196,1207,-4,7.351515151515151,0.11818181818181828,0.05946575603097254,1
2006,1206,1455,4,3.7924731182795695,0.02473118279569897,0.06259243119962721,1
2006,1130,1437,3,-3.9644396551724146,-0.08081896551724133,0.027969225870052072,0
2006,1261,1400,2,-6.496969696969698,-0.08484848484848495,-0.04533016357783104,1
2006,1272,1417,-1,5.575757575757576,0.09090909090909083,0.008413472945222211,0
2006,1196,1437,2,2.86415882967607,-0.04388714733542309,0.08663528724708286,1
2006,1163,1206,-10,5.333333333333334,0.1333333333333333,-0.008583439120740444,0
2006,1196,1206,-8,3.918181818181818,0.051515151515151514,0.014927605370702313,1
2006,1261,1417,2,0.07878787878787818,-0.08484848484848495,-0.02782035021058038,0
2006,1196,1417,1,5.030303030303029,0.0,0.04014530106586689,1
2007,1197,1310,0,-3.720430107526882,-0.08602150537634401,0.02736577480565916,0
2007,1130,1403,-3,1.8347996089931575,0.008797653958944274,0.05127180911535795,1
2007,1139,1330,-7,3.38608870967742,0.056451612903225756,0.04086836694669982,1
2007,1125,1207,13,-3.27116935483871,-0.10282258064516125,-0.01326051569948955,0
2007,1211,1231,3,0.29696969696969866,0.030303030303030387,0.022588704879251076,0
2007,1257,1390,-5,5.220430107526882,0.10967741935483877,0.0030605510089031784,1
2007,1172,1268,9,-0.6159274193548381,0.12096774193548387,-0.0617960009656931,0
2007,1266,1277,-1,-0.9564393939393945,0.05208333333333337,-0.05463082580582285,0
2007,1184,1314,15,-16.31372549019608,-0.19019607843137254,-0.05601661145415843,0
2007,1148,1326,15,-9.909090909090908,-0.24242424242424243,-0.07374103209194649,0
2007,1338,1460,-11,5.737132352941176,0.07536764705882348,0.0488843006351492,1
2007,1335,1401,11,-10.57730812013348,-0.082313681868743,-0.0876366689834353,0
2007,1417,1451,-13,10.65,0.22619047619047628,0.018478925150394843,1
2007,1181,1433,-5,-1.3428030303030312,-0.13068181818181823,0.053075337633967656,0
2007,1203,1435,5,2.6043010752688174,0.10860215053763445,0.014836248697006893,0
2007,1331,1450,11,-1.15625,-0.09375,0.0013396012317110628,0
2007,1140,1462,-1,-3.90625,0.0,-0.008505356772617656,0
2007,1196,1238,-15,19.037433155080215,0.24688057040998213,0.17510847151368847,1
2007,1242,1310,-15,15.078431372549018,0.21568627450980393,0.13933989559727428,1
2007,1246,1437,-1,-1.327620967741935,-0.02116935483870963,0.05953852792836967,1
2007,1272,1317,-13,13.142424242424243,0.24242424242424243,0.06750292603003144,1
2007,1166,1305,3,-3.700604838709678,-0.18346774193548387,-0.06752014538927525,0
2007,1275,1332,11,-8.298295454545455,-0.22537878787878785,0.016408336396987855,0
2007,1112,1345,-1,-0.9083333333333332,0.01041666666666663,-0.024820231228871614,0
2007,1221,1356,9,0.9412878787878789,-0.05492424242424243,-0.02180968568794206,0
2007,1253,1397,7,1.4145833333333337,0.07916666666666672,0.02051895298531914,0
2007,1308,1400,9,-4.710227272727273,0.022727272727272707,-0.004080887309933723,0
2007,1210,1424,3,1.459433040078201,-0.1730205278592376,0.014289696228985238,0
2007,1116,1425,7,-0.7058823529411766,-0.05882352941176472,-0.02478162702233888,0
2007,1107,1438,9,-1.9084051724137927,0.06357758620689657,-0.007380822334466797,0
2007,1228,1439,7,0.4497153700189749,0.03130929791271353,0.006155576279634201,0
2007,1323,1457,-5,2.491935483870968,-0.08294930875576034,-0.00927135399638579,0
2007,1394,1458,13,-4.1529411764705895,-0.05294117647058816,0.016954231309522838,0
2007,1139,1268,1,-0.5514112903225801,0.056451612903225756,-0.02218320372613719,1
2007,1130,1207,5,-6.819556451612903,-0.16733870967741937,-0.08676579386480687,0
2007,1277,1314,8,-9.753119429590019,-0.1568627450980392,-0.00498924247170035,0
2007,1326,1462,-8,1.8598484848484844,0.15909090909090906,0.010723150255731506,1
2007,1338,1433,-8,-1.3244206773618554,-0.02406417112299475,0.048356257222041676,1
2007,1257,1401,3,-8.741935483870968,-0.09677419354838701,-0.09272563108078063,0
2007,1231,1417,5,-2.666666666666668,-0.16666666666666674,-0.0027726326373514465,0
2007,1435,1450,3,-3.1395833333333334,-0.1479166666666667,-0.036978410057967204,1
2007,1196,1345,-8,10.889705882352942,0.1966911764705882,0.10156444306570644,1
2007,1242,1246,-7,11.255514705882351,0.22610294117647056,0.03905327175511142,1
2007,1272,1305,-5,6.823069403714564,0.038123167155425186,-0.004686471856624741,1
2007,1332,1457,-8,-0.795454545454545,-0.06926406926406925,-0.03666415626210823,1
2007,1356,1439,-1,-0.965725806451613,0.16733870967741937,0.005447392194396439,1
2007,1397,1438,1,-0.4709051724137927,0.032327586206896575,-0.03395824443359641,1
2007,1424,1458,5,-4.731729055258468,-0.03475935828876997,-0.028569104377946408,1
2007,1400,1425,-1,3.8903743315508024,0.050802139037433136,-0.03769153146794735,0
2007,1242,1356,-3,11.474264705882351,0.06985294117647056,0.06990593101780634,1
2007,1272,1401,-1,0.1133919843597262,0.1026392961876833,-0.0425865563810236,1
2007,1326,1397,-4,8.266098484848484,0.22159090909090906,0.08523579453843083,1
2007,1338,1417,1,-2.6941176470588246,-0.03921568627450989,0.001715742174387247,0
2007,1139,1196,4,-6.409867172675522,-0.046489563567362446,-0.07527085353796725,0
2007,1207,1435,-4,7.327083333333333,0.1791666666666667,0.10838393817569797,1
2007,1314,1425,-4,11.764705882352942,0.1470588235294117,0.0061551587924724704,1
2007,1332,1424,-4,2.333333333333334,-0.030303030303030387,0.009592350724171028,1
2007,1272,1326,1,3.757575757575758,0.0,0.00917113610100162,0
2007,1242,1417,-1,6.011764705882351,0.04901960784313719,0.04759044020929354,0
2007,1196,1332,-2,7.310160427807487,0.06506238859180036,0.10506320877737807,1
2007,1207,1314,1,-6.553308823529413,-0.011029411764705843,0.04419333544763504,1
2007,1196,1417,-1,6.364705882352942,0.019607843137254832,0.08450631325893271,1
2007,1207,1326,1,-1.8910984848484844,-0.09659090909090906,0.0465297749437783,0
2007,1196,1326,0,4.279857397504458,-0.05614973262032086,0.0613242881253111,1
2008,1164,1291,0,-9.533088235294118,-0.15073529411764708,-0.11105021755752581,0
2008,1125,1181,13,-9.78125,-0.09375,-0.051851736538385484,0
2008,1242,1340,-15,13.74848484848485,0.2090909090909091,0.06831217877888773,1
2008,1243,1425,5,3.9250000000000007,-0.022916666666666696,-0.07375968742159744,1
2008,1246,1266,5,-8.327083333333334,-0.11875000000000002,0.029133353633729264,0
2008,1277,1396,-7,5.2727272727272725,0.12121212121212122,0.00998300041494371,1
2008,1206,1323,7,-2.5210166177908118,-0.07722385141739974,-0.004486718521961752,0
2008,1331,1338,9,-1.555760368663595,-0.0009216589861751334,0.022614830309295675,0
2008,1124,1345,5,-1.2645833333333334,-0.08333333333333337,0.040042419945604035,0
2008,1165,1390,11,-2.4452214452214456,0.019813519813519864,0.017660277934239077,0
2008,1140,1401,-1,1.7593582887700538,0.09714795008912647,0.030663720036198494,0
2008,1290,1417,15,-18.993939393939392,-0.40909090909090906,-0.0959185062207431,0
2008,1245,1424,1,0.33455882352941213,0.04227941176470584,0.038042879184983225,0
2008,1450,1457,-9,3.709677419354839,0.10483870967741937,0.02850645474111574,1
2008,1112,1452,3,-6.642992424242424,-0.13446969696969702,0.015906650065783512,0
2008,1168,1458,11,-3.995112414467254,-0.13685239491691104,-0.05938862331734224,0
2008,1208,1462,11,-12.09375,-0.31818181818181823,-0.08706405267293638,0
2008,1116,1231,1,-3.8314393939393936,-0.11458333333333337,-0.011834013370266683,1
2008,1139,1375,-3,0.658266129032258,0.09979838709677424,0.005047193779658121,1
2008,1172,1211,3,0.943548387096774,0.025201612903225756,-0.029397726105480748,1
2008,1207,1420,-13,6.395161290322581,0.10181451612903225,0.12578208417878678,1
2008,1129,1257,11,-5.46875,0.0,-0.008147205982739825,0
2008,1272,1426,-15,16.52310924369748,0.36344537815126055,0.05010057929380879,1
2008,1274,1388,-3,-6.659139784946237,-0.12258064516129041,-0.05856533036956946,1
2008,1280,1332,-1,3.644153225806452,0.10685483870967738,0.038259136727347376,1
2008,1291,1314,15,-13.408088235294118,-0.3786764705882353,-0.007334698445293608,0
2008,1328,1386,-5,-1.0303030303030303,0.030303030303030276,-0.004193158149911724,1
2008,1163,1360,-9,7.09375,0.14393939393939392,0.06657466653442218,0
2008,1373,1435,9,-0.46212121212121193,-0.10037878787878785,-0.05788091941618434,1
2008,1110,1397,13,-8.21875,-0.21875,0.014299951191386773,0
2008,1122,1400,13,-6.027629233511586,-0.11229946524064172,-0.071192353899862,0
2008,1155,1437,-7,6.15625,0.09375,0.06533157832462283,0
2008,1179,1443,-7,-0.25053763440860344,0.06021505376344094,-0.037658368144338095,0
2008,1242,1424,-7,12.202651515151516,0.12784090909090906,0.09084569934793763,1
2008,1277,1338,1,0.3601731601731597,0.014718614718614687,0.03052033604513349,1
2008,1266,1390,3,1.5331439393939394,-0.06912878787878785,-0.009414843744174506,0
2008,1401,1417,8,-5.212121212121213,-0.21212121212121204,0.030190773559554684,0
2008,1323,1450,1,0.0967741935483879,0.024193548387096753,-0.007585910465821577,0
2008,1181,1452,-5,3.388257575757576,0.14678030303030298,0.02483958095115768,0
2008,1243,1458,8,-3.7757575757575754,-0.24545454545454548,-0.05884212083012391,0
2008,1345,1462,3,-5.46875,-0.06818181818181823,-0.08160643658476441,0
2008,1172,1207,8,2.443548387096774,-0.037298387096774244,-0.08326016094629651,1
2008,1257,1328,-3,5.56344696969697,0.08333333333333337,0.043871957572427345,1
2008,1272,1280,-7,11.027573529411764,0.28308823529411764,0.005355389583360681,1
2008,1116,1314,8,-9.36452762923351,-0.27450980392156865,-0.0015850018590550796,0
2008,1139,1397,5,-0.9375,0.03125,0.02599692524061198,0
2008,1274,1400,5,-4.1652003910068425,-0.1407624633431086,-0.02922443844108419,0
2008,1373,1437,1,2.21875,0.0625,0.01618791540898079,0
2008,1360,1443,1,-9.483870967741936,-0.20039100684261968,-0.06652117864059404,0
2008,1257,1397,1,-0.9375,-0.125,0.04656643939374372,1
2008,1314,1450,-3,5.970588235294118,0.19117647058823528,-0.02233960468376761,1
2008,1417,1443,-11,2.9100684261974585,0.1026392961876833,-0.024832847651872547,1
2008,1452,1462,4,-1.5757575757575761,-0.12121212121212122,-0.043137868320728134,0
2008,1172,1458,7,0.6177908113391979,-0.07233626588465303,-0.015307666377809892,1
2008,1242,1437,-11,15.983901515151516,0.28409090909090906,0.13815254084546424,1
2008,1272,1277,-4,9.755793226381462,0.21301247771836007,0.039925333989498435,1
2008,1390,1400,1,0.1212121212121211,-0.030303030303030387,0.004585748544599033,0
2008,1257,1314,2,-5.376838235294118,-0.19117647058823528,0.0377257694299859,0
2008,1417,1462,-2,1.3939393939393945,0.09090909090909083,-0.03996879319143204,1
2008,1172,1242,9,-5.321603128054742,-0.1026392961876833,-0.054732299366185455,0
2008,1272,1400,-1,9.119429590017825,0.1524064171122994,0.051190782775633825,1
2008,1242,1314,0,3.544563279857398,-0.03208556149732622,0.07031768813148348,1
2008,1272,1417,0,4.66488413547237,0.06149732620320858,0.06167106997457139,1
2008,1242,1272,0,0.4563279857397511,-0.06149732620320858,0.010550517580732444,1
2009,1106,1287,0,5.240301724137931,0.15840517241379315,0.08946580324268838,0
2009,1151,1163,15,-14.82358870967742,-0.3709677419354839,-0.10001759863415771,0
2009,1127,1181,13,-9.445098039215686,-0.09019607843137256,-0.007892784344234127,0
2009,1103,1211,9,-11.321568627450981,-0.18627450980392157,-0.09287486160864467,0
2009,1139,1261,1,-0.6242424242424232,0.045454545454545525,0.028377726733397002,0
2009,1143,1268,-3,3.6875,0.08143939393939392,0.06028866542860001,0
2009,1169,1272,13,-13.59026369168357,-0.36004056795131845,-0.05392105286147825,0
2009,1155,1276,-3,7.210685483870968,0.14818548387096775,0.040952802163165436,0
2009,1314,1347,-15,14.274749721913237,0.25027808676307006,0.01579817868597283,1
2009,1288,1328,13,-6.011363636363637,-0.17708333333333337,-0.06462743445835689,0
2009,1320,1345,7,-6.083778966131907,-0.03832442067736186,-0.03446743301863786,0
2009,1278,1400,3,-2.16911045943304,0.010752688172043001,0.008416936159579391,0
2009,1140,1401,-1,7.076612903225806,0.05544354838709675,0.08162436805443346,0
2009,1417,1433,-5,4.09090909090909,0.030303030303030276,-0.009850278376364707,1
2009,1110,1437,11,-3.513196480938416,-0.013685239491691092,0.04766452529563714,0
2009,1228,1443,-7,2.838709677419355,-0.014662756598240456,0.043532644276995436,0
2009,1280,1449,9,-4.333333333333334,-0.11051693404634577,0.030028918455569986,0
2009,1112,1428,7,-3.75,-0.15625,-0.07816029573138283,1
2009,1113,1396,-5,3.9090909090909083,0.06060606060606066,0.04402018749217029,1
2009,1156,1448,9,-5.941666666666666,-0.11250000000000004,-0.06355295121856974,1
2009,1173,1452,5,-4.764705882352942,0.11140819964349369,-0.0009675876457788668,1
2009,1242,1295,-11,1.1791666666666671,-0.018750000000000044,0.04343892740292238,1
2009,1257,1287,-15,11.677083333333334,0.3172348484848485,0.08546527102725204,1
2009,1266,1429,-5,-1.0606060606060606,-0.1515151515151515,-0.07661137703359144,1
2009,1277,1352,-13,3.2941176470588234,0.10661764705882348,-0.024362990468712542,1
2009,1165,1281,11,-6.405679513184584,-0.1338742393509127,0.009889168269079651,0
2009,1329,1397,-1,0.7878787878787881,0.030303030303030276,0.031004406688379282,1
2009,1190,1338,15,-5.610887096774194,-0.18346774193548387,-0.03032135049835949,0
2009,1326,1373,-1,-2.5738636363636367,-0.10037878787878785,0.044866879363222534,0
2009,1372,1393,11,-1.9106753812636166,0.005446623093681824,-0.017900966005551355,0
2009,1130,1425,-3,-0.3939393939393945,0.030303030303030276,-0.016989820926650134,0
2009,1199,1458,-7,-1.7694497153700186,0.12239089184060725,0.03166922749049872,0
2009,1340,1462,9,-4.613911290322581,-0.07157258064516125,-0.058287984409327476,0
2009,1163,1401,-8,7.97983870967742,0.15221774193548387,0.0702727351409635,1
2009,1181,1400,-5,5.532976827094474,0.1568627450980392,0.013261937195894191,1
2009,1211,1443,-8,12.07204301075269,0.09139784946236562,0.09415891827240563,1
2009,1268,1272,8,-14.176470588235293,-0.30570409982174684,-0.09665465204016693,0
2009,1261,1314,7,-7.09188660801564,-0.08308895405669603,-0.008313030690324685,0
2009,1276,1328,8,-7.84375,-0.25,-0.08252284940164695,0
2009,1345,1449,1,0.9019607843137241,-0.022281639928698693,0.04136205341552862,1
2009,1417,1437,3,3.1818181818181817,-0.030303030303030276,0.021543095010083724,0
2009,1112,1156,-1,-1.375,-0.09375,0.014089400239822303,1
2009,1173,1242,8,-5.3125,0.006628787878787845,-0.0697333033873817,0
2009,1257,1373,-8,4.696969696969697,0.06060606060606066,0.05401471963167215,1
2009,1277,1425,-8,4.121212121212121,0.17613636363636365,-0.019780569166852946,1
2009,1266,1281,3,-5.253119429590017,-0.09625668449197855,-0.057963490891517755,0
2009,1329,1338,7,-6.639296187683285,-0.20430107526881724,-0.027287759990480775,0
2009,1113,1393,3,1.42602495543672,-0.008021390374331583,0.021283014278070056,0
2009,1458,1462,8,-4.581653225806452,-0.16834677419354838,-0.07340722639747682,0
2009,1163,1345,-4,3.119544592030362,0.135673624288425,0.018535579820379233,1
2009,1272,1281,-1,2.5294117647058822,0.08823529411764708,0.023207697002436467,0
2009,1338,1462,-3,3.579637096774194,0.08971774193548387,-0.02430772682634519,1
2009,1181,1437,-1,2.8663101604278083,0.035650623885918,-0.005112127867604788,0
2009,1112,1257,11,-8.583333333333334,-0.2547348484848485,-0.05514856955581143,0
2009,1242,1277,1,2.3125,-0.03125,0.06519455283834569,0
2009,1211,1314,3,0.7172043010752702,-0.037634408602150504,0.06819267723599476,0
2009,1328,1393,-1,3.3161764705882355,0.10845588235294112,0.01616900430974194,1
2009,1163,1281,-2,-1.2922201138519913,0.04743833017077803,0.02006731250128757,1
2009,1338,1437,-2,4.002932551319649,0.08308895405669603,0.02389591028479504,0
2009,1257,1277,-1,3.333333333333334,0.03598484848484851,0.05383673176986076,0
2009,1314,1328,-1,5.141129032258064,0.027217741935483875,-0.03807648841155231,1
2009,1163,1277,-1,4.35483870967742,0.058467741935483875,0.060694129265729146,0
2009,1314,1437,-2,6.970674486803519,0.08308895405669603,0.0138325018249702,1
2009,1277,1314,1,-7.516129032258064,-0.058467741935483875,-0.029169752189951492,0
2010,1115,1457,0,-0.9145833333333333,-0.03541666666666665,0.031429498917665055,1
2010,1124,1358,-11,2.5898617511520747,0.024193548387096753,0.05929492279957177,1
2010,1139,1431,-7,-1.53125,0.0625,-0.031179818488361766,1
2010,1140,1196,-3,10.757575757575756,0.21212121212121215,0.07536972351897908,1
2010,1242,1250,-15,12.876838235294116,0.2536764705882353,0.08753642123346805,1
2010,1243,1317,-13,6.683333333333334,0.04791666666666672,0.0035403474660213874,1
2010,1190,1246,15,-11.334224598930481,-0.3654188948306595,-0.09657204109736806,0
2010,1293,1435,9,7.417338709677419,0.13306451612903225,0.05815845322661567,1
2010,1285,1307,11,-2.2998955067920592,-0.18913270637408564,0.05223205535516773,0
2010,1320,1424,1,0.25,0.125,-0.032019916658345804,1
2010,1207,1325,-11,3.23885918003565,0.10873440285204994,0.060377343353253676,0
2010,1323,1330,-5,-3.235294117647059,-0.08823529411764697,0.01120032092791945,0
2010,1350,1388,-3,-5.474509803921569,-0.06862745098039225,-0.027915957083769538,0
2010,1361,1397,5,-1.2453567937438912,-0.01564027370478982,-0.0014013579630424156,0
2010,1352,1437,13,-6.8538899430740035,-0.0977229601518026,-0.03747667616246725,0
2010,1400,1448,-1,7.0282131661442,0.07210031347962387,0.02104056502438878,0
2010,1266,1449,-5,-1.09090909090909,-0.06060606060606066,0.00026269569357662004,0
2010,1143,1257,-1,2.825757575757576,0.07196969696969702,0.01724932552729802,1
2010,1165,1396,7,1.8265720081135903,0.009127789046653123,0.022732900850913118,1
2010,1115,1181,15,-16.545955882352942,-0.3216911764705882,-0.07094381898461449,0
2010,1210,1329,3,0.20549242424242387,-0.051136363636363646,0.028348607157301753,1
2010,1199,1211,1,-1.32258064516129,-0.09677419354838701,-0.0037067798253030415,0
2010,1222,1268,9,-7.506060606060606,-0.18787878787878787,-0.10786599040581213,0
2010,1277,1308,-7,8.4375,0.09375,0.028594049114033238,1
2010,1155,1281,-3,-2.298387096774194,-0.01008064516129037,0.0020207735757074574,0
2010,1326,1364,-13,11.422268907563025,0.11554621848739488,0.05652152602679128,1
2010,1324,1338,11,-3.21875,0.0,-0.05714690439417286,0
2010,1345,1373,-9,0.005681818181818343,0.025568181818181768,0.0203492843542038,1
2010,1393,1436,-15,8.329044117647058,0.13970588235294112,0.07073627291285106,1
2010,1401,1429,-7,-6.910068426197459,-0.0782013685239491,-0.06907191655342126,1
2010,1288,1452,13,-2.6818181818181817,-0.06818181818181823,-0.0033674941403453174,0
2010,1458,1459,-9,4.1388074291300105,-0.01564027370478982,0.031132869946526254,1
2010,1278,1462,5,-2.086397058823529,-0.13235294117647056,0.0009610490871116983,0
2010,1124,1330,-8,-0.2210626185958251,0.009487666034155628,0.06394888828578393,1
2010,1139,1293,-8,-5.0,0.0,-0.05950921972482853,1
2010,1140,1243,5,6.689393939393938,0.06723484848484851,0.05066939932499026,0
2010,1246,1448,-8,9.453346855983773,0.28600405679513186,0.050808670561237224,1
2010,1242,1320,-8,8.939338235294116,0.06617647058823528,0.08604134625235554,0
2010,1388,1437,8,2.8559139784946233,0.05913978494623662,0.04151719594778858,1
2010,1325,1397,8,-3.8146167557932262,-0.1693404634581105,-0.024068459879469373,0
2010,1307,1449,-8,-0.2727272727272716,0.1515151515151515,-0.015659662585620904,0
2010,1165,1458,8,-0.6696329254727473,0.12013348164627358,0.03180074812923506,1
2010,1143,1181,7,-6.688948306595366,-0.15597147950089119,-0.013749590762484665,0
2010,1268,1277,-1,2.2958333333333325,-0.01666666666666672,0.026591928472736392,0
2010,1210,1326,8,-6.605169340463458,-0.15775401069518713,-0.020537441633367404,0
2010,1345,1401,-1,3.703629032258065,0.13407258064516125,0.011196312748064985,1
2010,1211,1393,7,-4.94858870967742,-0.06854838709677424,-0.032031586975903636,0
2010,1281,1452,8,2.5681818181818183,-0.13068181818181823,0.03016550269542162,0
2010,1338,1462,-3,-4.25,0.0,-0.017827965513700583,0
2010,1139,1393,4,-4.53125,0.0,-0.055378368488739727,1
2010,1243,1462,-4,-0.71875,0.03125,-0.03131764964153033,1
2010,1165,1246,11,-3.349898580121703,-0.07910750507099396,-0.007511449955425631,0
2010,1449,1452,9,0.6666666666666661,-0.09090909090909094,0.014828565924828285,0
2010,1124,1388,-7,-2.3720430107526873,-0.05913978494623662,0.000717069467317033,1
2010,1181,1345,-3,6.077205882352942,0.009191176470588203,0.024623072506411714,1
2010,1277,1320,-4,-0.09375,-0.125,0.015308204457565089,1
2010,1326,1397,-4,4.332442067736185,0.036541889483065915,0.03731228422557803,0
2010,1139,1243,3,-0.1875,0.09375,0.019316543197206937,1
2010,1246,1452,-1,4.788770053475936,0.12299465240641705,0.07819684466517945,0
2010,1124,1181,2,-6.103415559772296,-0.07874762808349145,0.035552855744972856,0
2010,1277,1397,-1,0.24053030303030276,-0.007575757575757569,-0.0028874466271023302,1
2010,1139,1277,0,1.125,0.125,0.0066564619103196,1
2010,1181,1452,-1,7.08288770053476,0.03475935828876997,0.047307569976750063,1
2010,1139,1181,4,-6.202205882352942,0.022058823529411797,-0.007636754369214627,0
2011,1155,1412,0,0.7458333333333336,-0.07708333333333328,-0.0012727268178456264,1
2011,1114,1421,0,-4.2727272727272725,-0.03657262277951934,-0.041116064745517766,0
2011,1106,1427,0,-2.6336206896551726,-0.08297413793103448,-0.02897014362248057,0
2011,1425,1433,0,-0.027629233511586193,-0.10071301247771836,0.03300144647051145,0
2011,1139,1330,-1,-0.061583577712610804,-0.10850439882697949,0.008224380176851787,1
2011,1140,1459,-11,7.454545454545454,0.24242424242424243,0.019721692409924774,1
2011,1153,1281,-5,0.7575757575757578,0.07007575757575757,0.00823799904148692,1
2011,1137,1163,11,0.30476190476190457,0.014718614718614687,0.03429506121606324,0
2011,1196,1364,-13,6.381400208986415,0.23615464994775337,-0.010009916214799963,1
2011,1211,1385,5,7.03125,0.0625,0.07019213926195533,1
2011,1243,1429,-7,-6.700604838709677,-0.22883064516129037,-0.06227473278514223,1
2011,1246,1343,-9,7.00909090909091,-0.042424242424242475,0.030650010925399596,1
2011,1257,1287,-9,3.896584440227703,0.02561669829222013,0.06013286095263104,0
2011,1338,1421,-15,10.09375,0.2920258620689655,0.06183782354722117,1
2011,1350,1435,7,0.6007130124777174,0.09714795008912647,0.019059435376572953,1
2011,1294,1361,13,-7.745689655172414,-0.2823275862068966,-0.056576728257117015,0
2011,1336,1396,3,-8.175189393939394,-0.2054924242424242,-0.048683481388259564,0
2011,1277,1417,3,-2.03125,-0.125,-0.03654210474364644,0
2011,1155,1452,7,1.860887096774194,0.011088709677419373,0.022414445780437997,0
2011,1125,1458,9,8.540796963946867,0.1404174573055028,0.05073137885522527,0
2011,1112,1272,-7,5.117647058823529,0.05882352941176461,0.02327753922391529,1
2011,1181,1214,-15,11.761859582542694,0.1404174573055028,0.06058721504343817,1
2011,1199,1401,3,-0.06451612903225801,-0.06451612903225812,0.03801329882959609,1
2011,1206,1437,-1,4.65625,0.15625,0.04390907229052138,1
2011,1228,1424,1,-3.21875,-0.15625,0.017504174472621203,1
2011,1131,1242,15,-15.176470588235295,-0.32352941176470584,-0.11178005725646611,0
2011,1266,1462,5,-1.0351043643263758,-0.18595825426944967,-0.03858665267066336,1
2011,1276,1397,-1,-0.4583333333333335,0.0179924242424242,0.026488260459514246,1
2011,1254,1314,13,-0.19034090909090828,0.055871212121212155,0.011517711111677431,0
2011,1103,1323,13,-6.727941176470589,-0.1654411764705882,-0.04126816869319816,0
2011,1326,1427,-15,17.50608519269777,0.3894523326572008,0.06991131538132739,1
2011,1345,1389,-11,9.733901515151516,0.17518939393939392,0.013471896199343969,1
2011,1232,1393,11,-9.210227272727273,-0.19412878787878785,-0.04027417962129565,0
2011,1324,1400,9,-4.983957219251337,-0.06684491978609619,-0.015600262451518798,0
2011,1207,1433,-5,0.8472485768500952,0.000948766603415474,0.07328711478063332,0
2011,1208,1449,3,-8.589962121212121,-0.04071969696969702,-0.0317516934344258,0
2011,1139,1338,7,-5.609879032258065,-0.13407258064516125,-0.055086419747847115,1
2011,1140,1211,-8,2.736742424242424,0.16003787878787878,-0.007555888249559939,1
2011,1153,1163,3,2.7290043290043293,0.014718614718614687,0.006912679628748419,0
2011,1196,1417,-5,4.297348484848484,0.10037878787878785,-0.00408676376878625,1
2011,1246,1452,-1,7.12414467253177,0.11241446725317694,0.055345315129877004,1
2011,1287,1350,1,-2.3377609108159385,-0.08444022770398474,-0.069488679107858,0
2011,1361,1396,-5,3.34375,0.15625,0.027656134082135964,1
2011,1243,1458,1,-3.290322580645161,-0.06451612903225812,-0.0106768411735631,0
2011,1112,1400,1,-4.470588235294118,0.0,-0.022634100555553316,1
2011,1181,1276,-7,13.919117647058822,0.28860294117647056,0.06811807052096175,1
2011,1199,1323,8,-3.310483870967742,-0.13508064516129037,-0.005638657642552947,1
2011,1228,1242,8,-11.084558823529413,-0.3474264705882353,-0.05587360668974395,0
2011,1266,1393,8,-3.243315508021391,-0.19964349376114077,-0.05576595502432302,1
2011,1314,1449,-5,-4.212121212121213,0.09090909090909083,-0.04794687402462433,1
2011,1206,1326,7,-5.452205882352942,-0.12867647058823528,0.0017441297541446743,0
2011,1345,1433,-8,7.130514705882353,0.10477941176470584,0.04587596806726896,0
2011,1112,1181,4,-7.735294117647058,-0.08823529411764708,-0.037851137885728914,1
2011,1139,1458,4,-2.387096774193549,-0.032258064516129004,-0.01589269565544571,1
2011,1163,1361,1,-5.0964285714285715,-0.19464285714285712,-0.041147358562823255,1
2011,1140,1196,1,4.9393939393939394,0.09090909090909094,0.0114053764123902,0
2011,1242,1350,-11,7.9705882352941195,0.1470588235294118,0.04033358918669655,1
2011,1246,1326,3,-4.688948306595366,-0.1836007130124777,0.007503655801559372,1
2011,1266,1314,9,-1.879679144385026,-0.19964349376114077,-0.01652825946039782,0
2011,1199,1433,-1,2.9762808349146113,0.000948766603415474,0.06435095058797713,0
2011,1139,1196,6,-1.0009775171065494,-0.0782013685239491,-0.019640708282010144,1
2011,1112,1163,2,2.030252100840336,0.0512605042016806,0.03156259152508095,0
2011,1246,1314,2,3.666666666666668,-0.030303030303030276,0.052777297360821596,1
2011,1242,1433,-10,13.058823529411766,0.2647058823529411,0.12525614206595365,0
2011,1139,1433,-3,3.3956356736242883,0.03320683111954459,0.01685102735913213,1
2011,1163,1246,-1,-5.547186147186148,-0.014718614718614687,-0.05513670733767012,1
2011,1139,1163,5,0.4552995391705066,-0.03317972350230414,-0.0066142315313253985,0
2012,1140,1233,0,0.08669354838709609,-0.03931451612903225,-0.008980170283162281,1
2012,1290,1443,0,2.5757575757575757,0.18181818181818182,-0.010329719041742236,0
2012,1143,1378,0,8.378787878787879,0.1335227272727273,0.022113295063236227,0
2012,1249,1436,0,0.014705882352941124,-0.020220588235294157,-0.0378535491097412,0
2012,1124,1355,-11,-0.75,0.006628787878787845,0.014899737114571265,1
2012,1160,1424,5,-6.875,-0.09375,-0.04761009910843855,1
2012,1211,1452,-3,5.305443548387096,0.21270161290322576,0.07454683904614595,1
2012,1231,1308,-9,2.424242424242424,0.030303030303030276,0.04110258722607624,1
2012,1163,1235,1,-1.7414772727272725,-0.08143939393939392,0.012009241940876603,0
2012,1243,1379,-1,3.193548387096774,-0.06451612903225812,0.07738235379724967,1
2012,1246,1443,-15,20.615864527629235,0.48663101604278075,0.14362290048585158,1
2012,1172,1257,9,1.7944700460829486,0.03133640552995387,-0.008392208242862798,0
2012,1140,1266,11,1.055443548387096,-0.03931451612903225,-0.0023986833752465686,0
2012,1161,1293,5,-9.179723502304148,-0.3191244239631337,-0.0567767242279551,0
2012,1253,1307,7,-3.744959677419354,-0.07056451612903225,-0.03707009838986869,0
2012,1259,1326,13,-11.924632352941176,-0.044117647058823484,-0.06517703283310061,0
2012,1393,1421,-15,7.9818181818181815,0.2393939393939395,0.06682807689079273,1
2012,1433,1455,7,-5.543643263757117,-0.015180265654649028,-0.09064409429346859,1
2012,1217,1435,7,2.093306288032455,0.1561866125760648,0.0031934020549942432,0
2012,1285,1458,9,-1.9655172413793096,0.0658307210031348,0.0012120644498828104,0
2012,1153,1400,-5,1.0811051693404634,0.09982174688057044,0.0002379333781889481,1
2012,1104,1166,1,-3.6723484848484844,-0.1922348484848485,-0.034585849194700036,0
2012,1196,1438,-3,0.8553274682306942,-0.012707722385141729,-0.008781827390888786,1
2012,1199,1382,-11,1.746823069403714,0.08211143695014667,0.0372029074583633,1
2012,1125,1207,11,4.545454545454545,0.054545454545454564,-0.0017374749997660643,0
2012,1178,1242,13,-10.151515151515152,-0.21212121212121215,-0.1246916867879918,0
2012,1181,1250,-13,-1.1581439393939394,0.03693181818181823,0.02052611156796985,0
2012,1254,1277,15,-8.483957219251337,-0.036541889483065915,-0.05573955103823269,0
2012,1301,1361,5,-0.5180265654648961,-0.12713472485768496,-0.0015837904194787589,1
2012,1281,1313,-13,11.746323529411764,0.13235294117647056,0.03751011488781619,0
2012,1314,1436,-15,8.382352941176471,0.17647058823529405,0.012949983688773647,1
2012,1276,1325,-9,-3.045454545454546,-0.06912878787878785,0.03042151141738836,0
2012,1345,1388,3,-4.751515151515152,-0.19696969696969702,-0.045347091705299825,1
2012,1378,1396,7,-4.629032258064516,-0.18044354838709675,-0.01061853874895069,1
2012,1272,1387,-1,0.43738140417457316,-0.009487666034155628,0.03920352411974187,0
2012,1323,1462,-3,1.6363636363636362,0.030303030303030276,-0.007567789069144237,0
2012,1124,1160,-8,6.28125,0.13162878787878785,0.030068050724686046,1
2012,1231,1433,-8,3.1096256684491976,-0.06595365418894827,0.06625928575405532,1
2012,1235,1246,7,-11.207720588235293,-0.2536764705882353,-0.07117940035840747,0
2012,1257,1307,-1,-5.2491071428571425,-0.06964285714285712,-0.04091923473853731,1
2012,1266,1293,-3,-2.1383928571428577,-0.1830357142857143,-0.03616974961252961,1
2012,1211,1326,5,-4.93168880455408,0.012333965844402273,0.005227983073796072,0
2012,1243,1393,7,-6.472140762463343,-0.2619745845552298,-0.04412806332415903,0
2012,1435,1458,1,-3.0588235294117645,-0.021390374331550777,-0.005176790729440051,0
2012,1153,1199,3,-0.10071301247771824,-0.021390374331550777,-0.0585106621684261,1
2012,1196,1313,-8,7.429924242424242,-0.05303030303030298,0.014500663278012915,1
2012,1242,1345,-8,6.90909090909091,0.18181818181818188,0.09447144490273623,1
2012,1277,1387,-8,1.3197343453510442,0.01992409867172673,0.02530782500352391,1
2012,1207,1301,-8,3.980392156862746,0.08627450980392148,0.045710640370463906,0
2012,1166,1314,7,-4.632798573975045,-0.004456327985739694,0.04140419282916369,0
2012,1325,1378,1,6.045454545454546,0.19412878787878785,-0.020789517255336787,1
2012,1250,1462,5,6.885416666666666,0.14488636363636365,-0.005842094928175723,0
2012,1196,1266,4,0.5236742424242422,-0.08428030303030298,0.007276717133672839,1
2012,1257,1277,3,-5.372268907563025,-0.0512605042016806,-0.04984029693033942,1
2012,1153,1326,4,-8.382352941176471,-0.08823529411764697,-0.04340242590738491,0
2012,1393,1458,-3,3.1818181818181817,0.21212121212121215,0.0012587546012362005,1
2012,1124,1462,-7,5.666666666666666,0.1515151515151515,0.009230278007377135,1
2012,1242,1301,-9,7.737967914438504,0.17112299465240643,0.06567300747473093,1
2012,1231,1246,3,-5.949197860962567,-0.1836007130124777,-0.04708924831369271,0
2012,1314,1325,-12,7.572192513368983,0.06506238859180036,0.03083810813994403,1
2012,1196,1257,3,2.5852813852813847,-0.045887445887445866,0.01009730110979129,0
2012,1326,1393,1,1.524064171122994,-0.14527629233511596,-0.017625312236442314,1
2012,1242,1314,1,-2.0267379679144373,-0.03475935828876997,0.05213053272638429,1
2012,1124,1246,2,-8.676470588235293,-0.15329768270944744,-0.06415552537378277,0
2012,1242,1326,0,-2.614973262032084,0.02406417112299475,0.038935881063800526,1
2012,1246,1257,-3,10.019327731092435,0.1983193277310924,0.07008214736200935,1
2012,1242,1246,1,-4.585561497326202,-0.12299465240641705,-0.01657381025682636,0
2013,1251,1299,0,-3.6121323529411766,-0.15441176470588236,0.002572715700644934,0
2013,1292,1388,0,1.892045454545455,0.03598484848484851,0.0013586342182565492,0
2013,1241,1254,0,-2.237076648841355,-0.017825311942959,-0.03703378157419712,1
2013,1129,1247,0,-1.845977011494253,-0.04482758620689653,-0.012581593647294165,0
2013,1112,1125,-5,-2.6729166666666675,-0.018750000000000044,-0.045207134743465105,1
2013,1137,1139,5,4.653409090909091,0.08617424242424243,0.03146123995723671,0
2013,1143,1424,7,-4.353861192570871,-0.08211143695014667,-0.016737816869285826,1
2013,1161,1281,-1,-1.3509286412512225,0.04496578690127073,-0.047836202567442754,1
2013,1211,1380,-15,9.140086206896552,0.24784482758620685,0.038131176650067045,1
2013,1217,1307,11,-2.325708061002179,-0.18627450980392157,0.029489467143708092,1
2013,1257,1299,-15,15.382352941176471,0.32352941176470584,0.048306428098803145,1
2013,1172,1266,11,4.835685483870968,0.03931451612903225,0.03216437614772655,0
2013,1272,1388,-5,-0.8566176470588243,0.06985294117647056,0.005591640042501345,1
2013,1276,1355,-9,5.147177419354839,0.07157258064516125,0.039692700267304426,1
2013,1277,1434,-11,-0.75,-0.03125,-0.04323899272480636,1
2013,1329,1332,-7,1.413602941176471,-0.014705882352941124,0.016672003486710274,0
2013,1308,1387,9,-5.424242424242425,-0.12121212121212122,-0.003737967070145065,0
2013,1285,1393,9,-6.429556650246306,0.05024630541871922,0.0005624193013182288,0
2013,1103,1433,7,-2.8519924098671723,0.04174573055028463,0.060501019320090166,0
2013,1338,1455,-1,5.420955882352942,-0.014705882352941124,0.03210659809665917,0
2013,1153,1166,3,-4.415329768270945,-0.12745098039215685,-0.10079597902611859,0
2013,1107,1181,13,-8.757352941176471,-0.13786764705882348,-0.06887721349387005,0
2013,1195,1207,13,-3.807459677419354,-0.11895161290322576,-0.04359153918182168,1
2013,1196,1322,-11,12.420875420875419,0.08417508417508412,0.11382479262760187,1
2013,1160,1228,3,1.162878787878788,0.019886363636363646,0.034265026968435364,0
2013,1231,1241,-15,16.72192513368984,0.22994652406417115,0.12554189684830608,1
2013,1235,1323,3,1.188948306595365,-0.06862745098039225,0.0002721472064466379,1
2013,1242,1443,-15,13.205882352941178,0.2941176470588235,0.10708054130587719,1
2013,1243,1247,-9,0.8060606060606057,0.08787878787878789,-0.004750155980817294,0
2013,1274,1334,-13,7.398674242424242,0.19318181818181823,0.05585002588755983,1
2013,1278,1417,5,0.9558823529411766,-0.11029411764705888,0.012325604479188512,1
2013,1279,1458,7,1.0,0.08823529411764697,-0.03416831780789653,1
2013,1314,1437,-1,4.5606060606060606,0.10321969696969702,0.011343072299481227,1
2013,1233,1326,13,-6.424242424242424,-0.18181818181818177,-0.04679590279352691,0
2013,1328,1361,3,-2.1645161290322577,-0.021505376344086002,-0.038019156735645876,0
2013,1301,1396,-1,2.8143382352941178,-0.012867647058823484,0.069819414204144,0
2013,1112,1217,-8,4.890046296296297,0.11458333333333337,-0.012232678645557715,1
2013,1161,1257,7,-6.878557874762809,-0.11100569259962045,-0.048688376094102426,0
2013,1139,1266,3,-1.3489736070381229,0.01564027370478982,-0.0038971525387072603,0
2013,1276,1433,-1,-1.0919117647058822,0.016544117647058876,0.0522368754625801,1
2013,1272,1277,3,2.5808823529411757,0.13235294117647056,0.018391503270678067,0
2013,1332,1387,8,-2.458110516934047,-0.05347593582887711,-0.022519972535907595,1
2013,1143,1393,8,-8.095852534562212,-0.09769585253456226,-0.019438339124842774,0
2013,1211,1455,-8,8.577205882352942,0.17279411764705888,0.07003767515857368,0
2013,1166,1181,5,-0.5808823529411757,-0.049632352941176516,0.04467857530780611,0
2013,1195,1361,8,-2.0687499999999996,0.02083333333333337,-0.000470760302223594,1
2013,1196,1278,-8,11.189393939393938,0.16287878787878785,0.09440766308059811,1
2013,1231,1396,-8,12.889204545454547,0.09943181818181823,0.10746908364249624,1
2013,1242,1314,-7,6.851158645276293,0.15597147950089119,0.1034408150574399,1
2013,1247,1279,1,-4.150980392156862,-0.06470588235294117,-0.004948385961935919,1
2013,1228,1274,5,-6.03030303030303,-0.18181818181818188,-0.07620398885149882,0
2013,1235,1326,8,-2.9393939393939394,-0.12121212121212122,0.0018925983074511432,0
2013,1266,1274,1,-2.98435972629521,-0.07624633431085048,-0.02156919912576427,1
2013,1112,1326,4,-1.7698863636363633,-0.006628787878787845,-0.00806136688835457,0
2013,1231,1393,-3,6.288311688311689,0.07532467532467535,0.056402217447630076,0
2013,1247,1455,4,-2.268627450980391,-0.06470588235294117,-0.02058558472209293,0
2013,1181,1277,-1,4.75,0.09375,0.029202996106491408,1
2013,1195,1196,12,-12.908143939393938,-0.10037878787878785,-0.08799833867170237,0
2013,1257,1332,-11,7.470588235294118,0.08823529411764708,0.026964908573549218,1
2013,1242,1276,-3,2.4742647058823533,0.0716911764705882,0.05357895529485063,0
2013,1266,1393,-1,-4.999078341013826,-0.0009216589861751334,-0.01080675969805095,0
2013,1326,1455,-7,2.6283422459893053,0.02317290552584672,0.013745901508083469,0
2013,1181,1257,1,-2.7132352941176467,-0.009191176470588203,0.03193421504377664,0
2013,1196,1276,-1,6.501893939393938,0.006628787878787845,0.06541410839832751,0
2013,1257,1455,-8,6.852941176470589,0.08823529411764708,0.01223854262030366,1
2013,1276,1393,0,0.180357142857142,0.03839285714285712,0.009318278841100036,1
2013,1257,1276,-3,4.150735294117647,0.0716911764705882,-0.010145835283139615,1
2014,1107,1291,0,3.90625,0.0625,0.02163645558233246,1
2014,1301,1462,0,-2.949197860962567,-0.018716577540106916,-0.004350339489540556,1
2014,1142,1411,0,-4.827083333333333,-0.19583333333333336,-0.0459210306467665,1
2014,1234,1397,0,2.78125,0.0,0.005681399953491095,0
2014,1163,1386,-3,4.401960784313725,0.03743315508021383,0.012237976834980957,1
2014,1173,1326,5,-4.2718360071301245,-0.03832442067736186,-0.019324783875934726,1
2014,1107,1196,15,-10.606617647058824,-0.3786764705882353,-0.07070709622842392,0
2014,1153,1217,-7,-1.7439916405433635,-0.04388714733542309,-0.029237331045985526,0
2014,1257,1264,-9,13.772058823529413,0.0716911764705882,0.04854041479810067,1
2014,1276,1459,-13,6.754440961337513,0.17136886102403348,0.05932407755334551,1
2014,1174,1277,9,-6.235294117647058,-0.02941176470588225,-0.06820563233443522,0
2014,1295,1328,7,1.0044642857142856,0.0669642857142857,0.023746747309863536,1
2014,1140,1332,3,-1.177083333333333,-0.05208333333333337,-0.02186743722179474,0
2014,1160,1338,-1,-7.205882352941176,-0.05882352941176472,-0.04892641243088924,0
2014,1308,1361,9,-1.3690702087286528,-0.135673624288425,0.06780003502289883,0
2014,1301,1387,7,-6.934535104364326,-0.18880455407969632,-0.032543211425891116,0
2014,1393,1444,-11,4.591733870967742,0.13407258064516125,-0.05148309457148348,1
2014,1113,1400,3,2.065340909090909,-0.04071969696969702,0.04892184764056989,0
2014,1437,1454,-13,12.452651515151516,0.2689393939393939,0.06967111914825752,1
2014,1110,1458,13,-3.657196969696969,-0.16287878787878785,0.04777656512929984,0
2014,1112,1451,-15,11.161764705882353,0.27521008403361347,0.019561125357005826,1
2014,1124,1304,-5,3.2649071358748776,0.053763440860215006,0.021804800351812537,1
2014,1166,1418,-11,8.50830889540567,0.14271749755620722,0.09441193282125493,1
2014,1211,1329,-1,0.030303030303031164,0.18181818181818188,0.04208018494028881,1
2014,1235,1300,-11,-3.9980449657869013,-0.050830889540567026,-0.0012805230425958491,1
2014,1184,1242,13,-3.699902248289346,-0.017595307917888547,-0.05917828944996689,0
2014,1243,1246,1,-5.264705882352942,-0.08088235294117652,-0.011188442445448588,0
2014,1203,1272,1,-0.14616935483870996,0.040322580645161255,0.006628483629937343,0
2014,1181,1273,-11,1.8168880455407965,0.022770398481973375,-0.023843845283137655,0
2014,1314,1344,-5,3.573529411764706,0.04227941176470584,0.04178684170330782,1
2014,1372,1433,7,2.688804554079697,0.17077798861480076,0.019645750649348648,1
2014,1307,1390,-3,3.3939393939393945,0.18181818181818188,0.02899453864931012,0
2014,1269,1397,-5,-3.78125,0.125,0.008259080260248075,0
2014,1409,1417,9,-5.331550802139037,-0.12834224598930477,-0.012592222555807497,0
2014,1157,1438,15,-9.147058823529411,-0.22352941176470587,-0.06043292216005408,0
2014,1142,1455,15,-17.793939393939393,-0.6333333333333333,-0.10060022715450229,0
2014,1163,1437,5,-3.202205882352942,-0.11029411764705888,0.00024001254242234094,1
2014,1173,1393,8,-2.898674242424242,-0.14678030303030298,0.03210045136169337,1
2014,1196,1338,-8,2.6764705882352953,0.2058823529411764,0.03451580339871818,1
2014,1257,1387,-1,12.888994307400381,0.046489563567362446,0.04453910833030744,1
2014,1276,1400,-5,4.93939393939394,0.06060606060606055,0.04411188028747254,1
2014,1217,1277,8,1.520283975659229,0.0973630831643002,-0.020702921089772897,0
2014,1295,1361,8,-3.2304147465437785,-0.08525345622119818,0.025571111202923602,0
2014,1332,1458,5,-1.1259469696969688,-0.06912878787878785,-0.014068233180762668,0
2014,1112,1211,-7,3.63903743315508,0.06417112299465233,-0.016367802470191373,1
2014,1124,1166,3,-6.7272727272727275,-0.12121212121212122,-0.08434158972927425,1
2014,1235,1314,-3,1.7196969696969688,0.06912878787878785,0.033902553487717535,1
2014,1246,1455,7,-5.7959001782531185,-0.2941176470588235,-0.025193570125232156,1
2014,1242,1390,-8,4.272727272727273,0.09090909090909094,0.038476482312607585,0
2014,1273,1397,3,0.616935483870968,0.11693548387096775,0.03975537762885539,0
2014,1372,1417,8,1.7476280834914615,0.17077798861480076,-0.020204800533125677,0
2014,1272,1438,7,-3.9696394686907013,-0.1138519924098671,-0.02822737665589986,0
2014,1112,1361,-3,4.395635673624289,0.011385199240986688,0.06978359762305708,1
2014,1173,1390,1,0.8787878787878789,0.06060606060606066,-0.0038581639290009573,1
2014,1196,1417,-3,1.7352941176470598,0.17647058823529416,0.0328263197635823,1
2014,1124,1458,4,-3.5757575757575752,-0.12121212121212122,-0.02762900224601894,0
2014,1163,1235,4,-0.23440285204991085,-0.02317290552584672,0.007478129603875117,1
2014,1246,1257,4,-11.882352941176471,-0.1470588235294117,-0.054189538441269225,1
2014,1276,1397,-9,-0.09469696969696884,0.13257575757575757,0.024120471582806335,1
2014,1277,1438,3,-0.02941176470588225,-0.05882352941176472,0.015314705794069183,1
2014,1173,1196,10,-7.0365418894830665,-0.24420677361853826,-0.04402884031989912,0
2014,1112,1458,-1,5.942067736185384,0.09447415329768272,0.03778087199960456,0
2014,1163,1277,3,-1.882352941176471,0.0,-0.008496069446284504,1
2014,1246,1276,6,0.23440285204991085,-0.05169340463458105,-0.01127886443335041,1
2014,1163,1196,6,-4.058823529411766,-0.17647058823529416,-0.0011504944477462309,1
2014,1246,1458,6,0.2950089126559732,-0.08199643493761133,-0.008826064306870052,1
2014,1163,1246,-1,-0.529411764705884,0.05882352941176461,0.0275995413416954,1
2015,1214,1264,0,-3.2234848484848486,-0.10890151515151514,-0.023662774312610435,1
2015,1140,1279,0,3.78125,0.09375,0.020754874867568218,0
2015,1129,1173,0,1.6324535679374392,-0.01564027370478982,0.004729131492858363,0
2015,1316,1352,0,4.146627565982405,0.06940371456500483,0.036734681541201186,0
2015,1112,1411,-13,17.08823529411765,0.2647058823529411,0.08762966570191771,1
2015,1116,1459,-7,2.069852941176471,-0.047794117647058876,-0.029830724314181267,1
2015,1139,1400,-5,0.8295454545454541,0.08143939393939392,-0.048985062015700354,1
2015,1153,1345,-1,1.6089015151515156,0.051136363636363646,0.00676702492002379,1
2015,1186,1207,9,-0.967741935483871,0.06451612903225812,-0.010021860265590987,0
2015,1124,1209,-11,0.625,0.0,-0.02855671297729112,0
2015,1214,1246,15,-21.789661319073083,-0.5151515151515151,-0.12770877578075474,0
2015,1261,1301,1,0.9990530303030303,0.08143939393939392,0.01812340359379866,0
2015,1217,1314,9,-4.551322751322751,0.05502645502645498,-0.04910179392564862,0
2015,1318,1323,11,-9.588235294117647,-0.17647058823529405,-0.054978650234870696,0
2015,1326,1433,3,6.452813852813852,-0.045887445887445866,0.08467458908890324,1
2015,1235,1412,-11,8.272727272727273,0.21212121212121215,0.06291306184846696,0
2015,1374,1417,-5,5.71780303030303,0.20643939393939392,0.062432038807262336,0
2015,1372,1428,7,-1.0172043010752692,0.12473118279569895,-0.055715637410254315,0
2015,1248,1437,15,-14.317836812144213,-0.32827324478178366,-0.06446126239246291,0
2015,1279,1462,5,-0.7867647058823533,0.007352941176470562,-0.015385263197312482,0
2015,1173,1344,5,2.5757575757575752,0.09090909090909094,0.05121858843615368,1
2015,1181,1352,-15,13.757575757575758,0.303030303030303,0.07476939706857488,1
2015,1211,1295,-13,14.82121212121212,0.2393939393939395,0.13361637023217565,1
2015,1172,1234,3,2.5687499999999996,0.11041666666666672,0.042199047145216384,0
2015,1242,1308,-13,-1.6963946869070217,0.0872865275142315,-0.0025534264487518943,1
2015,1257,1414,-9,6.33266129032258,0.13709677419354838,-0.01617222340939045,1
2015,1268,1434,-9,-2.424242424242424,-0.015151515151515138,-0.010911167793840104,1
2015,1208,1277,3,-4.314338235294118,-0.020220588235294157,-0.03429569496103807,0
2015,1320,1461,-7,6.5606060606060606,0.19034090909090906,0.05730834319377559,1
2015,1107,1328,11,-3.90625,0.0625,-0.051586427364284704,0
2015,1329,1332,1,-0.396969696969697,-0.16060606060606064,-0.001718021023733196,0
2015,1361,1385,-1,4.95210166177908,0.11241446725317694,0.007185986717410275,1
2015,1125,1438,13,-10.980846774193548,-0.22883064516129037,-0.04345561343333959,0
2015,1138,1452,7,-0.375,0.0,0.062681646705943,0
2015,1231,1455,3,-6.745845552297165,-0.2649071358748778,-0.014545836412618862,0
2015,1157,1458,15,-9.93711967545639,-0.22210953346855977,-0.051333344016862625,0
2015,1112,1326,-8,4.399286987522283,0.2147950089126559,0.013228736846826905,1
2015,1153,1246,7,-13.847426470588236,-0.3125,-0.06150430363992471,0
2015,1301,1437,7,-10.412655971479502,-0.3351158645276292,-0.05742571936311058,1
2015,1116,1314,1,-1.6319327731092432,0.0789915966386554,-0.045134653612766196,0
2015,1139,1323,3,-4.8014705882352935,-0.1654411764705882,-0.08275921570642819,0
2015,1412,1417,3,-3.1515151515151514,-0.06060606060606066,-0.001757346334832044,0
2015,1207,1428,-1,-8.419354838709678,-0.06451612903225812,-0.08508016611641145,0
2015,1209,1462,8,2.2757352941176467,0.10110294117647056,0.03992349944556445,0
2015,1181,1361,-7,6.787878787878789,0.12121212121212122,0.055389534096272064,1
2015,1211,1234,-5,9.589962121212121,0.28314393939393945,0.12182685837126578,1
2015,1257,1320,-1,-1.3731060606060606,-0.15909090909090906,-0.06760469499256117,1
2015,1277,1438,5,-6.123161764705882,-0.22977941176470584,-0.013950430811676406,1
2015,1173,1328,8,-1.8844696969696972,0.07007575757575757,-0.0008610649075473376,0
2015,1268,1452,-1,-0.8513257575757578,0.09943181818181823,0.11564760880952296,0
2015,1242,1455,-5,-6.277039848197344,-0.10626185958254275,-0.006284065098966896,0
2015,1332,1458,7,-11.73440285204991,-0.18449197860962563,-0.035688132527295524,0
2015,1112,1462,-4,11.911764705882353,0.2941176470588235,0.06430823833637356,1
2015,1246,1452,-4,13.847426470588236,0.28125,0.18169857149035018,1
2015,1323,1455,-4,0.3700189753320675,-0.018026565464895672,0.050005415319783975,1
2015,1314,1458,3,-6.250420168067228,-0.2260504201680672,-0.01760404896866974,0
2015,1181,1428,-4,0.5464320625610952,0.13685239491691104,-0.03383251542009269,1
2015,1211,1417,-9,13.151515151515152,0.33333333333333337,0.14162083470005682,1
2015,1257,1301,-4,4.71780303030303,0.14393939393939392,0.0031378287972486096,1
2015,1277,1328,4,-0.7169117647058822,-0.011029411764705843,0.024393065352111887,1
2015,1246,1323,-2,7.764705882352942,0.1470588235294118,0.015510451099165878,1
2015,1112,1458,1,2.0588235294117645,0.0,0.013875701143999886,0
2015,1181,1211,-1,-2.09090909090909,-0.06060606060606066,-0.05349502036861581,1
2015,1257,1277,-3,1.2169117647058822,0.07352941176470584,-0.03766467225335263,0
2015,1181,1277,-6,6.559714795008913,0.20231729055258463,0.013740108555230224,1
2015,1246,1458,0,5.1764705882352935,0.08823529411764708,0.04195689991608753,0
2015,1181,1458,0,-0.7344028520499108,-0.03297682709447414,0.016262614287933852,1
2016,1192,1195,0,-4.401557285873192,-0.0033370411568409697,-0.034708234720211006,0
2016,1435,1455,0,-4.303427419354838,-0.14818548387096775,0.05298192889554948,0
2016,1221,1380,0,-6.204301075268817,-0.18866080156402737,-0.06359528972568035,1
2016,1276,1409,0,1.9198435972629522,-0.008797653958944274,0.0172916688705263,1
2016,1114,1345,7,-3.2115749525616692,0.10626185958254275,-0.021027570884455893,1
2016,1139,1403,1,6.870967741935484,0.06451612903225801,0.024999574077627984,1
2016,1160,1163,-1,-5.5735294117647065,-0.049632352941176516,-0.06311085244061276,0
2016,1181,1423,-9,3.0272727272727282,-0.0696969696969697,0.001456782433251702,1
2016,1211,1371,5,5.6893939393939394,0.02367424242424243,0.05258283694008725,1
2016,1151,1231,7,-5.6875,0.0625,-0.07077170860694837,0
2016,1233,1235,9,-0.9375,0.03125,-0.01961203726296995,0
2016,1122,1242,15,-15.06060606060606,-0.3939393939393939,-0.12758440561286316,0
2016,1246,1392,-9,1.1450980392156858,-0.03529411764705892,0.029116052788807634,1
2016,1138,1274,11,-8.145833333333334,-0.2054924242424242,-0.06121017366276188,0
2016,1195,1314,15,-9.981744421906694,-0.27180527383367137,-0.015724121436676064,0
2016,1344,1425,1,-1.8484848484848486,0.06060606060606066,-0.054083831601689725,1
2016,1201,1428,11,-4.016098484848484,-0.03882575757575757,-0.0800633434181715,0
2016,1214,1438,15,-9.796969696969697,-0.12121212121212122,-0.06649557643776499,0
2016,1112,1455,-5,-1.4975562072336253,0.01564027370478982,0.02367013248197697,0
2016,1124,1463,-7,-4.275462962962964,-0.12152777777777779,-0.05562215567762957,0
2016,1143,1218,-9,-2.709090909090909,-0.13636363636363635,0.008124120189428707,0
2016,1234,1396,-3,8.168346774193548,0.02116935483870963,0.04115910675600504,1
2016,1268,1355,-7,2.092741935483871,-0.024193548387096753,0.05280936344141601,1
2016,1277,1292,-13,12.285578747628083,0.14326375711574946,0.1012726389884171,0
2016,1320,1400,5,1.3551136363636367,0.011363636363636354,0.028609684990877515,1
2016,1276,1323,5,1.1174242424242422,-0.019886363636363646,-0.004562988395131973,0
2016,1167,1328,13,-1.4859913793103452,-0.05711206896551724,-0.034508310651484075,0
2016,1221,1332,15,-13.484848484848484,-0.393939393939394,-0.08668938185128666,0
2016,1372,1452,11,2.6974789915966397,0.05672268907563027,0.04376022524272377,1
2016,1153,1386,1,2.6360294117647056,-0.10661764705882348,0.003357451465632988,0
2016,1173,1393,-3,2.875,0.1875,0.02185930158112176,0
2016,1401,1453,-11,7.685383244206774,0.12834224598930477,0.05682350459026636,1
2016,1333,1433,-3,-8.47843137254902,-0.10588235294117654,-0.013634773835353498,0
2016,1421,1437,13,-7.813092979127136,-0.20777988614800758,-0.06763128006614144,0
2016,1338,1458,3,2.752016129032258,0.020161290322580627,0.00348511287953035,0
2016,1451,1462,13,-4.247983870967742,-0.10181451612903225,0.0417709843472604,0
2016,1181,1463,-8,-1.5690235690235692,-0.08080808080808077,-0.019535295416988452,1
2016,1211,1428,8,5.265151515151516,0.02367424242424243,0.02423223390966861,1
2016,1231,1246,1,1.9632352941176467,0.016544117647058876,0.003026363778390384,1
2016,1114,1235,8,3.060483870967742,0.21471774193548387,0.00010850526277744743,0
2016,1163,1242,8,-2.3734402852049907,-0.17290552584670227,-0.027581313393235607,0
2016,1274,1455,-8,-4.897177419354838,0.03931451612903225,0.008478685729660984,1
2016,1314,1344,-8,8.463458110516934,0.12655971479500883,0.053952540382662395,1
2016,1139,1438,8,-1.2776148582600193,-0.11045943304007821,-0.02622248440893382,0
2016,1218,1268,8,1.6750000000000007,0.08333333333333337,-0.014084502529291276,0
2016,1323,1372,-8,-10.160714285714286,-0.1651785714285714,-0.0157645894306781,1
2016,1328,1433,-8,0.056985294117646745,0.07536764705882348,0.06251910321020804,1
2016,1332,1386,-7,1.475044563279858,0.02406417112299475,-0.001167173987183967,1
2016,1292,1393,5,-0.403225806451613,0.11592741935483875,0.0034897163300458556,0
2016,1320,1401,8,-5.745989304812834,-0.12834224598930477,0.0033544143877285437,0
2016,1234,1437,5,-3.877609108159394,-0.17552182163187857,-0.03662336521792081,0
2016,1458,1462,5,-6.0,-0.21875,-0.03032338976772414,1
2016,1242,1268,-4,3.5719696969696972,0.12878787878787878,0.016614557867057567,1
2016,1328,1401,-1,-0.413602941176471,0.016544117647058876,0.03753312326969904,1
2016,1181,1332,3,0.2424242424242422,-0.12121212121212122,0.009214433822862023,0
2016,1274,1437,1,-4.452205882352942,-0.0716911764705882,-0.020385782486559922,0
2016,1231,1314,4,0.6691176470588243,-0.04227941176470584,0.04369732040995439,0
2016,1323,1458,-1,0.8125,0.03125,0.037561129318235464,1
2016,1211,1393,1,8.25,0.1875,0.07231404637617,0
2016,1235,1438,3,-3.8219696969696972,-0.13162878787878785,0.01552295175973839,0
2016,1328,1332,1,0.8172348484848477,-0.03693181818181823,0.048027193704158144,1
2016,1242,1437,-1,-0.5677361853832448,0.025846702317290582,0.026473451997132635,0
2016,1314,1323,-5,7.580882352941176,0.16727941176470584,0.003912985654678791,1
2016,1393,1438,9,-6.196969696969697,-0.19412878787878785,-0.02786431473458384,1
2016,1314,1393,-9,8.205882352941176,0.22977941176470584,0.0171894773120691,1
2016,1328,1437,0,-3.295955882352942,-0.0716911764705882,0.0011582281978212428,0
2016,1314,1437,-1,-0.5588235294117663,-0.02941176470588236,-0.033074471045259235,0
2017,1243,1448,0,0.03787878787878807,0.012310606060606077,0.016424917579976717,1
2017,1291,1309,0,-1.5861344537815125,-0.048319327731092376,0.011881135360894635,1
2017,1300,1413,0,8.933333333333334,0.10833333333333328,0.0638393367213112,0
2017,1344,1425,0,-1.8901515151515156,-0.10227272727272729,-0.006414634819728593,0
2017,1112,1315,-13,6.430672268907563,0.20378151260504196,0.0341747600718893,1
2017,1139,1457,-9,-0.19677419354838666,-0.058064516129032295,-0.03362241227265794,1
2017,1190,1196,9,-1.53125,0.03125,0.018186194694524038,0
2017,1195,1199,11,-5.115151515151515,0.00909090909090915,-0.015207938132385523,0
2017,1211,1355,-15,24.486742424242426,0.4696969696969697,0.16690043026413126,1
2017,1235,1305,-7,-0.15062388591800335,-0.12655971479500883,0.010730108529493132,1
2017,1278,1292,-7,-4.727272727272727,-0.1515151515151515,-0.03221327890984177,0
2017,1321,1435,-1,2.911764705882353,0.11764705882352944,-0.007601692237124091,1
2017,1323,1343,-7,0.008403361344537785,-0.05042016806722682,0.0039391504250843035,1
2017,1345,1436,-9,2.423295454545455,-0.06723484848484851,0.017749361003869313,1
2017,1388,1433,-3,7.235294117647058,0.11029411764705888,0.08724656444672851,1
2017,1291,1437,15,-15.147058823529413,-0.3529411764705882,-0.0845131808578008,0
2017,1423,1438,7,-1.9375,0.15625,-0.05159678664015699,0
2017,1137,1452,9,-6.852941176470587,0.0,0.04388969723649283,0
2017,1439,1458,1,-5.685661764705882,-0.047794117647058876,0.01708220172745739,0
2017,1268,1462,-5,1.7352941176470589,0.12428842504743831,0.057003622121405306,0
2017,1116,1371,-1,2.6691176470588234,0.07904411764705888,0.020835235368275973,1
2017,1124,1308,-11,-0.7860215053763451,-0.05913978494623662,0.020746295728552744,1
2017,1153,1243,-5,8.859180035650624,0.24688057040998213,0.034766471316348524,1
2017,1181,1407,-13,7.2109243697479,0.18319327731092439,0.05501860845469053,1
2017,1242,1413,-15,9.84375,0.25,0.07705851498343336,1
2017,1246,1297,-13,11.321691176470589,0.1654411764705882,0.027659857116759223,1
2017,1240,1257,13,-10.8125,-0.1875,-0.031361429146464614,0
2017,1276,1329,-3,2.031336405529955,0.0728110599078341,0.04205875344572907,1
2017,1274,1277,-1,2.3238636363636362,0.0804924242424242,-0.03611751889489928,0
2017,1314,1411,-15,10.836007130124777,0.11140819964349369,0.04467170009125826,1
2017,1233,1332,11,-9.185383244206774,-0.2014260249554367,-0.05634160245140085,0
2017,1166,1348,-5,0.45454545454545503,0.0,0.021142838167767575,0
2017,1266,1376,3,0.580645161290323,-0.06451612903225801,0.0391945523002038,0
2017,1245,1417,11,-11.942067736185384,-0.26114081996434935,-0.1262421498550666,0
2017,1374,1425,-5,9.19073083778966,0.15508021390374327,0.06838260798030343,0
2017,1173,1455,-3,-10.103030303030305,-0.11212121212121207,-0.04175558829741627,0
2017,1112,1388,-5,-4.6764705882352935,0.007352941176470562,-0.06157339883712981,1
2017,1139,1292,-8,-3.0058651026392953,-0.13685239491691104,-0.02989933395452743,1
2017,1196,1438,-1,0.75,0.0625,-0.0135695083725349,1
2017,1211,1321,-7,17.394830659536545,0.29322638146167557,0.12804543851624434,1
2017,1235,1345,1,-4.089962121212121,-0.08428030303030298,-0.031482253626171186,0
2017,1323,1452,1,-6.852941176470587,-0.02941176470588225,0.019578691945045135,0
2017,1437,1458,-7,4.352941176470589,0.17647058823529405,0.053717012668391406,0
2017,1199,1462,-8,7.9171122994652405,0.13992869875222813,0.06723339389201577,0
2017,1124,1425,-8,3.0654936461388065,0.04692082111436946,0.05221914178498993,1
2017,1242,1277,-8,6.980113636363637,0.2992424242424242,0.0035696759491689045,1
2017,1246,1455,-8,-4.950089126559716,-0.025846702317290582,-0.04743629590562115,1
2017,1257,1276,-5,2.430357142857142,0.06428571428571428,0.010131559982585192,0
2017,1116,1314,7,-7.6301247771836005,-0.05258467023172897,-0.004408088951944,0
2017,1332,1348,-8,4.818181818181818,0.12121212121212122,0.035119998848359424,1
2017,1181,1376,-5,3.893087557603687,0.09400921658986183,0.05591477693001928,0
2017,1153,1417,3,-1.38324420677362,-0.025846702317290582,-0.04209274607431368,0
2017,1211,1452,-3,7.777183600713014,0.2049910873440286,0.13402071651511616,1
2017,1242,1345,-3,-2.625,0.09375,-0.010236857691596324,1
2017,1276,1332,4,-4.045887445887445,-0.1627705627705628,-0.04228056678955738,0
2017,1112,1462,-9,7.558823529411765,0.2647058823529411,0.06765693148143731,0
2017,1196,1458,-4,1.1893382352941178,0.014705882352941124,0.01432076170775104,1
2017,1246,1417,-1,-0.6773618538324424,-0.025846702317290582,-0.05294558529103127,1
2017,1139,1314,3,-5.521016617790811,-0.045943304007820096,0.001500627753906414,0
2017,1124,1376,-4,1.64516129032258,0.09677419354838712,0.057190468689291674,0
2017,1211,1462,-10,20.159536541889484,0.3520499108734403,0.16679542708378547,1
2017,1242,1332,-2,-2.9592803030303028,0.02651515151515149,-0.014785647051663908,0
2017,1246,1314,1,0.9286987522281649,0.06506238859180036,0.021162243541121728,0
2017,1196,1376,-3,4.783266129032258,0.07258064516129037,0.04147339803111777,0
2017,1211,1376,-6,16.488758553274685,0.2922776148582601,0.1473698196794187,1
2017,1314,1332,-2,0.1212121212121211,-0.06060606060606066,-0.05697869102251557,1
2017,1211,1314,0,10.000000000000002,0.18181818181818188,0.126945984358577,0
2018,1254,1347,0,-2.183712121212121,-0.10984848484848486,0.024252250343236692,0
2018,1382,1417,0,1.3125,0.125,-0.010530773918431102,1
2018,1113,1393,0,5.193548387096774,0.03910068426197455,0.026828528787501638,0
2018,1300,1411,0,1.765654648956357,0.07495256166982922,0.03181656733997812,0
2018,1104,1439,1,-5.586397058823529,-0.09742647058823528,-0.03174543995869572,1
2018,1112,1138,-9,1.524064171122994,0.036541889483065915,0.009319616027266997,0
2018,1181,1233,-13,11.393939393939394,0.18181818181818177,0.0797501212810598,1
2018,1196,1382,-5,-0.28125,-0.15625,-0.012781888077963655,1
2018,1211,1422,-9,8.575901328273245,0.10815939278937381,0.06496755584594299,1
2018,1222,1361,-5,3.8699902248289355,0.11045943304007821,0.04920993023459097,1
2018,1242,1335,-15,4.4620493358633775,0.052182163187855735,0.03528871369676684,1
2018,1172,1246,7,2.4338235294117645,-0.049632352941176516,0.016654358809436165,0
2018,1260,1274,5,3.527217741935484,0.13407258064516125,0.06309805191943357,1
2018,1276,1285,-11,0.859582542694497,0.01992409867172673,0.026931396892787896,1
2018,1326,1355,-7,1.3916666666666666,-0.050000000000000044,0.01758535472692413,1
2018,1328,1348,3,-4.765120967741936,-0.20060483870967738,0.011983894264392614,0
2018,1301,1371,1,1.0625,0.0,-0.011166325574167857,0
2018,1397,1460,-11,2.6619318181818183,0.03882575757575757,0.032154134601452666,1
2018,1372,1403,11,-0.7787878787878775,0.07272727272727275,-0.022126180100877524,0
2018,1347,1437,15,-14.113970588235293,-0.25735294117647056,-0.1052738275910653,0
2018,1120,1158,-9,4.643145161290323,0.007056451612903247,-0.0030423001390915694,1
2018,1116,1139,-3,-0.7745098039215685,0.07040998217468808,0.021761966121580323,0
2018,1153,1209,-13,10.667279411764707,0.19485294117647056,0.018049219631875113,1
2018,1155,1308,-7,-3.397916666666667,-0.11458333333333337,-0.011897629925213038,1
2018,1199,1281,1,2.096774193548387,0.032258064516129004,-0.028371919166904624,1
2018,1166,1243,-1,4.35386119257087,-0.021505376344086002,0.04057053098619129,0
2018,1267,1455,9,-7.141098484848484,-0.08428030303030298,-0.008448307266749722,1
2018,1137,1277,11,-7.887700534759359,-0.1434937611408199,-0.08818763914577399,0
2018,1305,1400,-3,6.69073083778966,0.21836007130124768,0.03831157546013286,1
2018,1252,1314,13,-6.477832512315271,-0.024630541871921152,-0.021184282369915985,0
2018,1168,1345,13,-14.5,-0.20283975659229203,-0.07540118224116421,0
2018,1393,1395,5,-4.0625,-0.05018939393939392,-0.03750843375413515,1
2018,1344,1401,3,-4.158088235294118,-0.007352941176470562,-0.05263094546105118,0
2018,1420,1438,15,-12.635386119257088,-0.2619745845552298,-0.0912532522889492,1
2018,1293,1452,7,0.7271805273833678,0.1217038539553752,0.07638474768265291,0
2018,1411,1462,15,-11.876114081996434,-0.4073083778966132,-0.06370979406927679,0
2018,1181,1348,-5,6.809659090909092,0.006628787878787845,0.08527648631167667,1
2018,1211,1326,-1,8.257352941176471,0.13235294117647056,0.04796807426117938,1
2018,1242,1371,-7,4.8713235294117645,0.13786764705882348,0.06716809945104774,1
2018,1138,1246,8,1.7406417112299462,0.05169340463458105,0.015317544138874484,0
2018,1260,1397,8,1.8380681818181817,0.08617424242424243,0.06575356544671745,1
2018,1222,1276,3,2.3975044563279866,-0.0062388591800356386,0.020288799865011087,0
2018,1196,1403,3,-3.920454545454545,-0.10227272727272729,-0.039272721811050126,0
2018,1104,1437,8,-13.794117647058822,-0.32352941176470584,-0.06074999454415825,0
2018,1120,1155,-1,2.59375,0.0625,-0.02846043936259901,0
2018,1199,1462,8,-2.497556207233626,-0.20332355816226788,-0.007051753046565912,1
2018,1243,1420,-7,2.96871945259042,-0.010752688172043001,0.0380228700851723,1
2018,1153,1305,-5,7.117647058823531,0.08823529411764708,0.0303733503381578,0
2018,1139,1345,8,-9.166666666666668,-0.21746880570409977,-0.09501070220061514,0
2018,1277,1393,-8,13.181818181818183,0.2727272727272727,0.14783703165437118,0
2018,1314,1401,-5,3.6696428571428577,0.0892857142857143,-0.02480322166210075,0
2018,1267,1452,8,-6.102495543672013,-0.0089126559714795,0.04560797698198771,0
2018,1199,1211,5,-10.09203036053131,-0.23719165085388993,-0.05880817564225943,1
2018,1243,1246,4,-1.956327985739751,-0.03921568627450989,-0.008601113699296392,1
2018,1260,1305,4,-0.5496323529411757,0.049632352941176516,0.04827967573971298,1
2018,1276,1401,-4,4.930147058823529,0.16911764705882348,0.013033040914437688,1
2018,1181,1393,-9,12.090909090909092,0.18181818181818177,0.0957873723611749,1
2018,1155,1242,4,-3.0900735294117645,-0.07536764705882348,-0.04483484724187392,0
2018,1345,1403,-1,4.954545454545455,0.09625668449197855,0.053162812043627605,0
2018,1437,1452,-4,5.5588235294117645,0.17647058823529405,0.09791645887363021,1
2018,1243,1260,-2,-5.171401515151516,-0.17708333333333337,-0.06582445742090992,0
2018,1199,1276,6,-2.827324478178368,-0.14895635673624286,-0.010756677351434762,0
2018,1181,1242,1,4.532085561497327,-0.0062388591800356386,0.0036261247635206995,0
2018,1403,1437,2,-5.6310160427807485,-0.15508021390374327,-0.04461314977106623,0
2018,1260,1276,8,-0.461397058823529,0.049632352941176516,0.04477941900632587,0
2018,1242,1437,0,-5.617647058823529,-0.08823529411764708,-0.008218686803550534,0
2018,1276,1437,2,-6.0588235294117645,-0.08823529411764708,-0.043987204460669005,0
2019,1125,1396,0,8.5125,0.11458333333333337,0.09190465241803825,1
2019,1192,1341,0,0.13685239491691137,-0.055718475073313734,0.05002817334843257,1
2019,1113,1385,0,2.022727272727273,0.051136363636363646,0.006702896994268959,1
2019,1295,1300,0,-1.2849462365591398,0.016129032258064502,-0.0003423828812952334,1
2019,1120,1308,-7,-2.5496323529411757,-0.13970588235294112,-0.029569802638430176,1
2019,1124,1393,1,0.4384469696969697,-0.012310606060606077,0.0021877708133700713,1
2019,1196,1305,3,-9.382352941176471,-0.31996434937611407,-0.04859459580016118,1
2019,1199,1436,-9,-1.7683823529411766,-0.018382352941176516,0.00039676145209027736,1
2019,1192,1211,15,-21.529814271749757,-0.32844574780058644,-0.12460173289708287,0
2019,1242,1318,-9,-0.524064171122995,0.03832442067736186,-0.0089289692190197,1
2019,1101,1246,13,-4.475444096133751,-0.025078369905956133,-0.03359765844536311,0
2019,1261,1463,-11,1.1651785714285712,0.0625,-0.0741218200759095,1
2019,1125,1268,5,5.918749999999999,0.14583333333333337,0.029747857744887973,0
2019,1276,1285,-13,4.4797794117647065,0.07352941176470584,0.012327084899559027,1
2019,1133,1277,13,-12.112299465240643,-0.24777183600713004,-0.10058686472088768,0
2019,1257,1278,-3,5.109625668449198,-0.01158645276292336,0.052953001585028414,0
2019,1266,1293,-7,-4.570532915360502,-0.13479623824451403,-0.005700183609036624,0
2019,1330,1345,11,-4.051470588235294,0.045955882352941124,-0.011852144166682232,0
2019,1388,1437,5,1.163101604278074,-0.06862745098039225,0.01893268119044872,0
2019,1371,1459,3,-11.212121212121211,-0.2606060606060606,-0.07037011304489738,0
2019,1113,1138,5,-9.068181818181818,-0.22159090909090906,-0.039150141392644444,0
2019,1181,1295,-15,17.392789373814043,0.3368121442125237,0.08624419965148367,1
2019,1209,1222,11,-11.632352941176471,-0.19301470588235292,-0.05470702232213104,0
2019,1153,1234,-3,4.833333333333333,0.1568627450980392,-0.0009295452217003564,0
2019,1251,1280,7,2.6911045943304,0.10948191593352874,0.028726688230315822,1
2019,1233,1314,15,-11.902462121212121,-0.28693181818181823,-0.039203871875462926,0
2019,1235,1326,-5,5.693404634581105,0.10071301247771836,0.04079506079074702,0
2019,1279,1328,-1,2.09375,0.03125,-0.007171961864604948,0
2019,1332,1458,7,-0.09350649350649398,-0.03982683982683988,-0.018794917463117733,1
2019,1159,1397,13,-6.757575757575758,-0.1515151515151515,-0.026147597119887456,0
2019,1297,1403,11,-6.0625,-0.0625,-0.04715099025281527,0
2019,1243,1414,-9,-2.2771836007130126,-0.09536541889483063,-0.06361289702751771,0
2019,1416,1433,1,-2.005040322580645,-0.03931451612903225,-0.003245526108945407,1
2019,1205,1438,15,-14.42641129032258,-0.2610887096774194,-0.07623680047733034,0
2019,1387,1439,9,-8.591964285714285,-0.09285714285714286,-0.07591804747580233,0
2019,1429,1449,-1,6.498217468805704,0.05347593582887711,0.032342395580649164,0
2019,1120,1242,1,5.000000000000001,0.0,-0.021624106857416947,1
2019,1199,1293,-8,-5.412778904665315,-0.06795131845841784,-0.05276864582696955,1
2019,1124,1211,8,-19.31912878787879,-0.31534090909090906,-0.13154997301516935,0
2019,1246,1459,-5,-2.3636363636363633,-0.048484848484848464,-0.013781159857237046,1
2019,1261,1268,-3,2.0625,0.125,-0.044854755775574406,1
2019,1196,1276,8,-7.2058823529411775,-0.2647058823529411,-0.06358615338783236,0
2019,1277,1278,-8,11.676470588235295,0.2058823529411764,0.12917790453107736,1
2019,1345,1437,-3,1.992647058823529,-0.016544117647058876,-0.002003400581247927,1
2019,1181,1416,-8,8.10246679316888,0.11100569259962045,0.015981848061806414,1
2019,1222,1326,-8,10.958110516934047,0.3360071301247771,0.07469288247213779,1
2019,1314,1449,-8,7.680035650623886,0.05347593582887711,-0.0028869407380544,1
2019,1332,1414,-1,-1.310084033613446,-0.19579831932773106,-0.028749749522148316,1
2019,1234,1397,8,-7.515151515151515,-0.18181818181818188,-0.06921793555440936,0
2019,1138,1403,3,0.005681818181818343,0.09659090909090906,-0.04703618135827187,0
2019,1328,1438,8,-13.84375,-0.3125,-0.09045050577074965,0
2019,1251,1439,8,-2.003024193548388,0.056451612903225756,-0.0019591438597137967,0
2019,1199,1211,3,-15.993761140819966,-0.11497326203208558,-0.1192759266501548,0
2019,1345,1397,1,-2.8068181818181817,-0.1297348484848485,-0.046641500961929316,1
2019,1276,1403,-1,-1.9889705882352935,0.011029411764705843,-0.02929403428463284,0
2019,1332,1438,11,-9.238392857142857,-0.24910714285714286,-0.07293328073071642,0
2019,1120,1314,4,-2.827094474153297,-0.08288770053475936,-0.021575586572465832,1
2019,1181,1439,-3,4.0349264705882355,0.1029411764705882,0.012725839321291565,1
2019,1222,1246,1,3.0793226381461682,0.09358288770053469,0.03543312351146427,0
2019,1261,1277,1,-4.950367647058824,-0.011029411764705843,-0.10645630325687311,0
2019,1211,1403,-2,9.975378787878789,0.09659090909090906,0.04537471862764286,0
2019,1345,1438,2,-7.40625,-0.1875,-0.08939983839173066,0
2019,1120,1246,3,-1.0089126559714785,-0.08288770053475936,-0.038219395735091255,1
2019,1181,1277,-1,2.6470588235294112,0.02941176470588236,-0.03333643972240247,0
2019,1277,1403,-1,-0.5183823529411757,0.011029411764705843,0.012574604385820753,0
2019,1120,1438,4,-6.487132352941176,-0.17095588235294112,-0.09781313712978373,0
2019,1403,1438,2,-2.96875,-0.09375,-0.013210622833219221,0
2021,1179,1455,0,8.553606237816764,0.115009746588694,0.05581894002002574,1
2021,1111,1313,0,-4.654761904761904,-0.125,-0.04878648831818938,0
2021,1291,1411,0,-2.069169960474308,-0.10671936758893286,0.013172244345582784,0
2021,1277,1417,0,-5.864672364672364,-0.09829059829059827,-0.012469077084231506,0
2021,1116,1159,-11,-6.019047619047621,-0.14761904761904765,-0.07501112441615304,1
2021,1124,1216,-15,15.349637681159418,0.26449275362318836,0.05660259268746626,1
2021,1196,1439,-3,-2.4886128364389233,-0.10559006211180122,0.00821778099532694,1
2021,1156,1222,13,-17.115384615384617,-0.15384615384615385,-0.0655145766341913,0
2021,1180,1228,15,-7.540834845735027,-0.16152450090744108,-0.04320729547685098,0
2021,1210,1260,1,-9.172307692307692,-0.1661538461538461,-0.08072162767058277,0
2021,1317,1345,9,2.825185185185185,-0.026666666666666616,0.05536246405813966,1
2021,1251,1329,9,6.821428571428571,0.07738095238095233,0.04454523508388347,0
2021,1326,1331,-13,4.540579710144927,0.13478260869565217,0.01066345785805678,0
2021,1333,1397,7,-9.412087912087912,-0.1208791208791209,-0.05980399431584282,1
2021,1155,1353,-3,1.5735785953177257,0.11872909698996659,-0.00832833804608285,0
2021,1361,1393,-5,7.303076923076923,0.20615384615384613,0.03769494505879617,0
2021,1403,1429,-5,-0.8518518518518512,-0.07407407407407407,-0.023576901737685785,1
2021,1437,1457,-7,-4.340909090909092,-0.23106060606060608,-0.030007129094844986,1
2021,1287,1452,11,-1.0780423280423284,0.08333333333333337,0.06404073402462968,0
2021,1314,1458,-1,0.9753694581280783,0.05665024630541882,-0.01625756218731278,0
2021,1101,1400,11,8.142140468227424,0.09531772575250841,0.012877874047586113,1
2021,1104,1233,-13,3.5058823529411773,0.09411764705882353,0.004416065434537264,1
2021,1160,1207,-7,9.086666666666668,0.21333333333333326,0.028201232065238335,1
2021,1166,1364,-7,-1.654761904761905,-0.11904761904761907,0.035358951906382496,1
2021,1199,1422,-9,2.4184952978056433,0.0031347962382445305,0.07686783682972431,1
2021,1211,1313,-15,18.42857142857143,0.33333333333333337,0.11337776139468903,1
2021,1213,1234,13,-2.227586206896552,-0.024137931034482807,0.018092207422438,0
2021,1186,1242,11,1.5757575757575761,-0.021885521885521952,0.038168260354183026,0
2021,1261,1382,-1,-3.3722222222222227,-0.13333333333333341,-0.007340609917301788,1
2021,1163,1268,-3,5.444805194805195,0.14610389610389607,-0.007833171895192448,0
2021,1276,1411,-15,7.396739130434783,0.1811594202898551,0.08087162927441716,1
2021,1325,1438,9,-1.1212121212121202,-0.06818181818181823,-0.03447792684398315,1
2021,1281,1328,1,-3.8,0.040000000000000036,0.004905744183327898,0
2021,1140,1417,-5,4.373846153846155,0.10615384615384615,0.07110025562869093,0
2021,1179,1425,5,1.530012771392082,0.09323116219667948,-0.006843896293172613,0
2021,1116,1403,-3,2.0846560846560838,0.15608465608465605,0.020065887926406345,1
2021,1124,1458,-8,12.647988505747126,0.33045977011494254,0.0691037508904992,1
2021,1222,1353,-8,16.26923076923077,0.3076923076923077,0.059304724919582,1
2021,1228,1260,-7,-2.5198938992042432,-0.053050397877984046,-0.006453575615235574,0
2021,1196,1331,-8,2.304347826086956,0.0434782608695653,0.01731210665242322,0
2021,1329,1333,-8,4.321428571428572,0.1428571428571429,0.0674482136202873,0
2021,1393,1452,8,-0.06518518518518501,-0.026666666666666616,0.03769000421707763,1
2021,1317,1437,8,-0.7690909090909086,-0.08727272727272728,0.0730458713817076,0
2021,1104,1268,-8,7.335714285714286,0.26428571428571435,0.0191021189895077,1
2021,1166,1325,-8,1.633116883116883,0.032467532467532534,0.04151989027073305,1
2021,1160,1199,1,1.1757575757575758,0.006060606060605989,-0.034775372902672574,0
2021,1211,1328,-7,17.48,0.4,0.11646507923807009,1
2021,1261,1276,7,-4.097222222222222,-0.16666666666666674,-0.0570505813397954,0
2021,1234,1332,-5,4.86604774535809,-0.04509283819628651,0.020952043687755995,0
2021,1101,1417,3,10.219063545150501,0.17224080267558528,0.061805545105766024,0
2021,1242,1425,-3,-3.32183908045977,-0.054916985951468655,-0.040722425842413534,0
2021,1116,1331,-12,9.888198757763975,0.22049689440993792,0.007156076293215574,1
2021,1124,1437,-4,9.549242424242424,0.18939393939393934,0.07384267482556339,1
2021,1222,1393,-9,12.879999999999999,0.24461538461538457,0.06144752447630181,1
2021,1260,1333,-4,14.835164835164834,0.27472527472527475,0.11415976224120866,0
2021,1166,1211,4,-14.321428571428571,-0.2857142857142857,-0.04696943495020173,0
2021,1199,1276,3,-2.2840909090909083,-0.10606060606060608,-0.021672740579127492,0
2021,1104,1417,-9,5.453846153846155,0.1461538461538462,0.04693357108309293,0
2021,1332,1425,1,-2.6936339522546415,0.010610079575596898,-0.025590513056888697,0
2021,1116,1124,2,-6.244047619047619,-0.13095238095238093,-0.044717593289200774,0
2021,1222,1333,-10,18.142857142857142,0.3131868131868132,0.10139252709979035,1
2021,1211,1425,-5,13.344827586206897,0.24137931034482762,0.06753083380583086,1
2021,1276,1417,-10,6.528846153846154,0.17948717948717952,0.08716247502466207,0
2021,1124,1222,-1,-0.04166666666666785,0.03205128205128205,2.960345382874152e-05,1
2021,1211,1417,-10,18.653846153846153,0.34615384615384615,0.1222839068380207,1
2021,1124,1211,0,-5.041666666666668,-0.08333333333333337,-0.05124334812886844,1
2022,1231,1461,0,-0.6420454545454541,-0.14393939393939392,0.004242206340270338,1
2022,1394,1411,0,-1.0333333333333332,0.033333333333333326,-0.05585361717931675,0
2022,1323,1353,0,2.903225806451613,0.09677419354838701,0.0367189587802359,1
2022,1136,1460,0,-0.47878787878787854,0.09393939393939388,0.016583793987368478,0
2022,1116,1436,-9,-5.6685606060606055,-0.08617424242424243,-0.07901175647410513,1
2022,1124,1313,-15,5.949074074074074,0.03472222222222221,-0.012308798968198309,1
2022,1166,1361,1,-4.521994134897361,-0.07526881720430112,0.013100499716141967,1
2022,1209,1211,15,-21.402758620689653,-0.29655172413793107,-0.20969049041203192,0
2022,1242,1411,-15,6.707843137254902,0.22352941176470587,0.03367783956789955,1
2022,1129,1272,-1,0.2101661779081132,0.11045943304007821,-0.03176940133137729,0
2022,1161,1276,-5,4.218020022246941,0.2791991101223582,0.03374750276491434,0
2022,1293,1362,-3,4.6875,0.21228448275862066,-0.01285699682602559,1
2022,1163,1308,-7,3.824353448275862,-0.0743534482758621,-0.02825592687372236,0
2022,1266,1314,1,-2.2717497556207236,-0.11436950146627567,0.03647696189163879,0
2022,1344,1355,-9,-6.16875,-0.04166666666666663,-0.04614175390684133,1
2022,1234,1350,-7,9.057142857142857,0.08571428571428574,0.027957274146267475,0
2022,1231,1388,7,-2.809384164222874,-0.16813294232649068,0.013220977322923377,0
2022,1246,1389,-13,9.523510971786834,0.16718913270637403,0.03046614936293024,0
2022,1255,1397,11,-3.245670995670995,-0.0021645021645021467,-0.030798476201085112,0
2022,1103,1417,9,-6.433467741935484,-0.07157258064516125,0.006410067968505739,0
2022,1112,1460,-15,13.483957219251339,0.30570409982174684,0.10833454713092294,1
2022,1120,1240,-13,7.308189655172414,0.18857758620689657,0.00044896000685168413,1
2022,1168,1181,13,-10.132860040567952,-0.16835699797160242,-0.10255277816973646,0
2022,1222,1412,-7,5.1286764705882355,0.0716911764705882,0.050412349154449254,1
2022,1151,1228,9,-0.816532258064516,0.07157258064516125,-0.035909134052705904,0
2022,1235,1261,5,-6.107007575757576,-0.04166666666666663,-0.029342448454516667,1
2022,1274,1425,3,-2.878787878787879,-0.09090909090909083,-0.05686801120755175,1
2022,1172,1277,3,5.165441176470589,0.1654411764705882,0.017327027429247688,0
2022,1104,1323,-5,-1.4375,-0.08366935483870963,-0.028731150691852114,0
2022,1260,1326,3,5.892473118279571,0.14086021505376345,0.023703038197376514,0
2022,1345,1463,-11,8.994929006085194,0.17342799188640967,0.06148615645809463,1
2022,1371,1395,-1,2.1729166666666666,0.04166666666666663,0.01005962819507894,0
2022,1400,1439,-5,0.2616071428571427,-0.0008928571428571397,-0.031074456732169853,1
2022,1286,1403,11,-4.851102941176471,0.045955882352941124,-0.012876202245903579,0
2022,1174,1437,13,-6.727272727272727,-0.1515151515151515,-0.0019951105718586937,0
2022,1159,1458,11,3.626588465298143,-0.10752688172043012,0.08071127994112309,0
2022,1116,1308,-8,2.1870428422152566,-0.03552769070010453,-0.049889482611469416,1
2022,1211,1272,-8,15.450500556173527,0.21913236929922142,0.10164640859443114,1
2022,1166,1242,8,-7.350267379679145,-0.1568627450980392,-0.01104213631241685,0
2022,1276,1397,8,-7.262952101661779,-0.23949169110459434,-0.02142192800495446,1
2022,1124,1314,-7,7.087121212121212,0.08522727272727271,0.02784399737755411,0
2022,1344,1350,-8,1.3714285714285714,0.17619047619047623,0.025274080824470968,1
2022,1293,1389,-8,10.068965517241379,0.31034482758620685,0.011847402022357068,0
2022,1388,1417,1,-3.20766129032258,-0.007056451612903247,0.014500965951548705,0
2022,1112,1395,-8,13.935661764705884,0.2867647058823529,0.10341411712503396,1
2022,1181,1277,-5,9.382352941176471,0.17647058823529405,0.041454470552798994,1
2022,1222,1228,1,8.81214421252372,0.14326375711574946,0.03237706902549048,1
2022,1235,1458,8,-0.692540322580645,-0.14919354838709675,0.027148077959255668,1
2022,1120,1274,-8,7.899621212121212,0.14678030303030298,0.05540728817622781,0
2022,1345,1400,-3,2.3106617647058822,0.13786764705882348,0.03986801895438702,1
2022,1323,1403,8,-6.382352941176471,-0.057874762808349245,-0.019351416627570506,0
2022,1326,1437,5,-4.212121212121212,-0.15454545454545454,0.02423062548143118,0
2022,1116,1211,3,-14.08881922675026,-0.13897596656217348,-0.14569054920409513,1
2022,1181,1403,-1,1.6470588235294112,0.08823529411764697,0.017961658484963394,1
2022,1112,1222,-4,0.08823529411764852,0.05882352941176472,0.015070627925964974,0
2022,1276,1437,9,-6.3841642228739,-0.23949169110459434,-0.024947227551612938,0
2022,1242,1344,-3,5.641176470588236,-0.009803921568627527,0.0360375316659306,1
2022,1235,1274,1,-0.31912878787878807,-0.07196969696969702,0.008436730668820391,0
2022,1314,1417,4,-5.774621212121212,-0.05397727272727271,-0.005734601194143096,1
2022,1345,1389,-12,7.098377281947261,0.17342799188640967,0.03605404355890579,0
2022,1116,1181,2,-4.635472370766488,-0.06595365418894827,-0.06939077066236815,0
2022,1222,1437,3,7.3957219251336905,0.06506238859180036,0.055536139273247465,0
2022,1242,1274,-9,6.653297682709447,0.12655971479500883,0.06501713334475995,1
2022,1314,1389,-7,1.8568443051201675,0.10658307210031348,-0.014940556151617879,1
2022,1242,1437,-1,0.8957219251336905,0.035650623885918,0.02685594868073521,1
2022,1181,1314,-6,7.241532976827094,0.09625668449197855,0.06400421621886626,0
2022,1242,1314,-7,4.653297682709447,0.09625668449197855,0.04905291912460824,1
2023,1280,1338,0,-0.7272727272727275,-0.030303030303030276,-0.0331584838826911,0
2023,1369,1394,0,-5.829676071055381,-0.1400208986415883,-0.004832020605747833,0
2023,1113,1305,0,-1.8984819734345355,-0.030360531309297834,-0.00257618000258647,1
2023,1192,1411,0,5.28125,0.15625,-0.012753742663528411,1
2023,1104,1394,-15,8.331643002028397,0.19776876267748478,0.12367410632647241,1
2023,1116,1228,-1,-0.6571969696969697,-0.018939393939393923,0.007626089844819994,1
2023,1120,1234,1,-0.15625,0.03125,0.05441972090636582,1
2023,1181,1331,-7,-3.9450980392156865,-0.10196078431372557,-0.0281702144022557,1
2023,1202,1438,9,1.4375,-0.007056451612903247,0.01979619240398428,1
2023,1222,1297,-15,16.060661764705884,0.2867647058823529,0.11682521907223986,1
2023,1224,1242,15,-6.0,-0.18121442125237186,-0.03933630309786057,0
2023,1268,1452,-1,1.9393939393939394,0.06060606060606055,0.02293481015988541,1
2023,1281,1429,-3,-3.0606060606060606,-0.030303030303030276,-0.05033399278809014,1
2023,1129,1321,3,1.84375,0.0625,0.058220373268090875,0
2023,1336,1401,3,-3.115126050420168,-0.10672268907563032,0.05141040096115723,1
2023,1112,1343,-13,5.102396514161219,0.11982570806100212,0.05172732285664122,0
2023,1158,1361,7,5.438446969696969,0.09659090909090906,0.008888993526595612,0
2023,1397,1418,-9,8.724242424242425,-0.0696969696969697,0.054389442936386756,1
2023,1159,1400,13,-1.5320855614973272,-0.007130124777183555,0.018440112809730347,0
2023,1417,1421,-13,9.898897058823529,0.0716911764705882,-0.018599255752111576,1
2023,1124,1364,-11,0.84375,-0.09375,-0.02723477239551725,1
2023,1163,1233,-9,2.041889483065953,-0.036541889483065915,0.019964510985342687,1
2023,1166,1301,-5,0.7575757575757587,-0.06060606060606066,0.05016404653490336,1
2023,1192,1345,15,-10.040441176470589,-0.3216911764705882,-0.09249035505928488,1
2023,1194,1272,1,5.022058823529412,0.14154411764705888,0.0271554578003394,1
2023,1211,1213,-11,9.0,0.1875,0.010563400655082766,1
2023,1231,1245,-9,-2.799242424242424,-0.14583333333333337,0.02405810733730246,1
2023,1243,1286,-11,2.375,0.0,0.02596142329911566,1
2023,1246,1344,-5,0.25,0.0,0.009762574431294357,1
2023,1266,1436,-13,3.9154411764705888,0.13602941176470584,0.00716361270202126,1
2023,1179,1274,7,2.173295454545455,0.006628787878787845,0.021230612728976805,0
2023,1277,1425,-3,-2.692540322580645,-0.07459677419354838,-0.026247116841523477,1
2023,1235,1338,-5,0.05113636363636331,-0.07291666666666663,-0.03391923072790198,0
2023,1388,1433,-7,2.4393382352941178,-0.012867647058823484,0.004996547716124566,1
2023,1113,1395,5,-4.655080213903743,0.010695187165775444,-0.011612036559922212,0
2023,1244,1462,11,-4.449715370018975,0.006641366223908873,-0.03433130195461487,0
2023,1104,1268,-7,6.464349376114082,0.21657754010695185,0.08001989883086363,1
2023,1116,1242,7,0.030303030303030276,-0.1880570409982174,0.001129085968156418,1
2023,1120,1222,8,-12.873161764705884,-0.2867647058823529,-0.06144603793848802,0
2023,1281,1343,-8,-1.1649831649831652,0.023569023569023573,-0.016751476619903616,0
2023,1202,1361,8,1.46875,-0.03830645161290325,0.023330810405805535,0
2023,1181,1397,1,-5.169340463458111,0.06773618538324411,-0.031229219594688273,0
2023,1336,1400,8,-6.526890756302521,-0.13613445378151257,0.013784739764008791,0
2023,1321,1417,5,-8.430147058823529,-0.1966911764705882,-0.053178381576977185,0
2023,1163,1388,-1,2.455492424242424,-0.02367424242424243,0.021920400930791395,1
2023,1124,1166,-3,-1.2452651515151523,0.051136363636363646,-0.05374271228853578,0
2023,1192,1194,7,-12.5625,-0.375,-0.13447415525957918,0
2023,1211,1395,-3,5.3522727272727275,0.20738636363636365,0.04451859146083137,1
2023,1243,1246,-3,-0.5625,0.0625,0.01637040685910196,1
2023,1231,1274,-1,-0.7054924242424239,-0.11458333333333337,0.028555435291027997,0
2023,1266,1277,-5,6.514231499051234,0.21062618595825422,0.014228479964019158,0
2023,1338,1462,8,-1.7165775401069512,-0.06862745098039225,-0.011659747128426823,0
2023,1116,1163,4,-6.393939393939394,-0.1515151515151515,-0.024930844886479953,0
2023,1194,1397,5,-0.8825757575757578,0.20928030303030298,0.011802082795555668,1
2023,1211,1417,1,-0.992647058823529,-0.009191176470588203,0.026750614965071084,1
2023,1243,1277,-4,3.630040322580645,0.10584677419354838,0.005414805619277596,1
2023,1166,1343,-9,2.077441077441078,-0.06734006734006737,0.025592552182319706,1
2023,1222,1274,-4,11.248161764705884,0.13051470588235292,0.06470704250570891,0
2023,1104,1361,-4,6.1452205882352935,0.0404411764705882,0.08561155719911956,0
2023,1400,1462,-1,3.0882352941176476,0.02941176470588225,-0.00286400635396733,1
2023,1163,1211,1,0.7992424242424239,-0.08617424242424243,0.011503824919729344,1
2023,1194,1243,6,6.40625,0.1875,0.050536654988381,1
2023,1274,1400,3,-3.1599264705882355,0.016544117647058876,-0.012426452335860816,1
2023,1166,1361,1,0.6202651515151523,-0.17613636363636365,0.043442900717502786,0
2023,1163,1274,-1,6.142992424242424,-0.02367424242424243,0.04266457040815519,1
2023,1194,1361,4,5.34375,0.09375,0.0642410426182094,0
2023,1163,1361,-1,5.892992424242424,-0.05492424242424243,0.05262521370617779,1
2024,1161,1438,0,2.09375,-0.009469696969697017,0.022407558890256307,1
2024,1224,1447,0,0.7510775862068966,0.017241379310344807,0.04903725523048147,0
2024,1129,1160,0,-1.7176470588235286,-0.03921568627450989,-0.042177499205319546,0
2024,1212,1286,0,-3.064516129032258,0.06451612903225801,-0.024708192786081384,1
2024,1112,1253,-13,15.090909090909092,0.18181818181818177,0.08429688055317636,1
2024,1103,1166,11,-5.28125,-0.03125,-0.0772070831075315,0
2024,1173,1305,-3,-0.17338709677419395,-0.007056451612903247,0.03562942711629796,1
2024,1140,1182,-5,8.468805704099822,0.02049910873440286,0.049743172466304275,0
2024,1211,1270,-7,-0.12347052280311388,-0.1223581757508343,0.023310765480037132,1
2024,1228,1287,-11,3.8509803921568624,0.03137254901960784,-0.02761010519681939,1
2024,1235,1355,-13,10.393738140417458,0.18121442125237186,0.003081650298827787,1
2024,1242,1359,-9,-4.065524193548387,-0.16633064516129037,-0.010942734571473434,1
2024,1277,1280,1,1.475935828877005,-0.04188948306595364,-0.004995429471989332,1
2024,1301,1403,5,-2.5757575757575757,-0.08585858585858586,-0.035366950113709994,1
2024,1314,1447,-15,12.580121703853955,0.3113590263691683,0.08670876202266947,1
2024,1246,1324,-11,6.25,0.04227941176470584,0.064145433194158,0
2024,1332,1376,5,-1.5900178253119428,-0.11140819964349369,-0.024933234882614785,1
2024,1389,1397,13,-9.722782258064516,-0.16935483870967738,-0.07681271842228976,0
2024,1161,1400,3,-0.5625,0.0625,0.005364680779350817,0
2024,1179,1450,3,2.242424242424242,0.09090909090909094,-0.00873525550046006,0
2024,1104,1158,-9,2.6268939393939394,-0.13162878787878785,0.045267195787869696,1
2024,1124,1159,-11,2.6609848484848486,-0.03977272727272729,-0.020335365339665623,1
2024,1155,1307,-5,-4.4650735294117645,-0.07904411764705888,0.02210105486068975,1
2024,1160,1196,3,1.5176470588235293,0.020168067226890796,0.03326198890556176,1
2024,1163,1391,-15,17.703984819734345,0.2988614800759013,0.10600495300336477,1
2024,1181,1436,-9,5.59375,-0.0625,0.010772772368059125,1
2024,1213,1388,7,-1.8125,0.09375,-0.01883830756898336,1
2024,1222,1255,-15,11.962049335863377,0.30170777988614794,0.07653464629077966,1
2024,1241,1458,7,8.37056277056277,0.2805194805194805,0.0751286928365732,1
2024,1266,1443,-13,3.7549019607843137,0.10196078431372557,0.017990933796644903,1
2024,1194,1321,-1,4.585227272727273,0.10132575757575757,0.03826668895700097,0
2024,1212,1345,15,-16.98435972629521,-0.3304007820136853,-0.09107414760352889,0
2024,1361,1412,-7,5.267992424242424,0.02083333333333337,0.03467625913357181,1
2024,1304,1401,-1,3.5142602495543667,0.10873440285204994,0.1158232697333485,0
2024,1395,1429,1,0.580645161290323,-0.1700879765395894,-0.030093802725633445,0
2024,1120,1463,-9,9.880324543610548,0.10446247464503033,0.0811083102941062,0
2024,1112,1173,-5,7.245356793743891,-0.016617790811339184,-0.024583652942161693,1
2024,1166,1332,-8,7.341911764705882,0.04227941176470584,0.10784219466915662,1
2024,1211,1242,1,8.387096774193548,0.09677419354838712,0.035952774972677015,1
2024,1182,1228,8,-7.147058823529411,-0.08823529411764697,-0.03802031827389235,0
2024,1235,1450,-5,6.840463458110518,0.06684491978609619,-0.0002673676805127201,1
2024,1301,1324,-3,0.16666666666666652,-0.065359477124183,-0.012499214642707757,1
2024,1277,1314,8,-4.053475935828876,-0.21836007130124768,-0.01402400082513866,0
2024,1397,1400,-5,4.9375,0.125,0.013186823274179804,1
2024,1104,1213,-8,-2.03125,-0.21875,0.002412665169229833,1
2024,1124,1155,-3,2.71875,0.03125,-0.009967018688791962,0
2024,1163,1321,-8,12.371323529411764,0.2555147058823529,0.10474178885621965,1
2024,1181,1241,-8,-1.0785984848484844,-0.15909090909090906,-0.015402989543437162,1
2024,1222,1401,-8,12.088235294117647,0.2941176470588235,0.10450242507416163,1
2024,1160,1266,8,-0.47058823529411775,-0.02941176470588236,0.00610906710646808,0
2024,1345,1429,-7,5.823069403714565,0.07233626588465303,0.03700387832814517,1
2024,1361,1463,-8,1.4299568965517242,-0.0021551724137931494,-0.0005060299294885051,1
2024,1104,1314,3,-1.547794117647058,-0.13786764705882348,0.014769878934231484,1
2024,1112,1155,-4,9.603219696969697,0.10132575757575757,0.010791948414496655,0
2024,1163,1361,-4,10.215073529411764,0.22426470588235292,0.0942637886663183,1
2024,1228,1235,1,-3.647058823529413,-0.02941176470588236,0.010066154037176978,1
2024,1181,1222,3,-3.6525735294117645,-0.13235294117647056,0.004836021072146646,1
2024,1266,1301,-9,4.921568627450981,0.12418300653594772,0.05169143094579731,0
2024,1211,1345,4,1.0478983382209197,-0.10459433040078203,0.011958187873965687,0
2024,1166,1397,1,-0.78125,-0.03125,0.050198058293846826,0
2024,1104,1155,-2,3.59375,0.0,0.01161647123484344,1
2024,1163,1228,-2,6.4411764705882355,0.1470588235294118,0.06168418651963098,1
2024,1181,1301,-7,8.739583333333334,0.13888888888888884,0.0594505692422998,0
2024,1345,1397,-1,1.6486742424242422,0.12878787878787878,0.021787471982671613,1
2024,1104,1163,3,-7.3713235294117645,-0.2555147058823529,-0.05628797677209746,0
2024,1301,1345,10,-9.575757575757576,-0.2676767676767676,-0.07990510140202872,0
2024,1163,1345,0,3.8163992869875223,0.03297682709447414,0.03756430023675689,1
2025,1106,1384,0,5.163636363636364,0.11212121212121207,-0.0356394640738229,1
2025,1314,1361,0,0.1044334975369452,-0.06108374384236459,-0.007578225875141009,1
2025,1110,1291,0,0.04640151515151514,-0.011363636363636354,-0.033138623963617775,0
2025,1400,1462,0,-0.9503676470588234,-0.09742647058823528,0.00888044942132954,0
2025,1116,1242,3,-1.4848484848484853,-0.030303030303030276,-0.024574189068309216,1
2025,1106,1120,15,-14.545454545454545,-0.3030303030303031,-0.12973725167310457,0
2025,1140,1433,-5,-3.7272727272727266,-0.09090909090909094,-0.01335619819592726,1
2025,1166,1257,1,-3.970588235294117,-0.08823529411764697,0.04600971970837053,1
2025,1179,1281,5,-1.6383186705767354,0.23655913978494625,-0.033992483695736486,1
2025,1208,1211,1,-10.75,-0.13257575757575757,-0.028542048410427512,0
2025,1188,1222,15,-13.101960784313725,-0.24901960784313726,-0.06336866805645358,0
2025,1155,1270,-7,-0.5591397849462378,0.011730205278592476,-0.009863799922891547,0
2025,1276,1471,-7,-8.064338235294118,-0.13970588235294112,0.00453461836029434,1
2025,1219,1345,9,4.399621212121212,0.17708333333333337,0.03036610584238636,0
2025,1303,1385,13,-11.042279411764707,-0.25735294117647056,-0.027371756522976243,0
2025,1397,1459,-13,8.955882352941176,0.2628676470588235,0.06840658939868488,1
2025,1401,1463,-9,-4.053571428571429,-0.0625,-0.06615724229411085,1
2025,1403,1423,-11,6.520833333333334,-0.02367424242424243,0.06118337318270051,1
2025,1417,1429,-3,-0.21875,-0.09375,-0.018168652498003035,1
2025,1285,1458,11,-8.51152073732719,-0.03317972350230414,-0.015802162560842714,0
2025,1104,1352,-13,3.9393939393939394,0.0,0.07488288904884327,1
2025,1103,1112,9,-1.2316176470588243,0.1654411764705882,0.015766220872831804,0
2025,1124,1280,1,0.2376893939393936,-0.07386363636363635,0.005315713038825165,1
2025,1161,1272,7,1.235294117647058,-0.11764705882352933,0.021846162792348467,1
2025,1163,1328,-1,5.363636363636363,0.09090909090909094,0.033915439193194896,1
2025,1181,1291,-15,21.309269162210338,0.27540106951871657,0.0982599104170665,1
2025,1196,1313,-15,12.30550284629981,0.20493358633776093,0.0700664455129511,1
2025,1228,1462,-5,2.055871212121213,-0.019886363636363646,0.017736838539883226,1
2025,1235,1252,-11,2.3655303030303028,0.008522727272727293,-0.0116920920761166,1
2025,1246,1407,-11,0.9726295210166178,-0.010752688172043001,0.027159471662986323,1
2025,1213,1268,9,-5.822916666666666,0.02367424242424243,-0.025149239377912802,0
2025,1136,1277,13,-5.096590909090908,-0.16193181818181823,-0.017542228520577352,0
2025,1279,1314,-5,-0.37402597402597415,0.03809523809523807,-0.04043566329381443,1
2025,1266,1307,-3,-0.8541666666666661,-0.08428030303030298,0.00591890610838397,0
2025,1251,1332,7,4.3401759530791795,0.07917888563049846,0.09337912305922497,0
2025,1388,1435,-3,7.15625,0.21875,0.05984421534553108,1
2025,1116,1385,8,-7.368983957219252,-0.2762923351158645,0.013329994022282798,1
2025,1120,1166,-8,8.536541889483065,0.142602495543672,0.009112406637965031,1
2025,1140,1458,3,0.8051948051948052,-0.01558441558441559,0.008806662696776157,1
2025,1211,1222,7,1.264705882352942,-0.124777183600713,0.004314984073921002,0
2025,1276,1401,1,0.6544117647058822,0.047794117647058876,0.08877538384703981,1
2025,1270,1345,8,4.437927663734116,0.13978494623655913,0.01413191252240309,0
2025,1397,1417,-5,2.6746323529411757,0.10661764705882348,0.05931742788079192,1
2025,1179,1403,8,-4.365591397849464,0.1456500488758553,-0.05347855905494647,0
2025,1104,1388,-5,-2.3030303030303028,-0.08617424242424243,0.03773733836594212,1
2025,1112,1332,-1,4.021390374331552,-0.0802139037433155,0.011338869611500879,1
2025,1124,1181,8,-14.950367647058822,-0.3492647058823529,-0.12477123307032689,0
2025,1163,1196,7,-6.81283422459893,-0.18538324420677355,-0.023873730950379812,0
2025,1228,1246,3,1.787878787878789,-0.030303030303030276,-0.005060933195533968,0
2025,1161,1268,8,-6.519607843137255,-0.022281639928698693,0.005998427559110786,0
2025,1277,1307,-8,1.7215909090909083,0.03693181818181823,0.03469203869918658,1
2025,1235,1279,-3,6.848484848484849,0.06060606060606066,0.05551703716351908,0
2025,1104,1140,-4,-0.3939393939393945,0.030303030303030276,0.01903289092312227,1
2025,1112,1181,3,-11.499999999999998,-0.2647058823529411,-0.0854681616756009,0
2025,1196,1268,-3,1.5098039215686274,0.124777183600713,0.029044791562430727,1
2025,1116,1403,7,-7.87878787878788,-0.1515151515151515,-0.029984186337507768,0
2025,1120,1276,-4,7.21301247771836,0.11319073083778963,0.015136453342295852,1
2025,1222,1345,-3,8.947415329768269,0.21568627450980393,0.03442574456595465,1
2025,1277,1279,-4,5.454545454545454,0.1515151515151516,0.04479681951652098,1
2025,1246,1397,1,-4.281639928698752,-0.12745098039215685,-0.027868882472234235,0
2025,1104,1181,1,-11.097147950089125,-0.15418894830659535,-0.04376031210917802,0
2025,1196,1403,-2,2.8431372549019596,0.124777183600713,0.021961770053892604,1
2025,1120,1277,-1,3.333333333333334,0.030303030303030276,0.046626177623734055,1
2025,1222,1397,-1,4.029411764705882,0.08823529411764708,-0.006026334312715709,1
2025,1120,1196,0,-1.9340463458110513,-0.033868092691622054,0.0005131501889290013,0
2025,1181,1222,0,5.0588235294117645,0.02941176470588236,0.051083749127644296,0
2025,1196,1222,0,0.4411764705882355,0.0,0.0190426216969245,1
