Season,TeamID,FinalElo
1985,1228,1748.562288849339
1985,1328,1840.7227089058756
1985,1417,1638.7579801027953
1985,1225,1265.9713306688916
1985,1412,1680.7848325969662
1985,1397,1552.9554560285162
1985,1374,1592.4003796551906
1985,1411,1390.6955605387225
1985,1307,1559.7685884197788
1985,1288,1184.1241808146995
1985,1305,1701.344494428516
1985,1424,1816.7153817227688
1985,1260,1824.9432381260501
1985,1133,1594.5402333793406
1985,1344,1419.3036645939335
1985,1438,1543.934146838437
1985,1226,1468.522694932176
1985,1218,1444.510824060435
1985,1337,1721.67839453253
1985,1192,1605.9471461521023
1985,1447,1326.657330261248
1985,1165,1457.0304909430533
1985,1432,1466.0249424716055
1985,1112,1636.2198392409737
1985,1223,1589.7027334491427
1985,1106,1435.536535369584
1985,1354,1388.5202794309282
1985,1242,1710.8161204751898
1985,1268,1687.8527309070964
1985,1375,1494.1603410192613
1985,1126,1313.9896721188727
1985,1301,1724.642812480835
1985,1144,1207.5091917097195
1985,1325,1704.04184630973
1985,1384,1376.1578973241456
1985,1326,1691.6962378806709
1985,1248,1448.3191630886995
1985,1287,1251.6139764325767
1985,1339,1430.4745048039947
1985,1334,1313.5246810144172
1985,1365,1639.4284922724025
1985,1443,1474.6101091517562
1985,1121,1316.463558851156
1985,1423,1344.2721649153382
1985,1347,1467.5009140045531
1985,1429,1521.3311262261873
1985,1428,1525.8843027914613
1985,1437,1662.1544581696678
1985,1436,1293.6821672612843
1985,1172,1344.56178207929
1985,1439,1592.4080127110565
1985,1330,1676.9877387965594
1985,1286,1435.029428735738
1985,1186,1404.2996362546342
1985,1455,1666.5036212989653
1985,1249,1670.4982296815936
1985,1403,1794.8623737990063
1985,1152,1538.6136977188094
1985,1278,1472.035749786431
1985,1453,1163.7953189039224
1985,1210,1799.5184839935876
1985,1149,1462.0246687531303
1985,1257,1529.2397540345157
1985,1231,1539.3884227424903
1985,1116,1641.0163196428207
1985,1368,1581.6985512317399
1985,1120,1687.904944163693
1985,1391,1398.1644670225082
1985,1135,1348.9653961029396
1985,1306,1303.57983410694
1985,1143,1442.4821298781092
1985,1388,1522.6077761049453
1985,1153,1529.9198305722107
1985,1184,1514.8507839724361
1985,1159,1133.2127616069465
1985,1171,1249.3118001407984
1985,1216,1338.563981929226
1985,1277,1667.5164212906677
1985,1145,1550.2538039324468
1985,1173,1649.9963525357643
1985,1134,1415.2200703573376
1985,1193,1381.0185255316624
1985,1265,1535.5882931532494
1985,1196,1570.198540525845
1985,1416,1377.9581261624764
1985,1206,1590.2207689769648
1985,1137,1553.901995070375
1985,1211,1409.5990891963445
1985,1102,1337.5369190521892
1985,1234,1612.5881719544395
1985,1114,1576.7932377657057
1985,1332,1520.2078939397998
1985,1243,1508.541485747695
1985,1317,1323.479994362525
1985,1177,1641.1469939166032
1985,1296,1432.3183650592302
1985,1458,1535.6042495798852
1985,1323,1737.018360330351
1985,1264,1342.8389572774395
1985,1241,1496.2037382442982
1985,1440,1445.9403413302662
1985,1314,1757.7900605691598
1985,1200,1579.8309091215306
1985,1448,1543.789901063933
1985,1464,1567.1497091831493
1985,1258,1379.8128765728898
1985,1399,1573.7328308395497
1985,1155,1563.9477342633181
1985,1398,1292.3686008203417
1985,1396,1747.1727439633562
1985,1180,1346.6591114381051
1985,1202,1292.3448294232578
1985,1378,1549.7816201376093
1985,1290,1429.6968333228751
1985,1338,1613.3947885157493
1985,1376,1451.2103293042185
1985,1364,1413.806789731494
1985,1104,1680.4681112708274
1985,1160,1446.312762693348
1985,1414,1431.472885847592
1985,1181,1725.425905574896
1985,1387,1444.8825258878219
1985,1183,1599.3558872725162
1985,1247,1501.3241423045226
1985,1284,1346.0557062033681
1985,1402,1252.1983238647051
1985,1276,1901.2420184276261
1985,1178,1583.7650187544937
1985,1451,1506.5167532015294
1985,1253,1232.1688172078834
1985,1444,1378.301236721882
1985,1434,1270.9677332217975
1985,1409,1666.5135171138654
1985,1331,1576.2108645424191
1985,1379,1311.88468552114
1985,1270,1617.5526423223973
1985,1373,1613.0604419214742
1985,1348,1258.4567278690706
1985,1363,1548.5357071347134
1985,1308,1254.8257864753148
1985,1431,1620.939196143681
1985,1124,1415.7649666165094
1985,1341,1307.954310712213
1985,1246,1597.2199140409439
1985,1405,1516.6781953180496
1985,1233,1729.482272827451
1985,1220,1370.2793557979207
1985,1151,1606.0941364068765
1985,1204,1641.379592426954
1985,1254,1420.7215761002183
1985,1130,1592.2090565338751
1985,1280,1466.1730471152741
1985,1238,1407.918659831952
1985,1360,1477.6734281686477
1985,1318,1705.16423588155
1985,1419,1502.2765710889134
1985,1418,1486.9010290239619
1985,1393,1707.0446097607016
1985,1163,1552.9567820271652
1985,1229,1636.2900188178955
1985,1227,1430.4889200663417
1985,1272,1815.8244991306183
1985,1117,1473.7887022137807
1985,1261,1667.4306986307809
1985,1259,1464.9356113866554
1985,1406,1287.3941457110411
1985,1273,1641.7688162769896
1985,1456,1553.57457058199
1985,1154,1550.6249700587166
1985,1139,1623.6326042124958
1985,1442,1444.8052429107724
1985,1433,1807.795938983702
1985,1187,1217.6322344938887
1985,1400,1527.3034916767544
1985,1322,1141.4906487322091
1985,1361,1667.1792031549342
1985,1359,1493.940625728255
1985,1267,1632.5605268635145
1985,1353,1492.1635734138922
1985,1351,1408.5829304234653
1985,1386,1640.0849171014688
1985,1285,1583.1565056651004
1985,1321,1353.5043614596757
1985,1298,1729.8090495801555
1985,1309,1433.484887531215
1985,1161,1577.2815630821567
1985,1109,1140.1293114991993
1985,1281,1583.7990461789004
1985,1271,1157.9250400169483
1985,1319,1495.6141580520732
1985,1239,1519.3244573573954
1985,1320,1367.9372989305468
1985,1371,1353.6578459179364
1985,1349,1401.596580432712
1985,1222,1487.1849038225746
1985,1390,1346.0882251194464
1985,1425,1628.0769568075305
1985,1435,1420.5367774673368
1985,1463,1464.9097233528994
1985,1441,1396.459048645876
1985,1449,1690.4267138372832
1985,1123,1498.2558048192288
1985,1162,1528.8711147025404
1985,1385,1859.1778780156285
1985,1292,1563.2598601706195
1985,1382,1436.6749800199846
1985,1383,1230.1282027407574
1985,1245,1535.813345872112
1985,1111,1429.873767924037
1985,1150,1300.9770910019015
1985,1221,1438.7354739006971
1985,1119,1556.8575466622099
1985,1141,1334.7755065654135
1985,1185,1488.1060021918968
1985,1199,1514.2563571585779
1985,1201,1639.9220633420045
1985,1212,1254.6217670108574
1985,1197,1417.0432565308358
1985,1140,1435.2562974303448
1985,1122,1298.6821128290205
1985,1345,1704.3163697773991
1985,1352,1254.8795586978983
1985,1263,1428.4268719436
1985,1310,1483.0160073033414
1985,1208,1693.425784607428
1985,1333,1627.3038948016138
1985,1410,1334.7746113412306
1985,1462,1531.4930843384213
1985,1450,1445.7384540133955
1985,1350,1636.7321072641955
1985,1408,1514.571086129065
1985,1113,1451.7437011555921
1985,1427,1501.0417501973145
1985,1380,1582.7260466080195
1985,1446,1433.9097449060753
1985,1269,1458.95022252193
1985,1329,1412.6430167333301
1985,1266,1636.8251656817968
1985,1174,1393.006188976747
1985,1343,1423.4158181485789
1985,1209,1133.255406080426
1985,1232,1480.6610116581114
1985,1129,1485.7221790040865
1985,1103,1405.327482259259
1985,1156,1592.075128670442
1985,1336,1283.5638460681491
1985,1203,1458.2428212725977
1985,1110,1352.8851906978566
1985,1250,1454.7477388116515
1985,1256,1827.1504884563612
1985,1147,1268.2124890343882
1985,1311,1566.9937386669194
1985,1235,1602.798234712202
1985,1166,1519.8293104929892
1985,1452,1671.4583523615852
1985,1335,1549.242439372998
1985,1283,1542.1904745789614
1985,1131,1533.9741391010593
1985,1426,1377.4994320506453
1985,1215,1387.758716252815
1985,1356,1506.3463911554313
1985,1304,1480.23072621126
1985,1224,1557.8236183222182
1985,1168,1605.1502333444694
1985,1179,1429.2265915051973
1985,1190,1377.555956004339
1985,1389,1487.8116819508462
1985,1395,1578.7831152122544
1985,1461,1423.675358008885
1985,1132,1429.9478255027632
1985,1217,1413.130790941916
1985,1299,1593.3173396855493
1985,1401,1637.815345573239
1985,1293,1471.5497249055406
1985,1191,1426.3728523496252
1985,1275,1638.8289810098606
1985,1279,1417.5417786115054
1985,1327,1278.475095240695
1985,1175,1404.49219132663
1985,1207,1930.5287072788908
1985,1108,1670.6213981074206
1985,1182,1422.2052765553738
1986,1181,1960.4013288226529
1986,1249,1563.8937946415635
1986,1412,1622.4847150132568
1986,1401,1630.8165648659588
1986,1458,1442.8328591526533
1986,1376,1417.6409716575465
1986,1452,1670.9992770238018
1986,1120,1680.8808867716211
1986,1449,1621.4943542794265
1986,1431,1741.9703856049553
1986,1437,1687.6578446077017
1986,1180,1641.2616621284565
1986,1428,1639.6879871320702
1986,1398,1502.7211306634013
1986,1425,1409.590671814099
1986,1149,1555.2355092415778
1986,1424,1823.4182564189985
1986,1305,1464.34244910204
1986,1409,1693.2546925497302
1986,1173,1603.3571126725567
1986,1385,1878.6066247287351
1986,1298,1827.7901519547274
1986,1360,1567.0803523573234
1986,1253,1318.121555586331
1986,1356,1312.9709979522459
1986,1152,1664.6715651727866
1986,1339,1357.1518548112406
1986,1333,1450.868835106527
1986,1334,1575.3965452392429
1986,1365,1467.7773773474455
1986,1397,1388.6117561246415
1986,1368,1398.551692800495
1986,1307,1482.9069883772702
1986,1137,1478.3158247991944
1986,1328,1672.9213865126412
1986,1364,1486.834588005801
1986,1197,1328.4107552556047
1986,1126,1277.5564634936547
1986,1208,1573.1473819848684
1986,1418,1503.791037245361
1986,1211,1521.722193500732
1986,1453,1265.1795214776132
1986,1218,1171.9415904838522
1986,1168,1535.3544989377137
1986,1242,1921.3898106667336
1986,1337,1759.5399039311626
1986,1133,1846.9635102277348
1986,1260,1521.8679094648105
1986,1257,1846.2546590146876
1986,1275,1701.4610367029338
1986,1261,1615.5406778931347
1986,1286,1584.312681215029
1986,1274,1453.7344983021464
1986,1154,1386.7214655613507
1986,1276,1787.042507987523
1986,1439,1635.7829320025505
1986,1281,1617.5718250338907
1986,1411,1370.8303200144435
1986,1246,1884.2449371376997
1986,1322,1514.1262179829923
1986,1306,1354.9835457592583
1986,1135,1536.2065270360647
1986,1319,1532.2458422744505
1986,1102,1320.120210099464
1986,1393,1791.4005469783897
1986,1432,1403.0582808444044
1986,1402,1271.3029796079743
1986,1341,1262.6043101313355
1986,1438,1697.723195166636
1986,1222,1481.9571573343205
1986,1423,1474.2709366175152
1986,1119,1305.7900875262862
1986,1443,1657.7976400975037
1986,1359,1467.7814227474425
1986,1450,1515.2907970022618
1986,1201,1473.2304544416231
1986,1451,1509.07926226968
1986,1292,1594.7263841450479
1986,1278,1429.873307523539
1986,1406,1315.435198007855
1986,1456,1380.9553656123721
1986,1277,1732.0427552086721
1986,1442,1374.009974878843
1986,1429,1450.8292354950215
1986,1268,1667.1813535987021
1986,1318,1826.29059903909
1986,1106,1366.7614803904212
1986,1354,1308.0627221325933
1986,1129,1447.4502343240374
1986,1226,1524.28546565319
1986,1145,1643.7284159053302
1986,1165,1520.3512085262785
1986,1153,1524.7639728637216
1986,1378,1496.425302890686
1986,1243,1508.7435333101425
1986,1206,1623.2584506649448
1986,1416,1232.1130347278583
1986,1186,1575.6352251420312
1986,1220,1522.0314615865566
1986,1200,1466.2394652604219
1986,1245,1409.0531553865235
1986,1384,1337.2593672523951
1986,1215,1433.3165275083302
1986,1317,1389.2303838902897
1986,1462,1764.1882182997026
1986,1436,1343.3134942365725
1986,1314,1751.0612951541086
1986,1417,1537.0773063885629
1986,1234,1627.5033371217337
1986,1114,1684.3955889052427
1986,1134,1263.588975049498
1986,1405,1475.1707026828637
1986,1116,1369.5007387936394
1986,1233,1498.350395791891
1986,1419,1665.4936891784698
1986,1147,1470.965715028784
1986,1403,1651.7037317636295
1986,1285,1581.4619922472698
1986,1400,1602.0121336554469
1986,1389,1515.1343592329877
1986,1288,1339.7574296913463
1986,1353,1318.1679668952831
1986,1192,1606.1116972505283
1986,1301,1613.3107781452597
1986,1441,1491.9735860061435
1986,1223,1420.4033500142764
1986,1270,1607.3316315200166
1986,1280,1452.3484903299698
1986,1143,1602.8915905636811
1986,1161,1370.1892835301012
1986,1178,1403.4849668454578
1986,1141,1424.6592088908108
1986,1155,1525.3971036400126
1986,1271,1223.9225197655628
1986,1187,1347.2725227309502
1986,1144,1246.5961889028204
1986,1193,1726.0139277107335
1986,1185,1332.9788339914883
1986,1464,1434.446088809568
1986,1121,1357.9314956916103
1986,1335,1572.0919780782704
1986,1216,1419.1343368682412
1986,1343,1479.247661088504
1986,1250,1341.5560765223133
1986,1345,1651.5271779113834
1986,1391,1315.7219546204549
1986,1350,1684.214225699113
1986,1344,1570.1635494580153
1986,1362,1209.9070928793935
1986,1440,1338.0264469808708
1986,1347,1385.6532795519759
1986,1390,1440.8747976590519
1986,1203,1453.7889381993991
1986,1396,1740.8127487383852
1986,1108,1618.064833795581
1986,1426,1336.6660132787872
1986,1447,1514.1703052863527
1986,1264,1167.5696926794203
1986,1448,1355.3719788671185
1986,1150,1338.4938711384552
1986,1326,1537.0428222433347
1986,1269,1359.3895303186055
1986,1235,1699.3152881810022
1986,1229,1554.3113033447437
1986,1263,1384.3661775946664
1986,1122,1429.8053288072992
1986,1191,1309.404320081385
1986,1124,1364.123603941651
1986,1331,1387.885116193209
1986,1163,1372.170732474144
1986,1463,1456.9046392056027
1986,1196,1587.048016845245
1986,1238,1419.1587336093105
1986,1254,1272.9292947405443
1986,1304,1661.0543253671951
1986,1228,1714.9976213610867
1986,1247,1494.205375393779
1986,1284,1346.2743108477873
1986,1266,1614.2720250080843
1986,1204,1389.3630888454386
1986,1184,1334.3054033096992
1986,1455,1504.9075755728556
1986,1310,1520.4191568822432
1986,1374,1545.6441503046428
1986,1349,1253.638369347836
1986,1338,1488.9245705460614
1986,1111,1541.5555618734704
1986,1202,1360.7624734100655
1986,1410,1600.695854653133
1986,1290,1684.0799814856566
1986,1320,1270.6349252309221
1986,1267,1536.8938954737173
1986,1332,1458.4086026545829
1986,1435,1468.1062256971913
1986,1388,1285.7308811359767
1986,1444,1360.1786779244503
1986,1174,1336.9940758896396
1986,1308,1524.4220496801001
1986,1375,1464.2144831474568
1986,1209,1274.022290209463
1986,1112,1698.5892461723788
1986,1427,1247.4857252602671
1986,1380,1552.796337618223
1986,1258,1529.0351216072042
1986,1190,1408.5797331819485
1986,1256,1533.912690224816
1986,1361,1427.714294816446
1986,1272,1745.5971589061483
1986,1199,1494.1051423632314
1986,1109,1231.9810690543263
1986,1373,1629.2498315359444
1986,1323,1796.799063196638
1986,1139,1286.2328386941397
1986,1383,1264.690332530344
1986,1273,1455.7361579701296
1986,1309,1502.746093570004
1986,1414,1584.071437458573
1986,1140,1553.8052749664394
1986,1330,1713.7529071592385
1986,1433,1537.8948283181412
1986,1399,1446.5924987453786
1986,1395,1614.1441524650938
1986,1387,1567.3321772377988
1986,1162,1412.5435206912955
1986,1371,1471.1623069015259
1986,1160,1315.399402930376
1986,1348,1330.710818021121
1986,1461,1643.0985745276855
1986,1321,1315.4967926597549
1986,1117,1545.9068729205753
1986,1113,1508.5390785216991
1986,1363,1502.8473986698311
1986,1103,1641.5791876269925
1986,1132,1291.9239199867234
1986,1177,1569.41445389088
1986,1296,1524.562053129957
1986,1182,1528.9028673614653
1986,1352,1355.6869699736415
1986,1130,1456.1976787006108
1986,1210,1803.1852678342175
1986,1231,1760.6551117727397
1986,1225,1380.3283304414215
1986,1217,1255.5227812489136
1986,1212,1389.7187331336718
1986,1248,1435.6346009999331
1986,1159,1139.5879231636834
1986,1283,1583.9156027421925
1986,1183,1536.9816490696203
1986,1379,1593.9061312887882
1986,1241,1264.9673855465342
1986,1311,1329.2512789090633
1986,1104,1713.7624244100045
1986,1131,1708.2360336773688
1986,1351,1325.0243362428037
1986,1156,1777.307288748756
1986,1434,1307.8112484277146
1986,1164,1322.939251553716
1986,1221,1475.764235398915
1986,1171,1410.9866704592769
1986,1325,1685.1503550147497
1986,1265,1628.9346125166958
1986,1207,1710.3240984751797
1986,1179,1565.5873387013505
1986,1166,1466.9591803809758
1986,1172,1594.0057453524216
1986,1336,1415.6335811605347
1986,1287,1222.327652082232
1986,1151,1591.1921534931078
1986,1259,1485.7797728314017
1986,1232,1353.0654752329685
1986,1386,1792.673018278081
1986,1175,1342.724105277833
1986,1293,1469.4199533950018
1986,1224,1485.0521676914473
1986,1446,1384.9755024596548
1986,1329,1558.5382494776409
1986,1227,1435.720952959727
1986,1382,1464.9279327817865
1986,1279,1427.3956889768506
1986,1123,1669.6290165601756
1986,1110,1349.1794513520372
1986,1239,1774.8109284094396
1986,1299,1644.0569564935518
1987,1272,1767.8902169538642
1987,1156,1696.7427381218408
1987,1276,1637.8646661967716
1987,1133,1595.0880192831532
1987,1328,1619.3286539126454
1987,1140,1646.7742625487883
1987,1395,1712.6731668576456
1987,1261,1633.9723415023548
1987,1396,1841.325734891034
1987,1438,1753.4280321368162
1987,1424,1902.552877970535
1987,1112,1611.4605314712878
1987,1437,1545.0345855425394
1987,1224,1709.154797984215
1987,1443,1688.1284785027835
1987,1323,1791.0624783245662
1987,1301,1697.501371227522
1987,1298,1815.7534228310399
1987,1318,1768.809320421648
1987,1257,1636.4787483270818
1987,1321,1335.726057645589
1987,1420,1457.5502750055505
1987,1336,1472.8081277790739
1987,1247,1564.647043424719
1987,1344,1731.4482561672532
1987,1110,1428.580562196218
1987,1345,1821.044451599796
1987,1391,1574.478548146085
1987,1348,1625.4787437956834
1987,1239,1585.1105822067157
1987,1350,1549.3117385078942
1987,1349,1320.3072230336397
1987,1365,1574.268347829529
1987,1364,1538.922423679172
1987,1375,1494.058045384601
1987,1147,1283.0824273243154
1987,1385,1674.7782819805975
1987,1380,1608.0767047217023
1987,1387,1605.3489140881272
1987,1114,1620.0663407800575
1987,1450,1422.1387618941362
1987,1211,1528.9314701612216
1987,1398,1538.83207721233
1987,1359,1183.684189218717
1987,1403,1547.457770442147
1987,1168,1586.7258553391334
1987,1409,1648.3325441295287
1987,1462,1587.4256836945435
1987,1414,1487.57922495037
1987,1304,1596.0382377069081
1987,1429,1463.230087639021
1987,1449,1598.3817714020731
1987,1435,1491.8614881788376
1987,1433,1466.7575801673127
1987,1314,1882.0656050898492
1987,1218,1254.7291233230626
1987,1457,1300.771225036894
1987,1271,1097.3274641378478
1987,1463,1449.897258865581
1987,1436,1216.7702134177523
1987,1464,1354.3620156743386
1987,1265,1701.0170145258871
1987,1397,1544.089301873732
1987,1111,1297.517844707963
1987,1307,1661.0249730227756
1987,1150,1512.3051258453272
1987,1360,1739.3683945716439
1987,1428,1510.379369648486
1987,1432,1330.9365958891526
1987,1400,1480.1439982934298
1987,1104,1846.4204273226044
1987,1419,1432.0304056649277
1987,1116,1556.7907138019248
1987,1212,1552.6664507454745
1987,1120,1594.1143538338206
1987,1412,1680.5705824546076
1987,1130,1466.1443348432326
1987,1373,1564.1742724899252
1987,1155,1725.4536127152649
1987,1209,1352.3621624445277
1987,1160,1438.3338445903232
1987,1451,1336.1365898977194
1987,1171,1457.4373403595887
1987,1216,1437.8598541176725
1987,1179,1460.5455171863148
1987,1283,1793.5357724998335
1987,1197,1395.2924743436342
1987,1126,1363.605104530987
1987,1199,1586.6254613843846
1987,1196,1590.9322516586299
1987,1131,1602.610833720275
1987,1180,1471.0522288914779
1987,1201,1343.92590959341
1987,1165,1514.1871764207579
1987,1200,1444.623239483829
1987,1284,1268.6417855120756
1987,1281,1782.936925552242
1987,1117,1594.5107925231027
1987,1277,1470.8473094471133
1987,1185,1502.9270078609284
1987,1292,1638.6071523676844
1987,1118,1259.5385158755796
1987,1270,1518.8643107878008
1987,1410,1465.268023078473
1987,1274,1453.3673225365924
1987,1416,1410.2421258442369
1987,1228,1771.3106149288124
1987,1308,1506.2575619293543
1987,1225,1397.8541698683941
1987,1186,1275.4271214355979
1987,1220,1331.6475910029783
1987,1227,1525.0106939867792
1987,1210,1632.9748725068225
1987,1390,1523.5911756813678
1987,1339,1420.7472867688812
1987,1363,1586.824113752238
1987,1337,1499.6743932642835
1987,1329,1405.1491948836826
1987,1333,1500.0836342294406
1987,1431,1727.3730926267967
1987,1332,1523.3055966184659
1987,1285,1448.8927450544006
1987,1320,1452.6434071979045
1987,1330,1298.2740107066688
1987,1439,1445.4619218213847
1987,1326,1602.5462958251123
1987,1137,1670.901912087481
1987,1319,1391.8764555326325
1987,1134,1260.0482787923193
1987,1353,1369.3136952876002
1987,1351,1446.331142321899
1987,1309,1820.4784791822294
1987,1425,1360.28328405659
1987,1331,1427.232210016092
1987,1411,1352.4805081018926
1987,1371,1502.4854349286582
1987,1162,1438.443162291502
1987,1253,1380.5169144917786
1987,1461,1708.9988587742275
1987,1458,1467.1739793909137
1987,1378,1324.560083813755
1987,1455,1680.071048061826
1987,1334,1361.072596352471
1987,1452,1731.4122940839811
1987,1206,1501.018720080367
1987,1423,1615.1368400641047
1987,1119,1490.9281366677042
1987,1417,1796.072508751316
1987,1393,1790.581165884214
1987,1260,1516.2704120956382
1987,1374,1574.4501451324988
1987,1347,1414.2803416317242
1987,1305,1503.1619584498096
1987,1143,1561.198469699701
1987,1354,1419.1688027406628
1987,1121,1271.0942012686075
1987,1290,1455.2151931244764
1987,1149,1635.395993902606
1987,1177,1821.448742236035
1987,1296,1327.8089470208233
1987,1163,1400.873200842452
1987,1269,1446.6840869434973
1987,1203,1358.0009829284033
1987,1164,1329.3464313853897
1987,1151,1639.766122077893
1987,1148,1313.7276837380489
1987,1389,1638.4912906355412
1987,1145,1494.8540877007354
1987,1233,1518.6850380666979
1987,1135,1340.0104781422408
1987,1306,1183.451758086329
1987,1129,1598.7272387488624
1987,1226,1511.5087157858911
1987,1154,1412.9090478755274
1987,1388,1523.8571547701783
1987,1256,1725.5370841299778
1987,1368,1338.7569220660982
1987,1250,1473.2357091573003
1987,1217,1321.8087530154894
1987,1248,1536.1524468014
1987,1159,1225.0030584074423
1987,1245,1580.1422575432036
1987,1267,1784.661266073786
1987,1246,1620.0988975166454
1987,1122,1663.4327378811624
1987,1238,1477.5884425352624
1987,1311,1308.8680970156431
1987,1235,1484.4002498528105
1987,1178,1307.109031646583
1987,1234,1809.4620652790798
1987,1231,1801.4519850412235
1987,1286,1605.5829241824297
1987,1229,1562.2819732513528
1987,1453,1535.0691714191191
1987,1181,1671.9403149067846
1987,1434,1328.4381233317285
1987,1444,1403.5376289285236
1987,1208,1592.1388283287474
1987,1322,1385.4911292676338
1987,1325,1447.935300896882
1987,1103,1593.727149569624
1987,1124,1617.4143419944194
1987,1356,1443.8407917511993
1987,1293,1437.212333315387
1987,1362,1483.0719335354968
1987,1372,1676.918584178089
1987,1379,1533.6430383410996
1987,1402,1367.6911636602845
1987,1426,1296.1053154588533
1987,1448,1513.0341051879132
1987,1157,1408.3043674891437
1987,1361,1284.3797664736617
1987,1123,1307.0214596216895
1987,1202,1531.9043739061187
1987,1184,1598.4829791053608
1987,1187,1382.928683046455
1987,1376,1517.2020074386878
1987,1191,1528.0505415701994
1987,1335,1550.8250216417966
1987,1241,1606.8075880358315
1987,1440,1356.998020895457
1987,1222,1577.12734867782
1987,1278,1313.676274693592
1987,1273,1334.6608519023334
1987,1266,1564.7772912117096
1987,1264,1213.559678703566
1987,1383,1354.1251457696503
1987,1299,1709.0764753332746
1987,1352,1372.7131314719475
1987,1242,1683.8479608897585
1987,1249,1486.9581265171475
1987,1401,1591.2709837941195
1987,1221,1324.3699750176193
1987,1405,1327.7909376050513
1987,1441,1380.6898147990357
1987,1166,1352.354489798119
1987,1152,1344.1925258343015
1987,1193,1520.4683576908037
1987,1317,1400.1352483282728
1987,1310,1604.3443308491032
1987,1382,1201.6262949496
1987,1338,1758.2865375328229
1987,1384,1332.3315287521496
1987,1172,1596.7894578637906
1987,1418,1369.034271147842
1987,1190,1235.81220329426
1987,1427,1411.6030198749613
1987,1288,1293.845267838572
1987,1175,1195.132919979239
1987,1275,1448.9589840540443
1987,1173,1484.2213882708124
1987,1132,1554.514411521754
1987,1139,1360.0706872869198
1987,1153,1411.7211094592672
1987,1421,1492.3966308216018
1987,1386,1488.4882401088298
1987,1279,1517.8422156195666
1987,1207,1879.7747702762442
1987,1141,1716.5781941561959
1987,1232,1343.0050691405659
1987,1358,1536.100279530003
1987,1456,1241.9610080270415
1987,1442,1342.3410570239826
1987,1287,1425.0923825487707
1987,1223,1536.3677086245123
1987,1268,1413.210086621876
1987,1243,1633.5504042575044
1987,1263,1390.0388661478635
1987,1254,1408.7048460397082
1987,1215,1398.0316685677954
1987,1113,1492.171011276828
1987,1108,1272.854199214282
1987,1204,1619.7578196384904
1987,1174,1328.5562197433205
1987,1258,1399.0884037065434
1987,1343,1608.1300272212916
1987,1102,1395.9619298986706
1987,1406,1393.1503901803906
1987,1161,1423.4038284047706
1987,1447,1472.7962452012653
1987,1144,1547.2127279709284
1987,1182,1419.2725493112218
1987,1109,1331.2691155501104
1987,1106,1369.7581048282202
1987,1259,1454.7671558051525
1987,1183,1360.614655870813
1987,1192,1562.882177419713
1987,1280,1332.4217191948014
1987,1399,1291.7332732298623
1987,1341,1262.7043025342996
1988,1196,1626.3163769160847
1988,1239,1320.0602315983872
1988,1210,1670.143313030408
1988,1108,1334.895742476584
1988,1235,1581.1102608016831
1988,1400,1590.65221939252
1988,1292,1580.7735991226589
1988,1439,1608.8365654749512
1988,1307,1552.797271245773
1988,1451,1398.5076882712945
1988,1345,1833.6364227200704
1988,1114,1700.5284990659454
1988,1371,1694.3713881102285
1988,1206,1601.3492670288424
1988,1417,1583.07190652182
1988,1331,1383.3578705724321
1988,1314,1766.864299438215
1988,1393,1799.6541124424714
1988,1349,1284.97820636097
1988,1360,1382.8380634120106
1988,1268,1640.1168519285745
1988,1259,1273.9642917969215
1988,1276,1708.1019875617555
1988,1274,1510.5480234580064
1988,1277,1415.2397620500062
1988,1178,1373.7620286533663
1988,1279,1521.913475582923
1988,1386,1573.5711867405512
1988,1322,1412.371080976661
1988,1372,1355.4419059989204
1988,1344,1453.9995232633178
1988,1200,1552.5395908074752
1988,1348,1721.933728697906
1988,1154,1388.1629730118668
1988,1350,1733.8415438610546
1988,1131,1670.4263971269286
1988,1438,1474.4709466760833
1988,1162,1242.7059826929435
1988,1387,1486.0217720189232
1988,1145,1331.459908720207
1988,1412,1503.6206678152823
1988,1402,1324.4159300991766
1988,1414,1558.0549935857603
1988,1119,1331.5396940453627
1988,1428,1633.9536280698962
1988,1429,1692.6363912782824
1988,1435,1583.3700385904306
1988,1218,1293.6967615116334
1988,1437,1676.9188824625921
1988,1304,1421.303743991479
1988,1264,1224.8274401470821
1988,1102,1339.167900267465
1988,1450,1484.2846195019044
1988,1186,1219.419991495137
1988,1364,1649.2461737711562
1988,1365,1633.0295432867067
1988,1256,1675.8799140517722
1988,1318,1470.1859232150614
1988,1425,1311.2291839998516
1988,1243,1740.9131107157575
1988,1361,1464.5715407743514
1988,1247,1742.5003323827193
1988,1427,1730.3855065484977
1988,1104,1490.8986968959166
1988,1308,1466.138301175652
1988,1112,1858.2366172794914
1988,1182,1425.1732949173384
1988,1113,1328.9791003189741
1988,1403,1348.6343712147725
1988,1120,1635.6110852012669
1988,1375,1543.6997421174576
1988,1137,1538.0445082176748
1988,1416,1301.3122152088386
1988,1140,1672.2269026390657
1988,1286,1578.8957394236058
1988,1147,1444.2783472874605
1988,1368,1231.4228207104036
1988,1155,1553.9898095808505
1988,1333,1667.639451435412
1988,1160,1417.2078892753257
1988,1449,1421.5618078329467
1988,1116,1625.0438087752277
1988,1152,1309.0024818041718
1988,1192,1654.846307753921
1988,1373,1640.4469983205317
1988,1197,1576.471676548506
1988,1126,1340.6563664711769
1988,1201,1381.9881133487588
1988,1319,1428.1362095968257
1988,1208,1626.9901860095385
1988,1380,1669.324558810747
1988,1222,1628.5885981775004
1988,1358,1500.438693078998
1988,1225,1520.9765659069408
1988,1211,1527.8361351990843
1988,1228,1737.1424679252796
1988,1124,1705.7429398995723
1988,1174,1516.8385269283615
1988,1216,1501.265444637927
1988,1234,1691.4101298633927
1988,1390,1613.7066089718
1988,1338,1752.7064637428189
1988,1352,1418.8113235397282
1988,1337,1568.4344987188108
1988,1177,1734.446256771863
1988,1332,1548.8840554392157
1988,1339,1230.8443867621338
1988,1330,1549.513320057256
1988,1456,1406.7975809062102
1988,1328,1870.5924832632204
1988,1401,1494.0826524460813
1988,1317,1651.9770173629595
1988,1309,1625.540464859229
1988,1270,1357.8226528687192
1988,1283,1725.5483783532031
1988,1362,1434.0661982189404
1988,1353,1366.1991510604937
1988,1134,1277.68846254367
1988,1374,1771.22987005593
1988,1241,1437.5789657542164
1988,1385,1548.5384889601385
1988,1217,1390.9183173761785
1988,1389,1544.8237967023674
1988,1148,1357.0743975909556
1988,1418,1396.4377731786537
1988,1433,1590.6631178114687
1988,1117,1560.7841759806954
1988,1458,1489.3452243880963
1988,1378,1335.7964982250505
1988,1460,1466.6286427609382
1988,1109,1400.696720068059
1988,1272,1642.3693021830902
1988,1238,1447.597919966835
1988,1129,1708.3140660859171
1988,1226,1506.5669674397418
1988,1258,1868.7676638447037
1988,1399,1374.8334947318785
1988,1130,1559.6416615445446
1988,1157,1520.5287333978317
1988,1135,1270.748826189386
1988,1306,1234.5306004058941
1988,1141,1521.9423077676838
1988,1143,1361.0559176440518
1988,1166,1484.6082251888063
1988,1163,1523.9727946332596
1988,1271,1274.6408212463473
1988,1171,1559.1431954238144
1988,1436,1109.8825365372968
1988,1260,1469.5691359471034
1988,1227,1337.8499395736865
1988,1181,1807.0594686876393
1988,1111,1425.1793411347796
1988,1191,1624.1349399822789
1988,1122,1556.9536121897381
1988,1179,1368.858467037112
1988,1278,1410.064242815829
1988,1250,1646.5241978926795
1988,1335,1437.3955577174452
1988,1248,1601.5147914838324
1988,1159,1192.837133299964
1988,1199,1635.4714887432199
1988,1242,1681.6434516905565
1988,1246,1808.8041390624674
1988,1231,1691.6170161648392
1988,1275,1440.305653465586
1988,1204,1699.1769060126971
1988,1423,1507.7539383081944
1988,1203,1442.497799071091
1988,1463,1521.5916629187432
1988,1233,1346.2703610672474
1988,1409,1352.1756987921738
1988,1249,1533.2842832848844
1988,1448,1433.8016861895412
1988,1376,1627.2151568007405
1988,1391,1422.4195180377958
1988,1395,1332.140918811417
1988,1398,1321.0780372976876
1988,1419,1594.9381714468852
1988,1311,1270.4530641038202
1988,1229,1612.0237732569888
1988,1457,1512.6399869171262
1988,1406,1434.3066473241327
1988,1223,1322.4708043357437
1988,1356,1448.0811011090543
1988,1293,1723.6151704328026
1988,1321,1298.6742476834588
1988,1123,1436.3985287840467
1988,1232,1302.2483750774607
1988,1193,1328.2773723384762
1988,1164,1419.5044297231007
1988,1110,1512.5809255298036
1988,1187,1277.9456867423964
1988,1184,1546.6332393042971
1988,1421,1367.265236522443
1988,1198,1392.1629135020862
1988,1149,1489.8376977251764
1988,1442,1483.4484916816793
1988,1287,1216.0776802894516
1988,1325,1542.6916466054718
1988,1301,1763.1915103187546
1988,1221,1488.2498673170726
1988,1326,1567.9259273614327
1988,1444,1424.058326971908
1988,1336,1479.2975115953393
1988,1334,1176.951759936762
1988,1296,1346.110667743677
1988,1410,1440.6044246793635
1988,1426,1312.648265284072
1988,1266,1351.4094588650073
1988,1269,1330.6514209014076
1988,1153,1428.5588640570331
1988,1310,1519.2784613150652
1988,1323,1642.9657046986852
1988,1220,1286.8868988825088
1988,1384,1282.398387205683
1988,1347,1489.8408744436447
1988,1440,1459.1212091656314
1988,1359,1333.2156114431025
1988,1379,1550.8009008598526
1988,1420,1433.963722063056
1988,1443,1400.7156247374314
1988,1139,1488.842155590688
1988,1453,1586.2054277199873
1988,1461,1820.4809490616612
1988,1405,1426.2214080772628
1988,1299,1771.2226962329823
1988,1280,1483.390551479519
1988,1106,1290.415613266083
1988,1354,1462.9242092776
1988,1285,1473.2337742179527
1988,1168,1517.3191104172201
1988,1156,1638.5180583670174
1988,1165,1584.06689910774
1988,1320,1298.5302401286388
1988,1343,1556.7771037518876
1988,1411,1547.5925736087274
1988,1132,1446.6610016636128
1988,1263,1455.1314897015827
1988,1173,1402.2448751828929
1988,1305,1436.3027045673073
1988,1455,1629.7177255113365
1988,1434,1386.012900623405
1988,1397,1564.3964623417799
1988,1329,1485.7663628632113
1988,1172,1429.7601622846546
1988,1396,1918.5800446923552
1988,1441,1256.1720514639273
1988,1161,1609.0226634978699
1988,1133,1791.5873495843064
1988,1183,1581.1875033614442
1988,1383,1309.347709490805
1988,1150,1719.9949749828452
1988,1431,1676.2912184648292
1988,1281,1654.2244768325568
1988,1267,1662.6809720007266
1988,1464,1206.3418624463827
1988,1103,1643.1292049718097
1988,1253,1557.0945342348368
1988,1144,1298.2103918959176
1988,1151,1567.468154117492
1988,1180,1518.0744061318567
1988,1185,1696.6468218089256
1988,1224,1442.4255152830729
1988,1254,1416.1176266779623
1988,1298,1472.8546325884943
1988,1261,1581.1522119403514
1988,1265,1602.8818678256482
1988,1363,1468.8388993021927
1988,1257,1792.127900314923
1988,1341,1235.53732448564
1988,1447,1222.1698864623927
1988,1462,1811.1246206738567
1988,1452,1519.18016144145
1988,1190,1454.1061228011345
1988,1351,1408.184061469353
1988,1382,1419.2566341750803
1988,1175,1160.090140053669
1988,1273,1488.2456904257606
1988,1245,1335.5634871977352
1988,1290,1334.5860488321644
1988,1202,1503.1497048727474
1988,1212,1524.7793674219954
1988,1207,1658.195913232526
1988,1121,1316.9152727578162
1988,1388,1607.883274871698
1988,1424,1696.5126171575505
1988,1284,1506.563721010852
1988,1209,1318.4871511700453
1988,1288,1391.7392193077749
1988,1215,1512.3249314649108
1989,1208,1477.9300672696397
1989,1117,1554.1437100926019
1989,1231,1802.1336953870255
1989,1229,1485.681616064088
1989,1281,1795.0638881064344
1989,1283,1608.9727886728515
1989,1314,1794.382059050945
1989,1151,1617.2856299735877
1989,1390,1822.1578587524073
1989,1285,1565.094299874755
1989,1393,1800.4858629210787
1989,1247,1787.8727616443632
1989,1461,1488.3327436876152
1989,1374,1467.0711384441347
1989,1462,1676.1087466157342
1989,1257,1750.1395224587611
1989,1181,1752.2875242162472
1989,1246,1454.0055762646357
1989,1322,1387.3950740560383
1989,1179,1473.7238550044856
1989,1328,1817.1418877805095
1989,1326,1511.9711079449364
1989,1344,1593.8997422016348
1989,1310,1334.6835421118517
1989,1350,1655.8627341982067
1989,1124,1236.7109132262028
1989,1353,1683.3575237595555
1989,1351,1261.4178226330134
1989,1356,1530.4616852812196
1989,1405,1477.104802323256
1989,1362,1543.9401493719774
1989,1410,1444.271500655935
1989,1364,1600.8002780430359
1989,1160,1363.9306892443785
1989,1425,1368.977743792061
1989,1174,1406.7629066087777
1989,1375,1687.4523447560266
1989,1193,1316.4937696257227
1989,1381,1348.0509488191058
1989,1419,1498.0343195427922
1989,1385,1538.9981599017995
1989,1254,1406.3546536316712
1989,1397,1631.2014793247224
1989,1399,1247.6415534269854
1989,1400,1682.1514433355514
1989,1337,1576.1840355761437
1989,1424,1795.5237883302527
1989,1177,1675.9461264053477
1989,1276,1765.7572981610633
1989,1435,1644.6544351284515
1989,1438,1704.1336638575374
1989,1171,1545.5939055070112
1989,1443,1432.6474367627134
1989,1441,1435.2489019600716
1989,1371,1764.5743192921686
1989,1428,1474.0089583369686
1989,1274,1547.6629701857416
1989,1271,1107.6727220285359
1989,1359,1336.7273510111822
1989,1291,1456.2056876391218
1989,1266,1473.4459926758432
1989,1245,1670.5236668733808
1989,1268,1429.834510939608
1989,1395,1516.586605564687
1989,1104,1775.0822786106487
1989,1113,1390.4664508699054
1989,1122,1541.4004163037137
1989,1267,1546.4644640443644
1989,1139,1419.3208283646163
1989,1434,1422.9945229894183
1989,1140,1533.2601769234275
1989,1318,1515.3451820548325
1989,1143,1573.1602011444184
1989,1196,1741.5916135391362
1989,1147,1536.3730186778769
1989,1401,1590.6132402738592
1989,1172,1206.244121096066
1989,1402,1371.8558794908513
1989,1199,1700.4188747320254
1989,1416,1209.0500535005503
1989,1204,1675.506916898552
1989,1423,1539.6293616877388
1989,1126,1442.156541207922
1989,1197,1590.2661755554564
1989,1210,1659.3794853195507
1989,1421,1515.1832328321373
1989,1211,1429.0104749743152
1989,1450,1414.8152534820788
1989,1218,1611.4612848388447
1989,1286,1452.3702003723633
1989,1225,1747.3121006917393
1989,1186,1359.1261035776588
1989,1226,1334.0610071413985
1989,1201,1490.3906971672939
1989,1233,1549.6022105665393
1989,1260,1409.9429310117446
1989,1152,1343.5582378425993
1989,1209,1463.4690602724818
1989,1414,1437.9508892700276
1989,1261,1604.2145565887167
1989,1265,1416.1493032030182
1989,1437,1581.7120426800655
1989,1354,1699.9239427928928
1989,1352,1554.546565875671
1989,1452,1748.0435062623862
1989,1338,1702.011630826051
1989,1329,1540.8128325337975
1989,1336,1630.1922152343386
1989,1206,1668.1084257217651
1989,1333,1739.9718677032834
1989,1339,1228.7748238814384
1989,1308,1656.6431719916784
1989,1411,1562.3641625257983
1989,1360,1330.0880518916813
1989,1250,1366.6812819199354
1989,1307,1630.9281382017991
1989,1259,1303.3250371603247
1989,1361,1406.0006594949582
1989,1420,1459.5675704159614
1989,1319,1164.291608696892
1989,1304,1512.8784605468811
1989,1166,1646.380331991937
1989,1463,1355.3241408204078
1989,1203,1125.0447770894123
1989,1458,1604.1367196464998
1989,1332,1304.5164993745157
1989,1224,1298.0824802212155
1989,1417,1686.324382606302
1989,1403,1472.3195312671799
1989,1391,1536.0506742383864
1989,1223,1408.752218108974
1989,1389,1687.909552374097
1989,1148,1305.9760630003918
1989,1387,1638.141604165835
1989,1164,1561.2356479448654
1989,1301,1634.0538744615058
1989,1162,1278.2333417392795
1989,1455,1550.365365990897
1989,1141,1425.0683796266944
1989,1178,1356.411959023928
1989,1349,1447.2306262844452
1989,1175,1352.726840023572
1989,1149,1384.760757262423
1989,1173,1396.005676314064
1989,1137,1691.816158365583
1989,1163,1589.6292541642529
1989,1216,1531.9842733760133
1989,1135,1229.4346829864703
1989,1306,1234.5794410015703
1989,1132,1444.0791731940008
1989,1373,1757.6937707715706
1989,1130,1537.0217498669272
1989,1217,1395.4933666975244
1989,1120,1335.5601959573426
1989,1119,1378.6141588889109
1989,1284,1444.3411096842847
1989,1109,1352.0689003349069
1989,1102,1460.9288160106923
1989,1103,1645.554243233806
1989,1129,1687.2153101298297
1989,1298,1299.759469391216
1989,1335,1476.5523138744948
1989,1154,1505.5178499454441
1989,1198,1373.906740860103
1989,1123,1848.419588886242
1989,1278,1657.1673515273972
1989,1272,1701.0597529837453
1989,1256,1714.656858063441
1989,1317,1442.9805927896334
1989,1251,1323.3276388297527
1989,1134,1122.1490969110687
1989,1243,1672.4725315429478
1989,1345,1618.256896157523
1989,1248,1562.9687985407934
1989,1159,1307.8728638344496
1989,1234,1709.0429327452139
1989,1270,1541.7604280142493
1989,1232,1195.4611370508358
1989,1131,1631.559461631026
1989,1442,1346.031709950163
1989,1228,1874.0796696693787
1989,1227,1401.3821015620283
1989,1222,1509.4879543617435
1989,1235,1653.2324634025038
1989,1220,1526.5265573992206
1989,1264,1348.3768460126983
1989,1242,1562.1639338976156
1989,1449,1502.589257904984
1989,1191,1719.5109141594207
1989,1263,1311.9141470722968
1989,1116,1771.231954565312
1989,1323,1654.8098459427704
1989,1382,1383.3924429468386
1989,1448,1499.5986892149954
1989,1383,1388.979468799753
1989,1457,1399.4174875208807
1989,1365,1612.3844364122647
1989,1334,1286.9224352041524
1989,1386,1334.2281389153259
1989,1145,1461.9924488457953
1989,1451,1521.39182020759
1989,1165,1444.8100657936372
1989,1279,1518.68174674004
1989,1372,1312.964734553811
1989,1427,1372.9011012500148
1989,1426,1331.9040935745477
1989,1431,1762.1973804277002
1989,1311,1286.2936572128124
1989,1341,1358.1269070384374
1989,1212,1537.5777838375104
1989,1184,1301.4178154925487
1989,1293,1552.2170795892057
1989,1249,1397.6592541491984
1989,1296,1412.6175086707278
1989,1183,1487.8240708461612
1989,1155,1639.4904588081263
1989,1121,1206.7930089202284
1989,1239,1464.6427613999142
1989,1157,1473.4264137909324
1989,1150,1567.3959321143018
1989,1111,1548.6718438769522
1989,1331,1449.2738897497
1989,1277,1578.2246523471686
1989,1202,1578.8923121232515
1989,1280,1498.823790341363
1989,1253,1496.7503918256677
1989,1325,1436.9699002861896
1989,1464,1212.1002847663867
1989,1406,1595.3276935458264
1989,1241,1416.375348233144
1989,1440,1393.4107563385971
1989,1106,1431.814805771498
1989,1275,1461.5692903125282
1989,1192,1538.7789167797284
1989,1343,1587.6434955236973
1989,1348,1459.9924770745754
1989,1108,1260.5284940870454
1989,1379,1439.594927960618
1989,1180,1383.189811215277
1989,1384,1393.6637478402909
1989,1447,1347.1455571714769
1989,1453,1428.8990797181145
1989,1330,1462.7680831043224
1989,1456,1242.5056928612112
1989,1161,1736.8503900924254
1989,1305,1500.0639660857298
1989,1112,1919.1541219784951
1989,1114,1682.0938364234564
1989,1269,1309.9829660812536
1989,1182,1420.5247233535258
1989,1290,1292.4211666236922
1989,1187,1476.422025599442
1989,1221,1400.021871154112
1989,1429,1476.0085268100668
1989,1258,1687.8864045327953
1989,1133,1512.3042960588032
1989,1358,1521.8391097347815
1989,1215,1295.1887678405876
1989,1444,1395.5371913151823
1989,1368,1182.6950352524698
1989,1200,1496.3330102259786
1989,1168,1580.699940905035
1989,1436,1265.8465365288866
1989,1309,1680.022548227508
1989,1363,1198.2254614696205
1989,1190,1618.6780297509147
1989,1409,1590.29977863251
1989,1153,1578.2751306689931
1989,1287,1418.1830857083603
1989,1156,1660.108154780707
1989,1398,1218.4760533909007
1989,1238,1426.5191676747784
1989,1396,1610.660321069256
1989,1376,1631.3727969870813
1989,1378,1254.9421100969798
1989,1388,1715.7531395585033
1989,1460,1433.7354315118114
1989,1292,1661.9673018462286
1989,1439,1470.2668642164676
1989,1418,1503.445051877935
1989,1412,1543.8556238048548
1989,1299,1355.343939864611
1989,1321,1404.5750788735916
1989,1273,1473.884846588074
1989,1144,1506.8770384020124
1989,1288,1466.6332812920334
1989,1347,1326.6148872828624
1989,1320,1508.101002749568
1989,1433,1484.8575220682694
1989,1110,1462.1563936665661
1989,1185,1513.8866506165696
1989,1380,1601.2826101160435
1989,1207,1864.7288779476849
1990,1143,1650.46138009305
1990,1102,1477.5252484163495
1990,1177,1633.998392018582
1990,1326,1693.2514630264047
1990,1222,1776.80680042493
1990,1455,1482.7024498973867
1990,1242,1779.5289662272012
1990,1412,1685.0323307444714
1990,1261,1636.899481267378
1990,1379,1637.156439176274
1990,1301,1582.1056794096155
1990,1350,1629.367991989229
1990,1385,1639.0548034473613
1990,1299,1435.6478563659593
1990,1424,1864.6299666728164
1990,1258,1699.6413052817968
1990,1375,1372.4742954133549
1990,1363,1363.252845254171
1990,1210,1831.2176510910792
1990,1209,1219.2547120117865
1990,1268,1608.7637294147614
1990,1190,1740.437217731922
1990,1206,1552.9706017099309
1990,1187,1383.5668891890814
1990,1438,1690.8312678567097
1990,1318,1542.0698808164998
1990,1285,1537.2148899239683
1990,1339,1410.0586040790715
1990,1307,1645.286942658896
1990,1215,1328.8250337539591
1990,1314,1649.7267370505272
1990,1241,1616.80986546315
1990,1333,1702.3320706692423
1990,1266,1491.3100786691639
1990,1344,1610.4740299125658
1990,1306,1251.7391614086423
1990,1345,1728.1997414145474
1990,1123,1740.4038722787054
1990,1374,1427.447204786046
1990,1317,1269.9050604203649
1990,1391,1513.2258071849933
1990,1133,1415.6014757631078
1990,1395,1544.9475221798664
1990,1408,1232.044712226615
1990,1397,1526.9425199174145
1990,1122,1369.109861876877
1990,1401,1480.115530964399
1990,1163,1847.8857382543104
1990,1418,1593.2365094001102
1990,1279,1570.3278361211408
1990,1427,1598.029176985507
1990,1426,1413.277155664697
1990,1433,1432.946920595693
1990,1273,1208.7091162887423
1990,1437,1652.5014244381277
1990,1361,1363.688419410216
1990,1284,1568.8322080151536
1990,1444,1312.1126304900997
1990,1281,1713.2819120350457
1990,1191,1523.5390405394237
1990,1319,1260.9166613223715
1990,1149,1369.5714838461874
1990,1277,1877.5689634848034
1990,1120,1539.2418895822645
1990,1280,1525.8923431496573
1990,1419,1681.8177420778716
1990,1104,1734.0497091752861
1990,1443,1445.104984731832
1990,1109,1383.0501254053243
1990,1179,1404.4807758392926
1990,1132,1591.0093471892742
1990,1239,1509.2633326059822
1990,1140,1617.6594057884827
1990,1373,1545.7609555114998
1990,1147,1633.1677246216548
1990,1124,1552.1185660078545
1990,1160,1455.332988509213
1990,1349,1372.4711914525092
1990,1185,1593.2715662466885
1990,1458,1473.2237683848018
1990,1197,1540.281974635901
1990,1126,1348.5004835988323
1990,1116,1801.319484622324
1990,1359,1284.8599347514596
1990,1291,1538.442594864739
1990,1234,1467.5445951565814
1990,1411,1601.4998075861774
1990,1243,1566.3497805724242
1990,1199,1475.9371355338744
1990,1247,1860.9980465488527
1990,1283,1754.704634692009
1990,1249,1313.3702925555933
1990,1267,1479.6070110200017
1990,1119,1392.9272318762808
1990,1201,1390.8939216620013
1990,1388,1271.0350968565856
1990,1272,1585.6178000676548
1990,1398,1264.0466111912099
1990,1352,1690.9725811249266
1990,1452,1539.5865889570425
1990,1335,1428.7751921355668
1990,1250,1562.779818819365
1990,1325,1421.649591496198
1990,1351,1343.162677173665
1990,1257,1775.075822122253
1990,1358,1350.9814929735578
1990,1461,1521.4389065137161
1990,1175,1431.2059269485842
1990,1304,1405.968177665282
1990,1282,1435.4134917819154
1990,1362,1271.4315872757518
1990,1414,1329.4937142326207
1990,1311,1185.562455325039
1990,1380,1625.888004730836
1990,1322,1327.934826403225
1990,1382,1281.929611284615
1990,1145,1422.82848252322
1990,1383,1349.8841391928006
1990,1162,1241.75306723899
1990,1384,1490.945584165186
1990,1174,1498.3448167414338
1990,1417,1645.61257244263
1990,1365,1308.1466177735197
1990,1420,1364.8863285078405
1990,1198,1260.5112930755436
1990,1423,1278.788920968503
1990,1144,1469.3866659725477
1990,1442,1481.8915255527918
1990,1139,1321.5590997178238
1990,1448,1556.958555233947
1990,1172,1160.8815491607613
1990,1453,1726.1312785249052
1990,1229,1676.9461704963987
1990,1264,1369.1155576847734
1990,1220,1487.261629592978
1990,1364,1666.087995215874
1990,1337,1589.1685600435621
1990,1263,1413.5467195328868
1990,1164,1731.8479142902402
1990,1256,1656.5688385036121
1990,1103,1468.1595115462233
1990,1434,1264.310758661591
1990,1111,1572.2951252177106
1990,1112,1843.1026084029456
1990,1276,1732.6612247339442
1990,1117,1450.7484011620961
1990,1212,1310.9434389606765
1990,1130,1324.9161601651238
1990,1271,1360.9430159933036
1990,1131,1610.6817071949686
1990,1232,1293.2980216434044
1990,1186,1568.4521360211256
1990,1153,1572.6790292019714
1990,1278,1698.4978957167907
1990,1155,1716.9136666312427
1990,1305,1492.8806935144212
1990,1161,1634.6686879004267
1990,1410,1659.2540435049605
1990,1178,1345.0081400277986
1990,1141,1508.6770779245408
1990,1181,1716.0323466291613
1990,1217,1431.4710514547878
1990,1200,1604.2876689986729
1990,1298,1231.877524637084
1990,1203,1437.5056556868478
1990,1259,1188.8867676000193
1990,1226,1277.8599109008228
1990,1129,1421.452391080513
1990,1231,1619.2310854310936
1990,1275,1489.684463801948
1990,1233,1468.581981451684
1990,1296,1581.0057083734227
1990,1235,1466.5330128019784
1990,1405,1458.0582014023007
1990,1173,1718.8761020513277
1990,1192,1542.9317117136056
1990,1218,1658.4971708971102
1990,1248,1442.567596358462
1990,1159,1331.2722634700076
1990,1253,1712.3855535448652
1990,1372,1114.7142762601818
1990,1356,1711.504718303358
1990,1152,1294.3197542230298
1990,1332,1551.7922297204723
1990,1286,1524.1627198007873
1990,1381,1416.2375603772334
1990,1450,1258.0537542219085
1990,1378,1605.265625080649
1990,1399,1534.1868197526157
1990,1251,1359.6524719173658
1990,1390,1632.4452888870485
1990,1393,1768.5594064858353
1990,1353,1548.435253904749
1990,1238,1332.7205351079788
1990,1425,1505.8514642344899
1990,1341,1330.2497202692032
1990,1431,1692.3778418032562
1990,1308,1775.8504540975657
1990,1435,1503.7347093720257
1990,1456,1249.399152959176
1990,1457,1511.3165301330944
1990,1387,1504.2369525248796
1990,1121,1328.6158041220503
1990,1110,1593.0475743972156
1990,1184,1478.733221546271
1990,1171,1430.73251253827
1990,1150,1544.5349652295506
1990,1274,1448.34290682796
1990,1166,1611.179153668779
1990,1165,1384.4582656742612
1990,1168,1424.6851482831814
1990,1148,1207.5955182602947
1990,1216,1482.9167695031012
1990,1180,1469.2335583054498
1990,1196,1303.3483567063986
1990,1309,1712.4436312254495
1990,1183,1340.4554544055263
1990,1439,1479.157451969888
1990,1270,1471.6874022873528
1990,1265,1512.6965687630598
1990,1221,1677.2125335268738
1990,1208,1671.2791822269232
1990,1386,1294.159554606251
1990,1343,1631.8587288697604
1990,1323,1610.703194301988
1990,1329,1531.8801860733997
1990,1338,1490.7214060203005
1990,1321,1385.722463084335
1990,1348,1497.7505669893162
1990,1135,1396.6915179454982
1990,1406,1609.227186697156
1990,1224,1280.3703396906762
1990,1389,1394.5931013357608
1990,1447,1435.356095155245
1990,1396,1683.2088423795622
1990,1400,1690.8655960356991
1990,1108,1321.3535163294362
1990,1429,1458.3403671325661
1990,1360,1528.269146164625
1990,1402,1406.6935813713412
1990,1451,1482.117224805045
1990,1154,1364.2858972792724
1990,1228,1735.4481936324457
1990,1245,1674.1808777158767
1990,1246,1545.6403519993385
1990,1293,1665.0775908449934
1990,1193,1377.1212623930128
1990,1328,1845.9498684734008
1990,1330,1504.4408107239824
1990,1334,1513.0531129144317
1990,1347,1336.4218799081746
1990,1376,1499.6557953378222
1990,1310,1304.420811337666
1990,1114,1647.1456900953187
1990,1157,1709.0740216200975
1990,1202,1440.340422876751
1990,1182,1368.961218200662
1990,1204,1472.1632971168028
1990,1428,1523.0500350054022
1990,1449,1411.8045447001434
1990,1421,1548.7096113937375
1990,1440,1502.3421383480722
1990,1409,1592.4288191818862
1990,1336,1628.0999875394878
1990,1436,1431.4507835150978
1990,1463,1618.544517541292
1990,1225,1730.0666528452696
1990,1260,1293.801644023001
1990,1113,1550.0090228866993
1990,1371,1484.8722908122404
1990,1254,1171.9444189522037
1990,1403,1191.2632760445083
1990,1137,1465.6720410505998
1990,1290,1413.6021200838613
1990,1211,1261.5827467035017
1990,1287,1463.4520353800362
1990,1134,1160.2794023383778
1990,1151,1478.5872427038576
1990,1320,1701.7428643365035
1990,1416,1290.8936547781973
1990,1288,1297.2022763720174
1990,1269,1554.9447699061373
1990,1460,1597.0784763890217
1990,1441,1297.0604931421306
1990,1462,1762.526642128143
1990,1227,1521.5172233814408
1990,1464,1332.8090748649313
1990,1106,1391.1118988026426
1990,1354,1434.5841614057188
1990,1207,1708.5951585954067
1990,1292,1472.852008178297
1990,1156,1556.7887502656095
1991,1112,1772.144139318693
1991,1122,1498.559722447338
1991,1116,1850.19217420712
1991,1435,1556.3782680014447
1991,1130,1364.7960999770567
1991,1272,1564.2516456208714
1991,1181,1802.8357541585838
1991,1266,1426.39347278582
1991,1190,1759.798340092819
1991,1140,1734.5860122676268
1991,1234,1621.81297605566
1991,1396,1643.991073423617
1991,1323,1473.9584603860374
1991,1200,1731.2929237792025
1991,1328,1473.8739736366233
1991,1309,1634.9078805640538
1991,1365,1435.527375797633
1991,1258,1553.5454204815323
1991,1301,1700.7776145227112
1991,1198,1245.8109407280808
1991,1304,1760.485652089289
1991,1387,1582.4170031622264
1991,1307,1627.5245293339713
1991,1426,1609.6200453284582
1991,1330,1518.2005312965014
1991,1320,1516.21852770914
1991,1337,1721.7265271505194
1991,1286,1371.5218806912517
1991,1344,1615.8744238246861
1991,1288,1338.4851053485634
1991,1350,1656.0100107867927
1991,1171,1323.2837447322456
1991,1362,1360.8533734690438
1991,1119,1234.0599171241602
1991,1376,1492.7719058836208
1991,1305,1550.9993241033674
1991,1416,1343.059919595752
1991,1368,1343.0552160953366
1991,1385,1651.7436732173176
1991,1284,1575.2794759306996
1991,1393,1766.4934364602555
1991,1405,1532.7121614420992
1991,1397,1451.0959090266983
1991,1398,1262.1932318632876
1991,1408,1578.151050640852
1991,1349,1619.7277036487712
1991,1412,1543.1651798719183
1991,1106,1495.6544788055276
1991,1293,1737.4450408615853
1991,1137,1514.1796210639734
1991,1417,1694.198143445706
1991,1414,1428.1657332500101
1991,1438,1628.3148211683933
1991,1373,1649.1754029961578
1991,1448,1674.5154847935992
1991,1224,1389.99321563291
1991,1463,1552.2015351695693
1991,1388,1517.3098425832507
1991,1384,1726.8400395483281
1991,1310,1402.3310050232606
1991,1292,1651.009865755264
1991,1290,1310.544194802303
1991,1390,1538.4486331349392
1991,1351,1453.8441215043474
1991,1277,1675.8308093137991
1991,1202,1614.180510844863
1991,1283,1597.5320615228616
1991,1419,1748.095851005477
1991,1108,1315.9980434275083
1991,1225,1612.6752793291164
1991,1129,1579.837432380803
1991,1434,1261.4319649162553
1991,1135,1405.1796495972999
1991,1250,1609.353955566894
1991,1147,1526.3100089779762
1991,1311,1196.230214701012
1991,1148,1204.7410297438544
1991,1172,1401.7574447429085
1991,1153,1560.9509334919487
1991,1358,1317.6248981784845
1991,1160,1544.9023206592517
1991,1169,1257.231536863243
1991,1173,1459.0085470874467
1991,1229,1224.776314697827
1991,1113,1677.4253374106236
1991,1242,1736.2258634206653
1991,1201,1542.4653591596134
1991,1109,1154.142159266196
1991,1197,1540.233017124553
1991,1126,1199.2575454147816
1991,1256,1730.7901405321886
1991,1395,1568.2593600326923
1991,1248,1253.0421963902486
1991,1131,1406.1471001588707
1991,1245,1365.0841086998794
1991,1401,1356.6403315024263
1991,1249,1456.5616639031223
1991,1359,1232.4813714748057
1991,1226,1414.2165161694998
1991,1186,1372.5677515481439
1991,1218,1572.3420450690019
1991,1418,1609.983253560121
1991,1208,1595.3907848599094
1991,1455,1394.3922162637637
1991,1231,1838.5131530494987
1991,1318,1621.542077956383
1991,1263,1441.72483140833
1991,1251,1182.237323207955
1991,1356,1527.7349455859583
1991,1443,1538.8466221597819
1991,1381,1469.4817996631082
1991,1302,1130.076606079074
1991,1378,1513.6358980727819
1991,1196,1453.4740776165754
1991,1371,1757.543549684195
1991,1233,1618.0049710108121
1991,1336,1677.623669757121
1991,1180,1462.321554629459
1991,1343,1784.5540140783658
1991,1156,1427.0234044372419
1991,1329,1731.0871510072152
1991,1159,1219.8242504036068
1991,1317,1517.3712147924746
1991,1253,1442.2787701271625
1991,1314,1837.4422147602127
1991,1361,1483.976074214676
1991,1391,1454.641875403734
1991,1345,1666.3023097304792
1991,1235,1578.6261218733478
1991,1433,1463.7044489261373
1991,1306,1206.8379681515087
1991,1228,1657.7972739452869
1991,1462,1673.618402868459
1991,1291,1326.4328221499288
1991,1461,1523.78400697636
1991,1267,1533.1346738110503
1991,1458,1540.2317986012886
1991,1332,1546.8410225286627
1991,1453,1762.5665284044915
1991,1451,1412.2490777958944
1991,1341,1247.7868202785146
1991,1449,1485.4653564231467
1991,1339,1295.5796947085007
1991,1192,1671.7278708677313
1991,1439,1538.564283887954
1991,1440,1368.4152415558988
1991,1437,1613.0869848742184
1991,1261,1643.3854426239739
1991,1427,1618.9395700556377
1991,1402,1319.501027706189
1991,1425,1676.9587794711827
1991,1152,1248.8819359495742
1991,1403,1287.487509888869
1991,1410,1381.5223735620823
1991,1212,1257.530420830482
1991,1409,1584.9750377691998
1991,1164,1587.3037534844577
1991,1285,1677.5339537352459
1991,1334,1495.1950251115904
1991,1177,1709.4479786461911
1991,1216,1437.067462798447
1991,1406,1588.176896869025
1991,1161,1504.140559411632
1991,1157,1719.6601953654595
1991,1460,1617.6302156706645
1991,1155,1446.4737800360667
1991,1420,1358.4785412403094
1991,1144,1257.3745842974054
1991,1429,1408.0689991928125
1991,1120,1462.8216528365883
1991,1411,1485.3789440072844
1991,1117,1679.6170952075506
1991,1111,1530.063903289521
1991,1374,1478.17217277761
1991,1104,1698.3075170222362
1991,1174,1547.4543342562788
1991,1139,1542.1141258223668
1991,1442,1431.4470100152803
1991,1191,1464.8274843836512
1991,1275,1489.9542797514332
1991,1204,1469.5989057849474
1991,1133,1336.181918871463
1991,1271,1146.386208524957
1991,1383,1470.0546209248425
1991,1264,1421.430094692502
1991,1220,1404.1967317693745
1991,1260,1381.9118240885366
1991,1444,1275.6005361243924
1991,1259,1410.5386476949054
1991,1203,1635.3420289711669
1991,1217,1320.9288879644723
1991,1298,1299.4540719380554
1991,1243,1491.276805585775
1991,1103,1473.9578627163778
1991,1246,1719.9939072987295
1991,1335,1414.91690692824
1991,1241,1605.3070761327153
1991,1265,1338.208578197111
1991,1238,1590.671968681717
1991,1222,1562.076613506033
1991,1143,1533.952207522897
1991,1210,1581.4051094732893
1991,1121,1520.3158582145318
1991,1209,1533.5635062200279
1991,1154,1273.001442164062
1991,1206,1508.8200300877302
1991,1274,1430.0390762746174
1991,1319,1209.3549763003857
1991,1326,1794.2537295683208
1991,1278,1463.624720603751
1991,1352,1580.8941917487339
1991,1308,1692.37758402623
1991,1382,1239.7537259018532
1991,1325,1561.2862687603736
1991,1338,1606.6879541585233
1991,1165,1426.5269733232221
1991,1269,1549.5707444261002
1991,1363,1364.8571804383416
1991,1423,1365.4730599476952
1991,1454,1558.0197375592759
1991,1151,1618.9420367807127
1991,1287,1501.1194872319957
1991,1421,1239.5045430608948
1991,1268,1646.4199185420705
1991,1280,1660.0689038856501
1991,1399,1401.5177122088098
1991,1114,1412.893387676192
1991,1322,1193.9022837191396
1991,1187,1384.046362209033
1991,1386,1544.8917467906524
1991,1372,1385.1299041036755
1991,1232,1524.5029497988694
1991,1168,1423.2014827898522
1991,1364,1495.450940520014
1991,1239,1253.2477329906194
1991,1456,1415.8266982902082
1991,1360,1484.7385858085438
1991,1375,1701.9096426199437
1991,1400,1715.5044983071552
1991,1221,1533.9105298194213
1991,1452,1526.620400415744
1991,1296,1737.232411096019
1991,1353,1662.0441530546177
1991,1281,1756.3080766259302
1991,1124,1414.4892605282782
1991,1211,1439.5495337949978
1991,1150,1438.3563482408433
1991,1299,1499.2218207831822
1991,1163,1636.9622575075714
1991,1145,1346.9341919556505
1991,1199,1726.8800053983277
1991,1179,1296.3977100313928
1991,1247,1585.7172689470929
1991,1162,1303.2582770416964
1991,1193,1323.1333374533483
1991,1175,1497.7104699297242
1991,1333,1532.561972636062
1991,1347,1575.6031673561406
1991,1428,1818.0050396958027
1991,1380,1480.9988082092689
1991,1149,1352.6451259697892
1991,1276,1532.0491998099658
1991,1141,1485.6607962501005
1991,1279,1359.0151824694622
1991,1123,1594.2496037138726
1991,1182,1546.831810723512
1991,1178,1316.125937737683
1991,1132,1559.3293318277722
1991,1273,1180.6495872607752
1991,1254,1368.1608684846087
1991,1431,1463.3424060508228
1991,1354,1430.064634522928
1991,1441,1329.2747789022333
1991,1102,1318.4747016597612
1991,1110,1512.4349581238846
1991,1134,1338.5652925653862
1991,1227,1426.3560107102326
1991,1270,1322.8603378469406
1991,1379,1613.2008111510454
1991,1389,1751.080800936227
1991,1436,1390.6960379527245
1991,1447,1176.8647018336057
1991,1166,1750.5112668976594
1991,1282,1452.5033074443736
1991,1348,1393.4517021103468
1991,1464,1357.531941351055
1991,1321,1245.9962000007938
1991,1457,1308.671475107352
1991,1424,1940.6325299006567
1991,1257,1598.768638517115
1991,1450,1511.3418504042472
1991,1183,1581.8973979619977
1991,1184,1591.6623764510293
1991,1185,1746.2082745884159
1991,1207,1629.1268346109107
1992,1417,1798.6870249827655
1992,1231,1753.475538750316
1992,1161,1457.0443147643339
1992,1129,1503.2055638292136
1992,1210,1671.191509774576
1992,1241,1602.1895333182295
1992,1246,1826.7965593373067
1992,1452,1645.0628662005536
1992,1329,1738.0107266359785
1992,1191,1794.887795257595
1992,1338,1506.0855741323294
1992,1264,1644.5547986000934
1992,1343,1680.9424875023262
1992,1284,1577.5637992480392
1992,1345,1592.8305111180975
1992,1123,1626.9722971389738
1992,1400,1689.6698474153948
1992,1449,1415.5602952566674
1992,1374,1362.1138918560507
1992,1402,1296.3323503441945
1992,1344,1474.177680431556
1992,1306,1267.6903951534096
1992,1360,1469.568398308787
1992,1361,1178.778517170727
1992,1364,1622.9191133485276
1992,1350,1673.5949002009938
1992,1371,1715.100469199675
1992,1383,1522.6478213906978
1992,1378,1666.4546544363823
1992,1391,1325.332646550289
1992,1450,1626.0598118212256
1992,1148,1261.3343462666492
1992,1388,1383.7853087987303
1992,1451,1536.6832810562146
1992,1390,1613.0665651815534
1992,1259,1562.5500965386434
1992,1395,1598.1245926377696
1992,1368,1239.7709467307395
1992,1408,1595.9739950712692
1992,1359,1374.3646935648019
1992,1307,1623.81043979135
1992,1226,1396.4359568425896
1992,1463,1539.5956404939204
1992,1159,1406.3269203910027
1992,1381,1584.230189648296
1992,1372,1420.6259175494015
1992,1301,1478.547255849649
1992,1198,1293.226267416188
1992,1349,1573.9689935932786
1992,1334,1533.5491433371133
1992,1269,1859.810606898294
1992,1373,1599.7625500725144
1992,1285,1766.8466593129774
1992,1332,1293.8066870451491
1992,1110,1457.2517448673682
1992,1410,1149.7707439538901
1992,1139,1665.3196960019789
1992,1169,1480.0464382715013
1992,1143,1429.387785257784
1992,1305,1647.5829105039884
1992,1151,1670.6962012945135
1992,1280,1497.1146497178756
1992,1153,1835.3314708659736
1992,1122,1366.8450688624498
1992,1163,1594.70589082965
1992,1216,1257.3670804670637
1992,1147,1294.6327666777913
1992,1212,1234.4878869280346
1992,1201,1391.9004112447556
1992,1365,1539.018711843185
1992,1225,1584.7474587519848
1992,1170,1212.8200821316161
1992,1250,1426.5861698503995
1992,1217,1351.0707540166452
1992,1258,1523.3137700112666
1992,1288,1307.8372203834601
1992,1261,1691.9356419842077
1992,1419,1639.2400345304427
1992,1266,1561.3781715340215
1992,1341,1089.3801786273825
1992,1182,1484.6600440865802
1992,1412,1578.902728072041
1992,1320,1336.058928178762
1992,1418,1699.4094733764664
1992,1337,1799.4862883396147
1992,1239,1471.0476025868152
1992,1348,1632.228548199142
1992,1318,1378.1272848661163
1992,1385,1656.8179771668913
1992,1310,1493.3731868369916
1992,1453,1699.151033426823
1992,1369,1407.2960851093617
1992,1433,1511.7131352543872
1992,1229,1586.7654712065487
1992,1434,1243.5912428273668
1992,1102,1299.518068137665
1992,1444,1615.9274750846062
1992,1192,1488.2267779806534
1992,1447,1510.451982074317
1992,1351,1485.854194722037
1992,1448,1582.5554480484595
1992,1422,1258.5878378526852
1992,1458,1417.6499137280578
1992,1260,1478.0769917721077
1992,1461,1525.4815683481513
1992,1256,1659.243218138405
1992,1317,1509.3040202992715
1992,1403,1532.6426640958855
1992,1428,1567.8976082001616
1992,1426,1537.2349825229771
1992,1431,1709.149760857599
1992,1411,1472.2734546479928
1992,1292,1471.1765402892581
1992,1117,1582.4051008921779
1992,1104,1712.78707890049
1992,1172,1406.1608232311821
1992,1114,1539.1517934433207
1992,1108,1452.8335736815561
1992,1119,1206.0568904641568
1992,1165,1354.0129983997574
1992,1133,1250.2284719463307
1992,1387,1299.8529936211387
1992,1145,1232.5231724300158
1992,1138,1116.2741237490568
1992,1152,1285.5058836524718
1992,1178,1396.572914079789
1992,1304,1673.3707971506617
1992,1358,1163.4570862197936
1992,1158,1500.3239143172502
1992,1150,1699.4325490023896
1992,1196,1590.5698164088615
1992,1197,1486.0816029688294
1992,1204,1651.8519941064148
1992,1126,1227.5332096520103
1992,1220,1615.5558439505744
1992,1298,1194.1320308869708
1992,1222,1793.8298785622899
1992,1437,1600.9637859888253
1992,1234,1651.010184354604
1992,1271,1122.7265657148955
1992,1242,1853.4003818233932
1992,1420,1388.1207985474286
1992,1243,1584.8014906268027
1992,1427,1624.5953571977566
1992,1257,1622.3316159890635
1992,1224,1586.3477923742753
1992,1263,1526.2222600798225
1992,1319,1245.6019757547201
1992,1268,1546.1828374958195
1992,1291,1250.0862304498562
1992,1356,1606.3989305194727
1992,1314,1679.0350195801987
1992,1154,1309.604305894412
1992,1436,1479.8890016874975
1992,1235,1600.5861612620886
1992,1281,1642.2488327430217
1992,1425,1784.6946906517896
1992,1308,1692.6167774361672
1992,1398,1197.504257845395
1992,1336,1677.3836941597106
1992,1228,1551.4938347198338
1992,1113,1581.9097562084664
1992,1401,1331.7838997731471
1992,1296,1428.978640721824
1992,1311,1489.737617150328
1992,1423,1444.1542717176496
1992,1435,1572.321953136874
1992,1399,1492.5579908912116
1992,1248,1380.231248355187
1992,1438,1598.3463937288593
1992,1456,1253.7333326303756
1992,1455,1358.5462494029916
1992,1279,1398.8926791383378
1992,1238,1419.367684756174
1992,1277,1702.0011956528822
1992,1249,1417.7255659628602
1992,1180,1566.417937783282
1992,1270,1243.5621819959883
1992,1116,1741.9333200331553
1992,1278,1507.3059908614
1992,1124,1431.019688655182
1992,1253,1576.837735538107
1992,1156,1529.1115801161673
1992,1132,1536.794157367648
1992,1157,1348.0754188397023
1992,1354,1479.3603361187984
1992,1160,1541.8809387034253
1992,1406,1588.708767592532
1992,1454,1531.3948013664567
1992,1173,1504.6251613894417
1992,1175,1339.5651329804841
1992,1181,1909.941369614928
1992,1187,1358.3658441658217
1992,1183,1604.6006023253387
1992,1232,1491.2224551136014
1992,1190,1743.6896869948473
1992,1397,1573.4182534882386
1992,1111,1527.7362989733188
1992,1168,1477.6404333849687
1992,1362,1501.9534878808029
1992,1227,1548.029985965215
1992,1302,1297.410181315689
1992,1333,1496.0148738947719
1992,1309,1516.691547121782
1992,1328,1741.143365961087
1992,1376,1371.972831392765
1992,1326,1801.2019708300777
1992,1275,1744.6277414470405
1992,1283,1702.8628066855872
1992,1363,1190.8515597159835
1992,1206,1263.8600065904798
1992,1339,1330.2859308133598
1992,1186,1270.824832438564
1992,1393,1668.0871365482992
1992,1409,1554.804246793949
1992,1347,1560.7661198653373
1992,1441,1378.1671151434573
1992,1421,1387.820061761771
1992,1382,1415.5932716866025
1992,1211,1588.1286405736143
1992,1405,1269.7610661828385
1992,1200,1634.0254060939528
1992,1106,1375.5151078840593
1992,1162,1460.9500283296993
1992,1130,1506.1954907046838
1992,1135,1405.2821747925298
1992,1131,1337.6849188341948
1992,1137,1598.948217953164
1992,1323,1639.160298004819
1992,1140,1749.1693414410483
1992,1429,1527.9445246938094
1992,1254,1419.3191447115248
1992,1233,1480.2239308697162
1992,1199,1665.9687945821643
1992,1208,1561.0287479142348
1992,1273,1387.8927851242236
1992,1442,1365.6935787491475
1992,1166,1325.4281687740418
1992,1164,1377.3251365657486
1992,1457,1181.3057326062224
1992,1443,1625.8083868826436
1992,1290,1585.6817615442558
1992,1379,1532.2344072590608
1992,1375,1476.9294314364995
1992,1174,1773.0665700822324
1992,1287,1434.372778616597
1992,1439,1429.9522889950172
1992,1282,1590.1657884114557
1992,1120,1459.9400417729355
1992,1416,1318.2329505233856
1992,1144,1598.7389556489386
1992,1335,1581.4118005683936
1992,1440,1341.5895063111604
1992,1274,1321.2468728159192
1992,1112,1745.1341562849425
1992,1177,1707.952500884572
1992,1272,1697.7296904568643
1992,1218,1522.2983650965932
1992,1286,1393.5641157016316
1992,1247,1709.6192928729472
1992,1185,1328.7030597094683
1992,1330,1619.2618857663585
1992,1386,1492.9784288284552
1992,1353,1561.0256728920756
1992,1384,1427.8766085247994
1992,1293,1628.550704540404
1992,1424,1862.4623525054953
1992,1325,1555.6197360695105
1992,1464,1173.817928259842
1992,1462,1545.5875200385872
1992,1193,1371.2233596459519
1992,1414,1350.4934525672875
1992,1221,1554.6806034674453
1992,1321,1370.4098221239751
1992,1202,1519.7577492395924
1992,1184,1528.4254357561874
1992,1155,1466.6735399099757
1992,1134,1182.5765977169735
1992,1103,1484.9248308487508
1992,1203,1538.5276922418002
1992,1251,1550.002170747099
1992,1171,1343.3135215981831
1992,1322,1400.2717940421182
1992,1352,1633.6858502197174
1992,1267,1345.5410074228564
1992,1265,1397.5025099045718
1992,1276,1722.3833020309455
1992,1299,1522.9629467477544
1992,1396,1650.8803633595003
1992,1460,1441.3428059997277
1992,1179,1241.9085839647798
1992,1245,1395.6735937081335
1992,1141,1381.7135185817776
1992,1149,1441.2373528172132
1992,1207,1671.3103546229345
1992,1389,1325.06423851115
1992,1380,1518.1946372319167
1992,1209,1468.6473758814072
1993,1199,1725.5910482353895
1993,1373,1553.8197688741006
1993,1231,1883.7695231091234
1993,1293,1520.154133192189
1993,1235,1657.559550140482
1993,1232,1388.4671733393047
1993,1371,1843.8926192046674
1993,1174,1708.6826922587345
1993,1397,1491.2047760462108
1993,1353,1534.206246358233
1993,1408,1591.4024111460021
1993,1447,1543.0379031741993
1993,1417,1652.279924054447
1993,1387,1481.8277586533177
1993,1431,1620.9393943587038
1993,1206,1309.9311912563737
1993,1228,1608.210969665593
1993,1173,1242.511028086781
1993,1435,1793.339087657291
1993,1412,1538.0366993716407
1993,1308,1713.2928606655505
1993,1151,1767.9819984872006
1993,1332,1367.8153383622493
1993,1345,1631.1436171164742
1993,1163,1543.1601549641582
1993,1378,1396.7420740655048
1993,1126,1196.6750929885695
1993,1374,1663.102517181039
1993,1402,1428.9294173261521
1993,1265,1394.6770794512067
1993,1351,1617.0493078407421
1993,1369,1489.1142433211276
1993,1453,1430.5361613895009
1993,1365,1661.2271217427285
1993,1363,1332.4147482140067
1993,1360,1479.7114587260924
1993,1361,1334.5285401311796
1993,1343,1466.4643917476183
1993,1248,1315.1088185465726
1993,1344,1653.0984024213165
1993,1135,1271.7801377263004
1993,1333,1495.9891185283718
1993,1334,1610.3758681793047
1993,1326,1630.5030227857733
1993,1325,1488.318170243372
1993,1319,1359.9319857049798
1993,1388,1461.760747991908
1993,1318,1640.689719290942
1993,1119,1222.6885195967789
1993,1314,1876.5038506459027
1993,1330,1671.9300884338027
1993,1381,1440.1300734494123
1993,1285,1488.677870582897
1993,1348,1673.5050722493318
1993,1200,1513.4648739596526
1993,1382,1407.184951129322
1993,1298,1290.9014771075254
1993,1438,1674.5298119317322
1993,1335,1765.6459058279806
1993,1389,1346.3344553283825
1993,1271,1362.1257714518515
1993,1456,1444.725970061061
1993,1422,1399.9692043694442
1993,1454,1659.8053840397058
1993,1444,1577.3363090035907
1993,1452,1638.4459710245114
1993,1352,1346.2505947217787
1993,1448,1677.605670864842
1993,1347,1424.5185951194237
1993,1442,1293.9759961064665
1993,1302,1429.4360394803712
1993,1283,1567.6647471565443
1993,1282,1512.1475699666705
1993,1436,1359.0402891022452
1993,1463,1441.4490470596343
1993,1385,1646.65127018757
1993,1383,1392.76533983383
1993,1434,1469.1500995963215
1993,1102,1280.3767120755756
1993,1423,1487.342556857207
1993,1301,1414.3770832583596
1993,1409,1476.0968258341127
1993,1317,1271.9614367394759
1993,1406,1601.465836156538
1993,1259,1202.2936971724753
1993,1403,1605.706646428381
1993,1337,1625.9657509162223
1993,1398,1639.0250406513958
1993,1238,1665.5686815952283
1993,1395,1329.822471074661
1993,1256,1323.6293088965672
1993,1393,1695.6477298758077
1993,1165,1609.7625315962514
1993,1433,1644.9852103662538
1993,1306,1329.4329724219783
1993,1280,1449.9794356020805
1993,1122,1331.626560576879
1993,1264,1771.9759304699023
1993,1220,1381.1338667874913
1993,1276,1870.9077041054693
1993,1349,1610.8219349078252
1993,1186,1232.9087071774395
1993,1339,1307.4455597377196
1993,1183,1384.6690798914046
1993,1263,1302.2056018397063
1993,1182,1503.6972435921323
1993,1336,1356.4826193434747
1993,1181,1732.8046046148859
1993,1145,1425.9901311340918
1993,1180,1668.1585800381788
1993,1250,1250.2002879802014
1993,1177,1535.1981971925295
1993,1152,1221.897189364085
1993,1277,1545.1225322969474
1993,1287,1307.070356485989
1993,1160,1416.71000514269
1993,1161,1498.6859509290282
1993,1153,1810.511103349224
1993,1411,1439.5949985141642
1993,1150,1539.9058901075546
1993,1299,1476.8333283772388
1993,1143,1729.9306092949844
1993,1170,1223.0983695510567
1993,1140,1695.4573572689008
1993,1113,1636.5124563803115
1993,1137,1687.421245422807
1993,1291,1431.1237760634913
1993,1131,1302.5455770010665
1993,1414,1332.8174043730523
1993,1104,1559.2663668745563
1993,1455,1363.5037041332446
1993,1193,1485.5946097385286
1993,1192,1386.4292774560522
1993,1196,1552.7051722943752
1993,1391,1476.8956392681469
1993,1201,1492.1250024869692
1993,1169,1372.6936104596632
1993,1198,1507.0430260012956
1993,1274,1438.8220174965304
1993,1268,1461.9964904970848
1993,1420,1429.3734160968668
1993,1261,1669.8520020039175
1993,1270,1459.3694429476436
1993,1260,1310.6884704469805
1993,1458,1503.9142263383444
1993,1243,1635.4994277508324
1993,1164,1721.13590698621
1993,1242,1726.8110949832126
1993,1208,1612.0449661691935
1993,1138,1244.474619645447
1993,1241,1641.8573977286271
1993,1202,1441.86546624459
1993,1233,1562.1059486985926
1993,1162,1555.6359535314996
1993,1139,1401.196591842411
1993,1221,1724.7596983361907
1993,1217,1305.984483835955
1993,1216,1506.207539555733
1993,1171,1376.5223359637728
1993,1210,1758.076746865091
1993,1197,1412.2948365731615
1993,1288,1343.778587475175
1993,1203,1654.8372210480593
1993,1284,1369.2207151176433
1993,1234,1697.7520550992872
1993,1290,1481.5381367540836
1993,1338,1560.0090400664371
1993,1384,1331.2342988744965
1993,1443,1794.0762321650873
1993,1246,1837.198790029972
1993,1460,1583.6629218338917
1993,1154,1461.245056105541
1993,1149,1310.4691582642085
1993,1155,1602.902330336982
1993,1251,1383.2703616821684
1993,1116,1673.1507018712286
1993,1272,1656.1326264997756
1993,1269,1808.2384842551878
1993,1354,1448.0180604110221
1993,1464,1149.2257186951772
1993,1321,1414.9203985805125
1993,1428,1666.1979348227312
1993,1218,1490.5466150809223
1993,1311,1471.258960110246
1993,1399,1484.7050988562053
1993,1390,1275.010121257921
1993,1227,1519.2424334973714
1993,1320,1425.7388770139958
1993,1307,1779.2229184415764
1993,1401,1466.3936889671209
1993,1421,1136.4732820684997
1993,1368,1404.7012243228342
1993,1166,1382.1244094700282
1993,1185,1462.7334201243525
1993,1404,1264.6110661760893
1993,1110,1470.0996354206359
1993,1328,1594.8389481296008
1993,1362,1511.936837324313
1993,1451,1605.5349895851728
1993,1304,1652.6211084387198
1993,1159,1544.3852609246144
1993,1323,1359.071608829354
1993,1376,1388.411966662408
1993,1364,1626.5025317859834
1993,1292,1343.356924078571
1993,1108,1381.3880279468349
1993,1400,1448.9274544354903
1993,1386,1633.5039369699623
1993,1379,1488.1927818701536
1993,1103,1260.3180138536186
1993,1380,1628.7819685642912
1993,1449,1436.045003745233
1993,1129,1679.000898012034
1993,1372,1429.4187353965085
1993,1450,1525.6906648889335
1993,1117,1591.4400295987373
1993,1419,1775.5590380877406
1993,1123,1707.0911755828504
1993,1124,1500.9663026868716
1993,1429,1404.0056527914526
1993,1168,1504.725346446547
1993,1190,1570.588030371509
1993,1147,1276.7755872301366
1993,1141,1286.7087336611175
1993,1175,1432.136013307756
1993,1225,1616.5720004344594
1993,1114,1531.3182875451614
1993,1410,1219.0583395259703
1993,1245,1421.5533415368295
1993,1226,1420.0614285680633
1993,1253,1641.212958651911
1993,1266,1610.3568077815326
1993,1254,1350.810477355133
1993,1211,1601.2939894636513
1993,1212,1403.87835230056
1993,1310,1655.8361824011372
1993,1375,1523.1407380535998
1993,1350,1539.7941838052595
1993,1440,1184.3697073428805
1993,1267,1458.6360537911287
1993,1425,1551.1018663043799
1993,1439,1353.6197779367417
1993,1441,1258.6377452694321
1993,1437,1330.4605563762648
1993,1133,1479.249200972482
1993,1424,1615.9453739182447
1993,1258,1234.1183009142649
1993,1416,1303.981810278586
1993,1457,1402.8303782539222
1993,1427,1484.5866961676272
1993,1359,1500.677995713286
1993,1179,1456.0963075036896
1993,1178,1449.3166340048406
1993,1405,1499.533748331652
1993,1224,1336.1559801297542
1993,1144,1418.8429502909717
1993,1329,1614.1648609315075
1993,1130,1555.8543730135293
1993,1111,1402.377104297171
1993,1286,1337.795668813591
1993,1106,1475.1031759829689
1993,1148,1224.922881309045
1993,1273,1416.6202464658818
1993,1257,1732.3201201731677
1993,1281,1616.7091413617134
1993,1120,1596.0267774985193
1993,1222,1662.3931559551686
1993,1191,1739.0510875172035
1993,1112,1845.0763841427313
1993,1461,1414.2998048144566
1993,1462,1700.4962184700569
1993,1275,1624.2860122691636
1993,1229,1622.0189976659126
1993,1247,1524.2915026994249
1993,1184,1519.730192214343
1993,1396,1687.60762948351
1993,1341,1135.1462661917149
1993,1204,1554.2519360058861
1993,1187,1540.6505035022917
1993,1239,1245.0267930793577
1993,1132,1421.882455028949
1993,1279,1436.7467564009166
1993,1156,1658.0159542946565
1993,1207,1540.330987694979
1993,1356,1661.7470289100502
1993,1157,1661.9141301596374
1993,1426,1498.1733668034506
1993,1418,1514.7752194707764
1993,1305,1377.3711066739704
1993,1278,1618.6479852608657
1993,1322,1436.050521937288
1993,1296,1483.6972877094865
1993,1358,1275.113340394249
1993,1209,1408.3527259173736
1993,1249,1448.561966784144
1993,1158,1506.2433428174681
1993,1309,1805.9898198368205
1993,1172,1502.0558383276757
1994,1143,1710.0147395666704
1994,1365,1398.3837024223383
1994,1153,1727.683516404041
1994,1139,1553.4521478543277
1994,1208,1495.5656305139364
1994,1106,1507.7784775317357
1994,1242,1711.8270970917235
1994,1444,1452.7646183929694
1994,1269,1817.9179599830911
1994,1156,1510.337641926394
1994,1278,1657.4636900700086
1994,1349,1471.1539322690783
1994,1314,1814.0648518621706
1994,1443,1667.75605127962
1994,1406,1644.613030538182
1994,1385,1462.364924426796
1994,1221,1476.419290328939
1994,1135,1428.1105078281553
1994,1329,1741.7295396246868
1994,1344,1773.507790020883
1994,1345,1847.8558601334196
1994,1453,1745.0996541040743
1994,1451,1605.2645578259614
1994,1301,1459.8305935625574
1994,1339,1403.3628433666738
1994,1218,1643.2323815846485
1994,1450,1642.302229445298
1994,1164,1660.6437782716841
1994,1448,1660.8260363352513
1994,1447,1564.0164997710276
1994,1362,1537.3238273049421
1994,1435,1582.4941116755003
1994,1336,1539.0357890121518
1994,1397,1276.334538728346
1994,1404,1219.9373280547368
1994,1390,1590.3110412263968
1994,1169,1377.2402245540377
1994,1386,1554.6494794751973
1994,1175,1273.1170451822372
1994,1363,1532.4215148649969
1994,1211,1634.8764894794
1994,1331,1208.793621654429
1994,1358,1328.3247490933497
1994,1285,1494.1215798030455
1994,1170,1131.3752053596593
1994,1351,1689.6296125915305
1994,1137,1353.651377400665
1994,1276,1716.9592752780848
1994,1210,1592.0906342268668
1994,1277,1658.5279522619142
1994,1334,1468.0475855492853
1994,1129,1617.3461457929752
1994,1373,1634.5818443656262
1994,1131,1377.0522779638393
1994,1119,1311.5021382771251
1994,1190,1537.43112976675
1994,1460,1454.749946613557
1994,1196,1723.2019638207796
1994,1198,1363.267069159072
1994,1197,1161.4310452765085
1994,1126,1418.3153071053143
1994,1111,1514.1897307221784
1994,1423,1560.3213873483742
1994,1261,1371.0001027974295
1994,1400,1751.4415470273827
1994,1268,1571.5563531620508
1994,1207,1662.9995831355357
1994,1272,1547.8672002680682
1994,1108,1238.5446717839616
1994,1274,1287.2627400497433
1994,1194,1298.7763054531595
1994,1227,1638.239394533441
1994,1372,1351.4716419547613
1994,1375,1496.0253455881214
1994,1341,1192.9520971545764
1994,1335,1776.8102399329025
1994,1425,1612.324957724628
1994,1290,1370.8282898199116
1994,1330,1618.8368875099006
1994,1376,1441.3278745213786
1994,1374,1329.1791126990247
1994,1379,1583.5735265328747
1994,1243,1545.6440274961055
1994,1319,1523.9862546143756
1994,1402,1723.5794693699552
1994,1338,1439.4403292026172
1994,1464,1210.1846064937295
1994,1417,1664.5199729374467
1994,1258,1323.737109930453
1994,1405,1535.1556694004626
1994,1193,1344.1987983771257
1994,1408,1643.7504439068405
1994,1147,1456.0674541383842
1994,1412,1657.8309534036996
1994,1426,1230.3198988000563
1994,1422,1490.070991473366
1994,1292,1313.5716131335462
1994,1433,1509.9716773041546
1994,1241,1642.645183168451
1994,1436,1408.25144120645
1994,1248,1304.7145198665828
1994,1439,1608.6635188554774
1994,1452,1504.9540309949457
1994,1458,1569.546852655142
1994,1454,1380.6799308284687
1994,1306,1556.5190267412056
1994,1171,1437.0125584967218
1994,1387,1677.3637757166841
1994,1273,1213.8469280024892
1994,1304,1774.3701676004466
1994,1427,1408.0548449679504
1994,1239,1579.8440838135791
1994,1391,1466.693397068948
1994,1298,1594.7386496754175
1994,1102,1364.5448081751426
1994,1113,1572.7753689906647
1994,1140,1625.0006351979746
1994,1130,1609.7683571546909
1994,1216,1559.9968908373069
1994,1133,1625.7359821607363
1994,1263,1706.6523313967084
1994,1231,1688.8253910613334
1994,1159,1516.7861627009402
1994,1463,1421.327121467816
1994,1163,1787.3233501413072
1994,1177,1554.1225488303755
1994,1152,1202.3450675345491
1994,1181,1751.3449567726302
1994,1318,1244.3011744082753
1994,1182,1586.813789738825
1994,1352,1468.251584657809
1994,1191,1570.336705611151
1994,1369,1305.6350931025625
1994,1124,1477.8562367898003
1994,1317,1510.664388795771
1994,1284,1578.2110269108953
1994,1174,1489.9068587489335
1994,1283,1439.7343631595143
1994,1282,1458.701371866985
1994,1165,1314.6185565652281
1994,1265,1480.4823833244225
1994,1138,1338.4973173598905
1994,1260,1296.1778598917022
1994,1288,1349.0352950494284
1994,1266,1706.9317538562775
1994,1247,1403.8490188084643
1994,1343,1606.751002741107
1994,1246,1811.8189430744571
1994,1257,1795.4005699045586
1994,1233,1306.9287217108956
1994,1141,1342.9801689655035
1994,1222,1420.8197030016267
1994,1103,1297.0814731188266
1994,1250,1324.0914175500009
1994,1220,1372.019651347086
1994,1206,1395.795001610877
1994,1407,1427.3134571184687
1994,1305,1377.620569870029
1994,1401,1572.1139303919656
1994,1393,1727.5051969270492
1994,1353,1519.083538467857
1994,1264,1630.0057527333
1994,1286,1489.244185720273
1994,1328,1551.7490808525383
1994,1120,1483.094696938231
1994,1323,1483.5001087647565
1994,1434,1624.6755964056981
1994,1166,1299.5515891139144
1994,1449,1338.4315487917347
1994,1321,1560.742693566612
1994,1442,1329.501785763897
1994,1326,1528.5747454560583
1994,1350,1519.1701748720386
1994,1347,1568.8200452538463
1994,1371,1636.8548027408935
1994,1389,1475.673448264223
1994,1382,1430.8791123693568
1994,1145,1723.4466198145883
1994,1122,1361.7637221933196
1994,1158,1764.6074328680832
1994,1354,1461.5162259815766
1994,1238,1587.6454405882912
1994,1398,1598.9689736012583
1994,1112,1772.0877303958425
1994,1116,1796.3841523941637
1994,1293,1661.1806348011346
1994,1117,1534.8688929659236
1994,1403,1613.5112914889128
1994,1383,1107.7212451920204
1994,1150,1568.606870617703
1994,1187,1493.2103322230148
1994,1461,1478.085973165676
1994,1259,1612.3501302043896
1994,1456,1247.426388222197
1994,1217,1295.0532745296816
1994,1160,1404.2734902492873
1994,1438,1648.1633729195275
1994,1203,1657.495635889975
1994,1110,1381.990183845377
1994,1155,1559.7052935405623
1994,1428,1497.4715688345038
1994,1414,1405.5754399512282
1994,1388,1427.9116435753065
1994,1364,1408.6083618196838
1994,1162,1235.713167299141
1994,1378,1384.8526756339936
1994,1280,1558.8018013718013
1994,1311,1540.999024711142
1994,1253,1543.5640134708663
1994,1178,1585.8832378915934
1994,1299,1573.7565208529718
1994,1123,1584.5075153805365
1994,1234,1470.1715499020186
1994,1179,1416.918114968341
1994,1224,1304.0391977599165
1994,1302,1446.7696814508206
1994,1337,1653.1606267528737
1994,1201,1657.9176034578734
1994,1384,1475.6854990431148
1994,1440,1229.1781203011935
1994,1396,1741.24679700981
1994,1409,1683.343362103311
1994,1212,1227.097516603305
1994,1310,1335.9306885944413
1994,1437,1614.1408766452628
1994,1457,1227.3936747580346
1994,1287,1427.4429477714452
1994,1421,1176.236229423914
1994,1348,1489.656072452233
1994,1411,1645.4036478193286
1994,1151,1703.0280057153009
1994,1104,1705.61379159334
1994,1149,1406.6340550906677
1994,1180,1761.8271228581532
1994,1154,1326.017433261276
1994,1184,1372.917391061311
1994,1399,1337.57760474076
1994,1245,1448.6567962272636
1994,1296,1354.7716063428886
1994,1183,1398.4489319535342
1994,1232,1261.951178085241
1994,1235,1543.9023031139968
1994,1199,1556.447003885603
1994,1192,1483.6430582149278
1994,1228,1643.070247544612
1994,1360,1559.8808928188498
1994,1441,1470.756817633929
1994,1420,1262.8200072976238
1994,1281,1851.0117171200184
1994,1307,1668.9747733773715
1994,1186,1232.0490843357386
1994,1308,1596.803885056595
1994,1431,1520.7597648672331
1994,1251,1657.4419403184893
1994,1325,1791.9859615560586
1994,1291,1440.8636235525253
1994,1148,1152.1425827195735
1994,1381,1501.5002993641617
1994,1161,1465.591840061331
1994,1429,1521.7179480362013
1994,1395,1312.3700495531584
1994,1275,1623.148954168503
1994,1225,1569.2137226336465
1994,1419,1599.4892718949916
1994,1356,1739.0953417723138
1994,1361,1448.455981044005
1994,1332,1477.1716413224885
1994,1333,1308.9033326655715
1994,1229,1568.8477543356416
1994,1455,1377.7431052684356
1994,1157,1502.9523816435108
1994,1418,1723.6736473436363
1994,1424,1498.3191426008755
1994,1416,1596.6786819656402
1994,1173,1320.5575267153445
1994,1114,1438.0739822071564
1994,1168,1373.182401625617
1994,1462,1572.7998471043534
1994,1172,1659.1673377447134
1994,1359,1337.5131218584809
1994,1202,1395.493545814318
1994,1144,1590.6760872430605
1994,1132,1572.725671910682
1994,1322,1328.6419380226234
1994,1209,1437.8444970779522
1994,1267,1318.7951346600203
1994,1279,1507.935591832068
1994,1249,1352.008071076581
1994,1200,1383.7462234756347
1994,1254,1215.0846310783104
1994,1271,1466.4342128584656
1994,1256,1190.2167595964586
1994,1320,1567.15370370959
1994,1309,1625.773731671695
1994,1185,1536.5589518444847
1994,1204,1464.3565343009623
1994,1226,1622.7566633622675
1994,1368,1374.871012237943
1994,1270,1422.9373533570977
1994,1410,1488.8969600672178
1994,1380,1468.198287136259
1995,1104,1704.879227185997
1995,1243,1478.902844928268
1995,1145,1561.938057047314
1995,1335,1717.0325359688475
1995,1203,1561.906324830267
1995,1393,1588.503352534468
1995,1272,1668.18640503229
1995,1418,1321.6401314350503
1995,1308,1655.2114542371726
1995,1425,1308.1174971471119
1995,1325,1638.029367646603
1995,1326,1310.330777049066
1995,1362,1411.2539542622583
1995,1307,1533.1037589478553
1995,1438,1785.3915398288277
1995,1330,1642.2651238215324
1995,1113,1692.7410913131832
1995,1401,1461.9913795639206
1995,1276,1600.268265265485
1995,1408,1666.5078204676524
1995,1428,1799.6134351142443
1995,1231,1681.3868159761676
1995,1268,1743.255083187769
1995,1140,1596.570874920596
1995,1329,1804.9184483167555
1995,1257,1664.4475916101244
1995,1238,1400.20293958173
1995,1278,1572.3122831465025
1995,1112,1715.7931697428446
1995,1304,1514.576005236339
1995,1419,1524.347679310392
1995,1306,1648.2602619211493
1995,1221,1503.8063847831968
1995,1309,1630.1477021235617
1995,1320,1363.4034006801453
1995,1336,1581.3991401063824
1995,1291,1603.8545526502696
1995,1345,1804.211383852814
1995,1310,1238.6815456302368
1995,1371,1476.0743994721265
1995,1356,1764.2444775197016
1995,1376,1462.4160341527083
1995,1421,1370.1935552967923
1995,1378,1597.784687496021
1995,1111,1350.5315751659743
1995,1389,1633.849883826568
1995,1139,1462.5207873599581
1995,1390,1629.2169869197676
1995,1159,1638.2813486636512
1995,1436,1437.4640143971217
1995,1137,1471.8437459778916
1995,1439,1626.931604182511
1995,1286,1604.6198968043284
1995,1449,1460.4920614482098
1995,1186,1326.7399882354532
1995,1452,1513.966557075823
1995,1352,1214.5037116772057
1995,1437,1823.109007612436
1995,1385,1565.5461559972503
1995,1171,1522.4738953142469
1995,1269,1815.6332619998566
1995,1116,1812.6175815236404
1995,1274,1586.8983786071378
1995,1302,1157.7921018166091
1995,1131,1510.191966891865
1995,1351,1548.0220875796983
1995,1130,1388.3945705528176
1995,1142,1108.8515115885273
1995,1132,1523.8783295249768
1995,1339,1621.2414029354893
1995,1158,1764.9846848448212
1995,1412,1479.0665219213672
1995,1163,1799.715532590374
1995,1248,1121.8899893129906
1995,1190,1459.8463291925493
1995,1184,1375.1451113601638
1995,1196,1625.9550208049172
1995,1391,1464.250815949475
1995,1181,1494.2794769095153
1995,1135,1456.5793099694752
1995,1211,1678.5387783314397
1995,1209,1396.0881241423936
1995,1218,1566.6717185182267
1995,1382,1567.0316522041567
1995,1222,1388.2794069191762
1995,1241,1472.6130368899894
1995,1234,1627.3317227032542
1995,1288,1232.6787842265894
1995,1235,1690.7665002040324
1995,1229,1667.6553804097791
1995,1261,1423.1867396689029
1995,1368,1380.6324340890026
1995,1263,1471.5274685967404
1995,1463,1285.8507450744214
1995,1199,1476.3924114494166
1995,1198,1474.5576475180437
1995,1265,1543.4434472331573
1995,1162,1186.2490214886984
1995,1311,1752.0117246123928
1995,1256,1426.9363531997278
1995,1406,1412.810504937161
1995,1328,1747.3525102071635
1995,1164,1627.1490787156151
1995,1321,1259.0539515825428
1995,1108,1216.3695234536233
1995,1314,1793.1754905532066
1995,1400,1758.7697445347103
1995,1301,1431.0540998654092
1995,1341,1225.3584525693702
1995,1283,1541.839892566432
1995,1282,1348.913378130684
1995,1281,1661.445426019591
1995,1152,1330.4931982733056
1995,1332,1660.4663182838196
1995,1453,1736.485331008967
1995,1305,1644.421789254504
1995,1349,1535.7222794943564
1995,1334,1485.9215134771146
1995,1170,1227.5359056985299
1995,1417,1892.012185249452
1995,1169,1310.207714905889
1995,1344,1610.2856717878337
1995,1373,1338.7324172987494
1995,1447,1439.3771302689618
1995,1388,1638.2199415873085
1995,1423,1525.8968861014778
1995,1157,1223.5122284300671
1995,1435,1486.3374939258827
1995,1359,1480.6615816016797
1995,1448,1889.402126302225
1995,1422,1654.7523913189198
1995,1455,1421.5730525584913
1995,1374,1349.8259818879235
1995,1458,1471.6658549003164
1995,1460,1514.5498753797635
1995,1259,1350.976743930068
1995,1456,1320.257223536322
1995,1247,1431.3030852663119
1995,1343,1572.7979022834177
1995,1102,1342.673989472265
1995,1298,1616.6252171871336
1995,1114,1555.2444505313658
1995,1147,1408.6587961225755
1995,1250,1350.9815190169015
1995,1165,1296.2234411045256
1995,1129,1473.309274283491
1995,1429,1632.3074103195745
1995,1133,1650.0293865514188
1995,1333,1473.7258194563472
1995,1138,1567.9904716956523
1995,1353,1542.8237149897354
1995,1143,1435.4732646730054
1995,1411,1646.722227465207
1995,1144,1277.2197856747694
1995,1350,1359.6671357978703
1995,1153,1695.3881402091629
1995,1122,1463.2720388647804
1995,1173,1297.3650304650873
1995,1224,1285.5053574573765
1995,1174,1469.7691693441236
1995,1175,1221.6344923057056
1995,1177,1621.652839299114
1995,1183,1502.3792538303783
1995,1166,1326.7055875772533
1995,1331,1338.3522106223456
1995,1192,1509.3236220889628
1995,1271,1405.7547489691956
1995,1246,1878.2594470275728
1995,1404,1333.530510809339
1995,1242,1791.5217611176267
1995,1360,1413.1656842002806
1995,1433,1493.7653682610887
1995,1318,1594.1250777290786
1995,1228,1592.0139671939912
1995,1233,1374.7173343238103
1995,1141,1177.465148763923
1995,1208,1614.9387355398758
1995,1441,1445.1074887083796
1995,1206,1240.8254658416806
1995,1149,1677.6984421236816
1995,1194,1302.9481287678748
1995,1457,1309.8455640778927
1995,1193,1407.4797574730155
1995,1103,1322.9218332077944
1995,1210,1592.2440156881512
1995,1197,1173.5544030142973
1995,1323,1461.1445475397034
1995,1434,1658.9106661542721
1995,1397,1469.7829100513675
1995,1399,1412.4226066288863
1995,1396,1696.410032237301
1995,1387,1705.320390051535
1995,1372,1482.2774147486707
1995,1191,1598.9800091850504
1995,1444,1536.2566088216684
1995,1384,1415.8722004211518
1995,1124,1332.8294086250899
1995,1322,1384.0445611345508
1995,1207,1679.798918928514
1995,1220,1472.3657141643432
1995,1296,1549.966762727328
1995,1348,1360.606194787006
1995,1358,1272.914599452098
1995,1290,1547.4974409916506
1995,1117,1300.654253431286
1995,1381,1483.7465612129583
1995,1402,1313.1863722668731
1995,1398,1434.995070207263
1995,1285,1664.8899081375348
1995,1180,1681.3414613723844
1995,1280,1700.8322861110466
1995,1182,1425.744483171651
1995,1187,1520.0471345658868
1995,1148,1274.6129556479418
1995,1212,1351.4039964569668
1995,1426,1423.664503242181
1995,1226,1475.7572723922162
1995,1264,1686.9038802111274
1995,1266,1623.3149548683864
1995,1424,1471.00601045518
1995,1201,1469.637965524071
1995,1337,1363.6875640068124
1995,1338,1541.7720460230355
1995,1317,1381.6138404603444
1995,1407,1446.4253374538994
1995,1365,1666.5143763803571
1995,1172,1392.396742272204
1995,1249,1330.7769319010222
1995,1450,1592.8586539350613
1995,1379,1613.976796632936
1995,1151,1604.5014780014278
1995,1119,1327.1719394922568
1995,1217,1266.7172602373419
1995,1260,1232.4213359843798
1995,1270,1442.2852392266716
1995,1319,1354.4094094832108
1995,1154,1343.5477101292001
1995,1155,1545.7106686757054
1995,1168,1283.8546180400667
1995,1160,1598.572909935757
1995,1161,1475.8374299424431
1995,1405,1545.4325406457237
1995,1204,1242.203804473329
1995,1216,1399.2420296576013
1995,1179,1520.249135276441
1995,1258,1449.4058075520459
1995,1363,1312.59586932324
1995,1462,1744.7364849688668
1995,1275,1716.1074644143835
1995,1299,1527.0007446356426
1995,1442,1648.0461748623952
1995,1251,1437.3853891258786
1995,1277,1735.2890172186633
1995,1227,1612.8092442074026
1995,1347,1498.00891640372
1995,1414,1494.6812592341093
1995,1120,1591.7564859291917
1995,1110,1457.4191967998454
1995,1253,1690.369376288604
1995,1178,1521.401669240289
1995,1267,1526.5310741954722
1995,1239,1568.8617969991901
1995,1431,1576.2241782255717
1995,1420,1484.899959972775
1995,1364,1431.215676697607
1995,1279,1375.8897146903723
1995,1284,1460.7025886509552
1995,1202,1326.9449429452368
1995,1451,1688.8750939759527
1995,1150,1634.5933207728872
1995,1293,1632.5307625728392
1995,1287,1453.6281991339374
1995,1245,1386.255941112973
1995,1369,1451.1374416306116
1995,1254,1409.7411347318957
1995,1375,1327.9747982463696
1995,1454,1210.3228403823432
1995,1106,1390.3714203610537
1995,1354,1456.3654016805003
1995,1440,1343.8369328914557
1995,1361,1438.7629427398456
1995,1403,1652.246733031017
1995,1409,1766.7504905897251
1995,1427,1495.571015006038
1995,1395,1480.9657802388483
1995,1386,1613.8198754721068
1995,1185,1629.0921965007444
1995,1416,1412.892719890638
1995,1232,1341.002649582699
1995,1200,1415.6531921258734
1995,1273,1453.8747365323457
1995,1383,1338.6749199945798
1995,1461,1425.7148579604027
1995,1443,1823.8892339277727
1995,1123,1697.013695909365
1995,1156,1340.1026105209544
1995,1410,1536.0242923486937
1995,1225,1464.4430250357816
1995,1126,1451.5102604075773
1995,1464,1530.4128148940567
1995,1380,1334.0453526345104
1995,1292,1386.836959641987
1996,1112,1756.6586683127816
1996,1253,1533.8779454073428
1996,1116,1613.6898489667287
1996,1419,1628.3601711843646
1996,1210,1764.4634953542682
1996,1264,1632.9088400372505
1996,1276,1660.1412743218004
1996,1177,1480.4175339320966
1996,1328,1617.6868575468973
1996,1238,1576.5235269751067
1996,1451,1622.4245890544748
1996,1201,1656.9034581415308
1996,1207,1799.4712049989816
1996,1159,1562.0455234466954
1996,1396,1709.0716913746721
1996,1351,1663.5737490175143
1996,1314,1624.5657486941536
1996,1435,1549.1384552859906
1996,1365,1622.7251937741191
1996,1417,1767.256496860662
1996,1437,1762.3047192617755
1996,1458,1545.2738835876123
1996,1277,1546.6255604503885
1996,1408,1658.0204003352958
1996,1147,1380.0411595220248
1996,1163,1920.5174311628316
1996,1395,1495.4862321533
1996,1234,1722.3125729717826
1996,1325,1551.504891559868
1996,1181,1628.549725266812
1996,1330,1553.0684982616415
1996,1450,1605.885463471634
1996,1211,1643.619059596878
1996,1349,1485.283664053353
1996,1463,1269.567835897173
1996,1358,1459.7659884846205
1996,1124,1410.1374390211583
1996,1360,1539.9616811811636
1996,1170,1265.9628882362608
1996,1361,1457.7978381694925
1996,1321,1338.3184116756968
1996,1364,1364.592634317384
1996,1160,1423.622427656624
1996,1376,1566.0888522493854
1996,1422,1623.1735978419224
1996,1385,1450.7978207331666
1996,1310,1520.6930269562854
1996,1414,1484.008540991512
1996,1373,1261.1146037317208
1996,1390,1695.5556011746826
1996,1391,1351.2353248366444
1996,1341,1111.5201487447391
1996,1425,1336.8317130001922
1996,1249,1387.2229059771412
1996,1433,1700.817300071059
1996,1443,1468.925812217523
1996,1438,1536.360818404726
1996,1404,1493.2205021999114
1996,1186,1164.0861606839967
1996,1455,1373.817454140743
1996,1429,1524.567430779425
1996,1387,1537.6224100351772
1996,1261,1403.1989311327552
1996,1304,1476.2141362142377
1996,1405,1536.8954417106843
1996,1307,1812.0032022389698
1996,1426,1387.4307541300216
1996,1278,1696.185671147813
1996,1434,1591.7789137622224
1996,1285,1541.063232067447
1996,1282,1459.3764888873188
1996,1120,1541.8275916977718
1996,1247,1294.9541700666844
1996,1145,1648.7190614835674
1996,1444,1605.1216178157974
1996,1179,1411.7407911658058
1996,1251,1505.8583729212821
1996,1231,1718.4120103581208
1996,1196,1534.6967047778367
1996,1149,1491.933039696792
1996,1203,1735.1922711624104
1996,1216,1280.5793058263353
1996,1137,1458.1436773074038
1996,1362,1519.070701524895
1996,1218,1446.8889866395746
1996,1173,1456.9365834051578
1996,1235,1739.4952063430692
1996,1148,1451.1212256211195
1996,1241,1432.6030640677575
1996,1229,1612.673304911271
1996,1246,1882.221769921629
1996,1268,1639.1061827138037
1996,1273,1437.6899570660717
1996,1441,1639.462952880316
1996,1274,1564.4333074681651
1996,1302,1473.416168594546
1996,1214,1402.7620695466323
1996,1212,1389.5801888157223
1996,1347,1466.2018469754353
1996,1344,1641.8103806934407
1996,1306,1256.2842101392812
1996,1339,1632.6390700735524
1996,1412,1449.598301541526
1996,1336,1683.0469120274524
1996,1288,1304.2364185969243
1996,1323,1406.2147468426244
1996,1103,1172.1425929244183
1996,1332,1589.5065528154057
1996,1301,1462.7032445653579
1996,1440,1562.0812767913874
1996,1298,1442.5703807838427
1996,1102,1205.755482423132
1996,1292,1456.698730046016
1996,1232,1451.0764734829413
1996,1348,1591.1487415153103
1996,1135,1399.3373046224135
1996,1290,1617.54222088578
1996,1240,1344.626485062928
1996,1350,1315.8615373215243
1996,1144,1564.6658618702418
1996,1400,1676.1300786957408
1996,1317,1558.808524252134
1996,1352,1256.6625460605164
1996,1436,1455.2600823069747
1996,1333,1300.252412370637
1996,1383,1279.041890319108
1996,1250,1192.643983220169
1996,1388,1467.6512526208733
1996,1393,1722.0385039423784
1996,1248,1314.6282487884112
1996,1424,1405.4476673151073
1996,1169,1299.6334832892976
1996,1448,1781.2272898234999
1996,1291,1709.4130379122578
1996,1452,1496.785395791176
1996,1197,1243.4398443602192
1996,1462,1514.9894298968184
1996,1384,1511.943138021286
1996,1283,1592.5807065491204
1996,1410,1438.2858359725733
1996,1131,1620.6633716606518
1996,1281,1551.3847504317587
1996,1459,1222.1827331385794
1996,1378,1456.34600256851
1996,1337,1384.1562734244053
1996,1280,1780.2326174427626
1996,1368,1458.1641082237786
1996,1104,1596.2673559760872
1996,1457,1327.643518894916
1996,1113,1458.3951441500299
1996,1411,1382.734554563193
1996,1130,1605.2840249736032
1996,1138,1362.8652573194076
1996,1139,1603.265053990428
1996,1271,1295.513564777714
1996,1140,1492.8234197541692
1996,1129,1533.743419102377
1996,1143,1611.8123007916638
1996,1319,1259.6460022865672
1996,1150,1500.621817038408
1996,1423,1500.2882135255609
1996,1156,1244.3406616955242
1996,1233,1638.4687253614131
1996,1166,1454.6739420267631
1996,1374,1374.4803540820867
1996,1171,1519.8746285361935
1996,1221,1514.164741633152
1996,1178,1606.6401960046658
1996,1193,1672.3812332716034
1996,1284,1691.2520834922934
1996,1272,1721.0543869050118
1996,1345,1832.463027029777
1996,1265,1636.378128090067
1996,1318,1257.566994875996
1996,1259,1500.8327228997873
1996,1456,1392.0402293075128
1996,1183,1440.995070940449
1996,1331,1629.44524537755
1996,1245,1472.3417304437755
1996,1260,1369.4499915090832
1996,1243,1606.7132383288701
1996,1133,1733.7284459326127
1996,1242,1779.2491193470769
1996,1428,1743.2377595953608
1996,1257,1682.2474678283722
1996,1228,1575.931910226062
1996,1427,1479.5367805951648
1996,1227,1392.8385835879255
1996,1152,1154.200783633143
1996,1275,1656.1969096361322
1996,1184,1414.6317251459805
1996,1206,1363.8063498625154
1996,1175,1392.0446574891887
1996,1403,1891.6097753862891
1996,1397,1545.6867352584197
1996,1209,1404.425671807958
1996,1334,1532.7913583919817
1996,1326,1406.80157436608
1996,1420,1279.8326231479916
1996,1266,1760.895407332775
1996,1454,1404.7875021013415
1996,1155,1623.7020255837065
1996,1421,1501.5091648163268
1996,1320,1495.790838846725
1996,1381,1455.5352594476956
1996,1343,1705.0555996087419
1996,1335,1614.773191180545
1996,1431,1423.7292850636168
1996,1308,1467.742053948376
1996,1194,1363.2594094431167
1996,1354,1633.9692932353294
1996,1406,1516.840201184293
1996,1270,1420.487939242454
1996,1222,1621.4809126779828
1996,1108,1398.579659063984
1996,1122,1657.2338411116407
1996,1296,1647.9607235284816
1996,1353,1448.13517124039
1996,1322,1233.1054755227285
1996,1114,1684.6034273738533
1996,1199,1478.754664208962
1996,1224,1338.942019030753
1996,1208,1686.7909119947146
1996,1204,1184.618371723786
1996,1165,1402.5556506781013
1996,1172,1730.5257823556262
1996,1279,1499.6131616801908
1996,1371,1477.2634283600141
1996,1258,1512.8191630670644
1996,1464,1377.0380925409233
1996,1126,1357.4936668474425
1996,1192,1281.4842828340552
1996,1439,1707.821742185634
1996,1157,1189.5575652528296
1996,1363,1578.3859059042677
1996,1401,1375.0178048916675
1996,1168,1284.9044711887527
1996,1418,1527.214491668682
1996,1449,1555.7216875979514
1996,1453,1795.5344130690137
1996,1305,1416.1415517377484
1996,1293,1575.1437262179413
1996,1162,1332.254214424449
1996,1200,1277.4776904700238
1996,1191,1509.5687320021243
1996,1198,1410.8966638447982
1996,1407,1399.5624907150361
1996,1217,1465.9314989769296
1996,1119,1242.2880740936396
1996,1161,1586.9521971780102
1996,1117,1343.6989654567108
1996,1398,1546.3230660858928
1996,1269,1941.009831630904
1996,1267,1543.1629822329428
1996,1151,1484.9589566154539
1996,1106,1261.9934369808216
1996,1123,1583.644530931224
1996,1142,1427.7819269515044
1996,1338,1388.3678712874816
1996,1182,1356.2493183657507
1996,1141,1276.9403935032951
1996,1202,1355.3954756279052
1996,1329,1635.0358316150084
1996,1380,1454.2546911478614
1996,1356,1337.3397645074278
1996,1287,1221.368037724603
1996,1416,1471.440064355673
1996,1110,1419.14967823977
1996,1111,1308.730187259217
1996,1153,1830.3766705401983
1996,1461,1494.6210688050473
1996,1132,1475.51481055758
1996,1185,1727.9383529363395
1996,1382,1435.8124718381844
1996,1174,1500.967973087172
1996,1311,1236.1338229989865
1996,1286,1650.4661622930773
1996,1239,1513.9626315800294
1996,1154,1272.3817638418059
1996,1299,1326.077705360164
1996,1402,1364.8845517780896
1996,1220,1276.7991982888964
1996,1372,1504.0117882571924
1996,1226,1408.0066644893977
1996,1375,1403.449894089094
1996,1180,1787.3698293688553
1996,1369,1280.4983193404491
1996,1225,1408.0867925110836
1996,1447,1412.3765808286996
1996,1442,1538.66192776448
1996,1263,1460.8143566499375
1996,1190,1225.8633417109102
1996,1389,1507.707124514029
1996,1399,1435.4698495093724
1996,1254,1347.810919559241
1996,1460,1506.4797786831905
1996,1409,1726.651286067911
1996,1386,1603.4013322658757
1996,1379,1469.9203588048713
1996,1187,1464.022915471434
1996,1256,1411.381206629555
1996,1309,1742.3617508675675
1996,1359,1507.184907122575
1996,1164,1590.5456488325453
1996,1158,1740.117784504678
1997,1155,1631.0911943588037
1997,1246,1881.0643945904799
1997,1231,1623.5958331649456
1997,1163,1464.19033280142
1997,1409,1700.9216350829083
1997,1417,1798.8517196521668
1997,1387,1418.8274215956633
1997,1114,1544.5447451385594
1997,1329,1587.1448742302225
1997,1388,1673.314818980917
1997,1435,1650.7391802482878
1997,1434,1690.4675621210781
1997,1343,1812.537270333595
1997,1191,1569.9114460084322
1997,1180,1724.273573170818
1997,1181,1740.8975570761793
1997,1386,1800.36541451051
1997,1233,1612.251189955788
1997,1371,1422.271411344098
1997,1321,1324.1969163044273
1997,1404,1417.8591225063642
1997,1242,1942.3896454116348
1997,1365,1546.3057009442646
1997,1243,1427.9520032249493
1997,1282,1339.2098075174417
1997,1251,1624.260587873503
1997,1198,1590.646436108139
1997,1261,1378.7684155611473
1997,1407,1610.9637564907619
1997,1274,1545.6582760153137
1997,1138,1561.6348960237706
1997,1292,1490.0981448910275
1997,1285,1629.125269346604
1997,1301,1635.6291780847469
1997,1194,1538.935439700217
1997,1307,1731.3549198412259
1997,1162,1245.0914560685317
1997,1330,1642.9330829922349
1997,1406,1416.8451119056274
1997,1408,1619.0159865655507
1997,1426,1392.622991975682
1997,1361,1372.3195741473005
1997,1414,1155.2954690622123
1997,1393,1641.8181431858654
1997,1457,1402.6082633495205
1997,1403,1637.3541521770126
1997,1379,1454.594691507358
1997,1234,1689.6886455777822
1997,1442,1582.07996260464
1997,1412,1586.1208992418965
1997,1120,1506.154248162346
1997,1436,1460.0348441280844
1997,1250,1106.6620417983845
1997,1451,1525.3550598832487
1997,1337,1295.3319725426963
1997,1461,1457.2734645324174
1997,1166,1485.284084021595
1997,1356,1384.0739846787098
1997,1124,1525.0437286674717
1997,1271,1345.0436142343012
1997,1389,1471.6347405400297
1997,1216,1538.5380841291635
1997,1463,1367.8109560914936
1997,1228,1683.1398896086719
1997,1227,1544.621579048911
1997,1112,1634.7269644727726
1997,1314,1882.1616106314254
1997,1113,1300.5161658118684
1997,1239,1319.8245799633105
1997,1116,1542.1617799123314
1997,1238,1559.8452698737574
1997,1130,1740.0874136337993
1997,1135,1298.4230476111577
1997,1131,1802.849558022694
1997,1197,1337.2543301473604
1997,1158,1800.105052400671
1997,1149,1580.2909932176249
1997,1168,1430.1494282915814
1997,1140,1184.6555710197988
1997,1170,1211.059733490622
1997,1319,1645.6743202045511
1997,1171,1590.4623107976581
1997,1159,1408.8335181166494
1997,1104,1531.374531430503
1997,1423,1552.5224446393531
1997,1174,1434.5953795654598
1997,1175,1307.5771944427438
1997,1208,1747.7518355561185
1997,1202,1306.6512841971619
1997,1203,1589.1186429696074
1997,1221,1319.7556817899724
1997,1201,1648.6340308714496
1997,1334,1713.23478168498
1997,1210,1409.872682025281
1997,1459,1218.6562650496055
1997,1199,1621.4680737048266
1997,1418,1479.7283450850464
1997,1196,1444.9838119125097
1997,1416,1252.389270753049
1997,1186,1294.9954383036334
1997,1212,1341.2191104452518
1997,1348,1701.3948650231725
1997,1373,1345.8621345208928
1997,1281,1586.4900806834974
1997,1152,1298.4431857341747
1997,1290,1520.9788011304415
1997,1240,1350.388616545288
1997,1344,1631.1496305286948
1997,1306,1279.225575743145
1997,1351,1479.7046797134603
1997,1328,1650.8138177770807
1997,1419,1468.6624878487303
1997,1336,1407.4262221046722
1997,1291,1532.701171426837
1997,1280,1415.6088265335206
1997,1322,1420.9346575672748
1997,1358,1383.6181501285162
1997,1317,1380.1640051416969
1997,1401,1391.2313349564
1997,1299,1442.037850102823
1997,1381,1366.9613070465819
1997,1211,1477.655083334349
1997,1395,1663.704363262364
1997,1270,1536.9415710967232
1997,1400,1576.6006187404967
1997,1304,1569.8764999799434
1997,1424,1642.2537132598025
1997,1169,1483.1015597335154
1997,1450,1436.3912578625389
1997,1129,1507.1019611908853
1997,1456,1493.5027583976268
1997,1422,1325.0782699570757
1997,1458,1694.9117400044515
1997,1272,1605.7621510015852
1997,1462,1705.2327618099428
1997,1443,1420.094404620398
1997,1278,1849.8694633842024
1997,1372,1385.4114081333873
1997,1378,1338.3476548944095
1997,1326,1395.3826588639001
1997,1275,1715.8063498802562
1997,1433,1525.2750474676386
1997,1310,1374.4189246793178
1997,1318,1364.204087185646
1997,1260,1353.393316105172
1997,1184,1327.2971090754972
1997,1132,1629.0269083896437
1997,1241,1509.5702925118715
1997,1137,1526.251038193582
1997,1352,1252.311540532478
1997,1145,1520.652508295992
1997,1444,1545.4898479452675
1997,1148,1350.8051850870163
1997,1384,1456.6725531562436
1997,1153,1731.7647634680236
1997,1441,1485.9551713079684
1997,1172,1573.4517525730623
1997,1192,1565.3235690039473
1997,1177,1237.4369831414865
1997,1183,1352.4563584110226
1997,1157,1368.4130955585094
1997,1190,1265.901882809165
1997,1421,1599.0691810186597
1997,1259,1521.8648337282411
1997,1420,1302.9316964013253
1997,1187,1529.0591258478119
1997,1193,1438.1563718979191
1997,1249,1485.6807423082912
1997,1147,1339.8657657979538
1997,1232,1456.6410322640336
1997,1204,1349.7742916889151
1997,1254,1701.8600095455179
1997,1385,1532.2942694066462
1997,1206,1337.7839465956731
1997,1106,1318.1298083816505
1997,1264,1305.0173400758551
1997,1265,1298.975467512122
1997,1207,1712.7713742837393
1997,1156,1364.889996137811
1997,1323,1550.009076345216
1997,1284,1623.4100916366478
1997,1448,1734.1759689196226
1997,1440,1400.9531334974472
1997,1298,1641.236075469706
1997,1397,1416.846559814423
1997,1287,1333.424580082566
1997,1363,1481.7817087416722
1997,1345,1693.481434571088
1997,1225,1408.453120819981
1997,1309,1645.4383245573858
1997,1248,1397.6477100233326
1997,1266,1740.8667210303183
1997,1454,1326.694365553688
1997,1229,1761.148677275373
1997,1338,1641.774658603042
1997,1347,1512.625154005588
1997,1160,1646.414142033421
1997,1179,1246.8272403585845
1997,1350,1494.7721873764795
1997,1320,1557.2620656600236
1997,1453,1496.348559875173
1997,1405,1465.1104330868436
1997,1214,1316.6517048922985
1997,1331,1692.43491223217
1997,1311,1434.985924567321
1997,1402,1514.6526992172242
1997,1411,1339.433899284605
1997,1438,1629.5475411923928
1997,1376,1824.4807809312647
1997,1154,1408.406070108152
1997,1308,1672.314420093511
1997,1364,1433.4787051989551
1997,1220,1459.412522825738
1997,1277,1617.0304737294555
1997,1283,1699.751421757371
1997,1143,1696.8678978829505
1997,1103,1385.6129589188274
1997,1117,1432.4601174335926
1997,1391,1304.4697269261549
1997,1263,1392.9200156574832
1997,1126,1405.2376084558557
1997,1253,1518.7570846396268
1997,1353,1433.941960549568
1997,1447,1364.9140737033733
1997,1333,1355.0042478377536
1997,1339,1318.8157938127586
1997,1141,1334.8127424345391
1997,1464,1304.663227219355
1997,1368,1341.284107140017
1997,1360,1572.704930643226
1997,1332,1585.3304623129368
1997,1161,1601.7747863791624
1997,1428,1885.867289297338
1997,1429,1591.874082126079
1997,1269,1664.931810773053
1997,1449,1619.5406270111225
1997,1279,1687.7981405958103
1997,1341,1334.6655852614017
1997,1383,1422.498647463918
1997,1452,1661.1907404677231
1997,1139,1658.7316353948388
1997,1268,1636.3055199933576
1997,1224,1301.241653297352
1997,1276,1596.8507214814356
1997,1123,1520.6915991678925
1997,1178,1533.430084177184
1997,1142,1393.385113309634
1997,1258,1316.688518860173
1997,1150,1723.0573949035695
1997,1245,1386.2795380001787
1997,1165,1496.3038954595027
1997,1200,1283.1517931810235
1997,1111,1502.4039340541883
1997,1235,1664.043900626684
1997,1108,1414.1542988776605
1997,1217,1614.6990464668781
1997,1288,1372.8392969843294
1997,1209,1315.797100428522
1997,1218,1666.6613117233492
1997,1410,1165.289016606224
1997,1296,1364.9172347382016
1997,1390,1693.2607147784481
1997,1182,1396.624589775916
1997,1226,1421.4533285195087
1997,1102,1327.059090867029
1997,1359,1520.5743908207494
1997,1267,1550.0964306149426
1997,1151,1620.4192067238732
1997,1122,1511.60312516193
1997,1375,1720.0096481836163
1997,1257,1650.3866832742654
1997,1286,1457.011784323066
1997,1349,1454.9598364135722
1997,1369,1364.231526498839
1997,1164,1662.5085127507004
1997,1431,1519.7527760252838
1997,1382,1484.2979089895878
1997,1305,1640.9251963828992
1997,1247,1402.5340792098552
1997,1455,1433.004107423578
1997,1374,1545.6418982666723
1997,1325,1588.2627710909421
1997,1437,1706.799895263702
1997,1425,1651.8391074387723
1997,1399,1447.1620960168966
1997,1439,1462.1481639220317
1997,1173,1477.9965442773807
1997,1133,1649.729514912234
1997,1362,1564.5046056339893
1997,1302,1493.932283669304
1997,1110,1455.8563358231745
1997,1185,1597.558254951363
1997,1222,1393.2979334030813
1997,1427,1293.4777098415423
1997,1398,1329.913791829064
1997,1293,1589.7588095535825
1997,1144,1357.2238781521055
1997,1335,1491.0458263035641
1997,1396,1683.6805652279847
1997,1119,1268.9432008598167
1997,1256,1568.2905290848728
1997,1273,1153.0878725907892
1997,1380,1274.7889709067342
1997,1460,1295.7751227196306
1997,1354,1436.514941338412
1998,1301,1550.8316862793506
1998,1208,1643.4995450766578
1998,1307,1743.2324569900852
1998,1425,1433.1372345600778
1998,1343,1826.5874973628802
1998,1400,1533.9879293954875
1998,1396,1715.163393967858
1998,1120,1503.5552997871055
1998,1408,1291.5844022772558
1998,1426,1461.5810766413786
1998,1397,1686.7397352011342
1998,1457,1313.7353560365061
1998,1231,1612.9459317420803
1998,1376,1765.583249719766
1998,1268,1736.4756152098582
1998,1345,1783.3144341259706
1998,1254,1651.4728016465533
1998,1314,1900.2482860917705
1998,1292,1486.897235996343
1998,1278,1602.408704046131
1998,1437,1504.9003791725042
1998,1274,1578.5945158092857
1998,1356,1475.7445166453726
1998,1266,1539.3145118682378
1998,1458,1406.167049654906
1998,1372,1394.5011559417267
1998,1302,1259.7027250074777
1998,1242,1930.643480501141
1998,1365,1514.2610990193682
1998,1243,1560.4967328286755
1998,1441,1344.2067214004448
1998,1416,1597.8920123927714
1998,1155,1643.4992805634774
1998,1423,1666.079786357362
1998,1166,1596.5079867535746
1998,1282,1359.0109777267767
1998,1140,1435.7645683216022
1998,1361,1457.822632710792
1998,1174,1641.7497365728946
1998,1373,1569.0778181104645
1998,1199,1516.9623035021677
1998,1349,1280.8012672580817
1998,1203,1715.1680359445104
1998,1224,1266.5509720282446
1998,1234,1612.2540035750187
1998,1152,1147.7872077794816
1998,1385,1726.290246451926
1998,1248,1598.3474866254357
1998,1362,1653.0092204199234
1998,1414,1340.6739641013573
1998,1371,1568.5931177777748
1998,1389,1277.55209122967
1998,1382,1527.3380333422274
1998,1132,1377.9452144453298
1998,1384,1492.1752247650263
1998,1464,1554.5685717107508
1998,1329,1691.2387070146306
1998,1410,1215.9562905767373
1998,1387,1645.010905337202
1998,1271,1289.4961088832886
1998,1444,1633.4346565875264
1998,1276,1781.24201417945
1998,1424,1739.7263639963826
1998,1258,1314.503757068248
1998,1428,1782.0655919734636
1998,1168,1432.538167263511
1998,1435,1574.3529275606513
1998,1190,1364.8147727201533
1998,1452,1612.679936902802
1998,1187,1343.9913140226543
1998,1456,1639.82189712727
1998,1391,1393.1644607315898
1998,1460,1410.9004346675576
1998,1141,1287.456695913012
1998,1328,1694.4820728104266
1998,1238,1459.229676389056
1998,1393,1723.7197116262594
1998,1421,1584.7177161055647
1998,1280,1456.0578147642138
1998,1147,1400.3106277831957
1998,1448,1582.8855802003554
1998,1440,1404.1909261811832
1998,1253,1317.736286269875
1998,1197,1407.3882037127219
1998,1122,1567.5223329681319
1998,1191,1428.7760198028109
1998,1124,1510.4137854645842
1998,1407,1304.4705742563885
1998,1133,1548.0784840669971
1998,1285,1482.5872308049773
1998,1272,1586.3139732201053
1998,1419,1440.1040659033267
1998,1138,1444.0693565724168
1998,1381,1262.4981241457149
1998,1142,1465.0953317848407
1998,1117,1575.5194194948747
1998,1151,1433.7506654656734
1998,1459,1382.3734288281044
1998,1137,1458.0222127668437
1998,1352,1257.7518462795817
1998,1185,1702.1887386574326
1998,1179,1161.7062638500684
1998,1196,1527.6211705082947
1998,1311,1676.0976871941682
1998,1207,1495.1486426367624
1998,1209,1493.4982345731635
1998,1233,1788.085442135143
1998,1288,1471.9445404007988
1998,1250,1336.2046900018709
1998,1447,1404.9185468504136
1998,1163,1875.6563747658467
1998,1463,1437.794379476873
1998,1194,1264.4197601396847
1998,1433,1338.5263249023824
1998,1170,1175.1557931967618
1998,1395,1794.641962904516
1998,1283,1580.709357627963
1998,1350,1695.9283010618271
1998,1438,1419.0639716889557
1998,1304,1673.6741020791897
1998,1422,1339.2237834160296
1998,1281,1576.5582677521322
1998,1317,1322.1025023463396
1998,1186,1530.544255255003
1998,1358,1370.8838973216114
1998,1200,1326.4560627978879
1998,1221,1272.8745273402903
1998,1181,1879.1207237149115
1998,1119,1267.1453621592475
1998,1160,1495.198946921162
1998,1369,1501.323804162921
1998,1130,1543.8867312358534
1998,1148,1253.3631018309454
1998,1116,1711.4669323360717
1998,1113,1543.6072414028324
1998,1169,1444.6868703169457
1998,1227,1712.4829574344835
1998,1256,1466.8082372736178
1998,1323,1471.1791581998577
1998,1154,1429.545551453826
1998,1338,1466.7691491186306
1998,1434,1681.3039555244286
1998,1348,1716.506450057692
1998,1379,1612.416199963532
1998,1298,1577.260686042526
1998,1409,1595.3189590034883
1998,1412,1647.5251428035165
1998,1156,1508.3553461601907
1998,1429,1706.4839111020392
1998,1275,1579.4282884413515
1998,1277,1703.272720898261
1998,1165,1385.7558526834075
1998,1273,1179.2327759908549
1998,1114,1500.2826780582493
1998,1214,1507.17699941483
1998,1131,1630.0555627052954
1998,1177,1293.9500715168276
1998,1106,1367.3179037256537
1998,1153,1837.1984630356276
1998,1178,1714.5221433589736
1998,1201,1585.7141940843821
1998,1228,1755.270082250037
1998,1259,1522.5620753631176
1998,1313,1294.9882074231311
1998,1344,1560.6857285088495
1998,1436,1492.309828592426
1998,1420,1414.9304125781211
1998,1226,1264.7048094710206
1998,1330,1479.154123450812
1998,1418,1611.3058619075111
1998,1202,1295.361881944913
1998,1455,1613.6549332483828
1998,1229,1784.8744611255336
1998,1339,1443.9579877240726
1998,1193,1443.6860891534448
1998,1390,1814.2517623840386
1998,1360,1510.250719729584
1998,1337,1597.5939179752452
1998,1331,1546.5966282001368
1998,1204,1366.7289327260025
1998,1240,1406.65680290687
1998,1192,1680.5055234012138
1998,1443,1389.3686571184908
1998,1270,1306.1678208280462
1998,1206,1374.3183868889832
1998,1334,1698.041878006211
1998,1363,1240.2525999646602
1998,1135,1273.77500975743
1998,1104,1592.9284375961577
1998,1368,1246.758443607908
1998,1326,1310.983015077076
1998,1245,1487.9876416789155
1998,1319,1684.1751677784418
1998,1308,1517.7462342521403
1998,1462,1784.450659195061
1998,1405,1494.8680885244191
1998,1451,1528.4646904249455
1998,1450,1371.6640076198275
1998,1461,1635.6072104969458
1998,1442,1489.1613917381042
1998,1296,1375.2356360755405
1998,1217,1422.9242756950791
1998,1306,1317.475291853985
1998,1279,1755.125653239001
1998,1158,1692.821919174569
1998,1149,1197.1143511323696
1998,1293,1794.4134778617502
1998,1173,1637.2239837922918
1998,1454,1242.9127968087928
1998,1171,1304.5778400100678
1998,1110,1352.9767748052302
1998,1260,1490.700848196456
1998,1216,1571.621299780669
1998,1162,1443.6130317667821
1998,1333,1404.6856673221241
1998,1251,1351.6830614060323
1998,1246,1908.6690698348602
1998,1287,1180.2381715959557
1998,1239,1338.7414374053274
1998,1172,1705.0130475182739
1998,1139,1678.0715970435951
1998,1112,1875.3010902508934
1998,1411,1463.344346130839
1998,1332,1548.7044801896568
1998,1336,1528.871869223517
1998,1284,1250.5165883143652
1998,1439,1436.3198557237422
1998,1404,1257.2995856029102
1998,1182,1407.0139071962863
1998,1150,1726.5594393758977
1998,1145,1447.64551130554
1998,1159,1342.598633626927
1998,1220,1562.317994810133
1998,1211,1625.9193088102695
1998,1351,1583.6433833618526
1998,1378,1525.0770782796305
1998,1374,1545.5976958928986
1998,1403,1480.8631932781072
1998,1321,1376.2601466372348
1998,1353,1570.724433084758
1998,1383,1502.4804504741987
1998,1402,1535.4976897510753
1998,1335,1571.4095320682545
1998,1401,1307.5433647282682
1998,1406,1356.5155719030406
1998,1427,1457.250420619607
1998,1453,1559.5125482063113
1998,1341,1473.8354422766122
1998,1103,1597.644034704762
1998,1318,1471.9743556810145
1998,1123,1612.805002311075
1998,1322,1416.802021987824
1998,1198,1665.894434194742
1998,1184,1411.0778594289231
1998,1269,1654.8730765331597
1998,1143,1525.5995174541806
1998,1305,1522.672367040781
1998,1309,1491.0494673051412
1998,1291,1474.6582404155786
1998,1263,1276.5901576599745
1998,1249,1450.9080424216036
1998,1241,1443.3956248481536
1998,1299,1307.347707198297
1998,1232,1497.5927076570044
1998,1183,1506.0952007762762
1998,1449,1654.9529188916665
1998,1388,1472.085214360318
1998,1265,1483.882217318077
1998,1157,1273.0959395326056
1998,1320,1328.751688175707
1998,1235,1446.1142797536083
1998,1398,1490.7804141749368
1998,1111,1625.1755898594172
1998,1164,1664.6020113976647
1998,1222,1284.2501170004275
1998,1261,1336.1455369843438
1998,1210,1570.7657043026395
1998,1364,1253.052893265348
1998,1126,1111.7093560246851
1998,1431,1403.938303255725
1998,1129,1502.1116346901904
1998,1310,1557.2268472802436
1998,1144,1278.824348549964
1998,1386,1475.2401119704725
1998,1161,1596.6541133641986
1998,1108,1354.0313909428173
1998,1399,1339.531285560469
1998,1257,1477.5305151194964
1998,1417,1673.017264659454
1998,1218,1615.3945543886891
1998,1375,1717.5787670507618
1998,1325,1294.307669796852
1998,1290,1276.512392398161
1998,1264,1444.959110278617
1998,1180,1480.8590705406734
1998,1286,1520.7435217531472
1998,1225,1503.6643831158808
1998,1267,1408.199410434004
1998,1347,1651.761861086406
1998,1247,1405.3085813755858
1998,1102,1353.0553996044077
1998,1380,1344.340732328729
1998,1354,1690.490875572494
1998,1175,1313.0542628659725
1998,1359,1445.8728510921135
1998,1212,1469.5464945265014
1999,1231,1676.2799729693663
1999,1371,1527.8554381293075
1999,1434,1598.4525201028437
1999,1376,1390.2352800202827
1999,1348,1672.0498726832243
1999,1395,1562.297309779348
1999,1435,1497.8374251946175
1999,1344,1571.3665007507163
1999,1396,1672.0040408777966
1999,1207,1574.8872318926353
1999,1448,1577.3411497722068
1999,1228,1609.3548402874096
1999,1310,1588.8616655119715
1999,1138,1218.196222973793
1999,1314,1763.6945899252512
1999,1111,1683.285487677959
1999,1275,1721.672221482799
1999,1323,1474.6009508695797
1999,1279,1587.2442210114918
1999,1106,1391.4764686314024
1999,1281,1652.018312012949
1999,1238,1521.5306035548947
1999,1307,1674.043445775826
1999,1177,1634.9536624260538
1999,1308,1687.083651507414
1999,1431,1508.7194269739866
1999,1338,1473.4138716359826
1999,1420,1588.789849851394
1999,1438,1508.1048785552118
1999,1433,1503.690300548957
1999,1349,1589.0717342647667
1999,1410,1293.4008672094226
1999,1387,1542.756529364301
1999,1117,1628.1544503196492
1999,1401,1458.812563395929
1999,1317,1330.6291587334038
1999,1402,1583.0522641645239
1999,1453,1564.3140604310527
1999,1274,1812.3156351325345
1999,1194,1251.1070484453921
1999,1451,1723.1021553406574
1999,1381,1425.7329909903942
1999,1345,1565.8142627355337
1999,1421,1339.8898241119284
1999,1272,1478.4562004658658
1999,1423,1486.255897115316
1999,1277,1942.0827247481016
1999,1419,1464.9256973444658
1999,1243,1599.1512416279954
1999,1388,1446.245879454329
1999,1250,1180.2457668665324
1999,1436,1417.2967536150777
1999,1112,1745.1146269536928
1999,1397,1721.0079909321546
1999,1113,1480.3259283831237
1999,1363,1366.875346422421
1999,1120,1818.3239974444753
1999,1368,1237.693906014094
1999,1155,1531.4122684483198
1999,1115,1131.4406777928298
1999,1158,1834.3242818949354
1999,1149,1350.5136538242914
1999,1198,1531.8442058271753
1999,1276,1519.7165872163616
1999,1140,1486.7930469387063
1999,1459,1404.105870193104
1999,1201,1617.780296185714
1999,1164,1549.9695747486273
1999,1203,1666.5239332209298
1999,1206,1681.6990340317263
1999,1208,1482.8252019467361
1999,1273,1305.788145249454
1999,1221,1283.5267409645767
1999,1463,1212.827408713236
1999,1241,1501.1586566755807
1999,1288,1452.9016928343726
1999,1242,1730.8835244444952
1999,1211,1733.0878855670592
1999,1199,1492.5279892253068
1999,1358,1397.520945593353
1999,1350,1523.62839875076
1999,1144,1331.5725518550717
1999,1304,1606.9805674113068
1999,1422,1315.4362092236836
1999,1305,1309.0511182080836
1999,1361,1264.9816416190417
1999,1306,1212.99588842291
1999,1135,1213.62676505822
1999,1330,1618.0082627250774
1999,1460,1349.3061635757783
1999,1334,1435.8392686111756
1999,1365,1518.0645230011808
1999,1337,1520.5368741440702
1999,1364,1552.977926494119
1999,1352,1469.7856374609944
1999,1137,1541.138877792383
1999,1439,1509.5412192960623
1999,1456,1264.6630291470453
1999,1389,1567.8624669176918
1999,1373,1718.1448301918206
1999,1126,1349.3647624144191
1999,1375,1444.8926696023325
1999,1282,1247.7335408866006
1999,1331,1542.4345666126699
1999,1412,1590.5625968662152
1999,1108,1702.791842442005
1999,1119,1300.5651026880269
1999,1458,1683.1697593624986
1999,1260,1435.9375921601431
1999,1301,1597.405145518525
1999,1271,1335.918612364324
1999,1353,1589.0369317149962
1999,1447,1380.3388767187066
1999,1296,1273.5953101815567
1999,1152,1219.4994689877146
1999,1328,1608.51455770246
1999,1322,1370.0826907885312
1999,1291,1529.2524778152815
1999,1247,1482.302659237274
1999,1147,1450.4186167196144
1999,1311,1497.7372644489135
1999,1160,1577.335222861903
1999,1176,1344.5066381098513
1999,1161,1573.8375841157235
1999,1270,1537.5567102582004
1999,1166,1707.051045218872
1999,1406,1277.9654116687327
1999,1169,1513.4224303391084
1999,1253,1459.8123400311847
1999,1173,1410.7601625241932
1999,1245,1771.6718441805815
1999,1174,1768.1965155626474
1999,1110,1280.4745750519228
1999,1181,1989.7919463960418
1999,1193,1398.1434404854579
1999,1319,1611.6909886086773
1999,1191,1677.640593021995
1999,1443,1496.2641095991057
1999,1232,1570.942716968739
1999,1240,1325.9486457495611
1999,1187,1441.1354579620468
1999,1248,1654.9262368757054
1999,1171,1520.604122322146
1999,1259,1487.9835873830514
1999,1224,1121.9691034923783
1999,1293,1691.549449059899
1999,1356,1561.8008579543266
1999,1263,1600.1959769724845
1999,1214,1305.895407918125
1999,1266,1503.5490307278442
1999,1130,1332.377194253583
1999,1268,1797.63583244271
1999,1441,1297.3537153371
1999,1283,1611.8551996614583
1999,1139,1666.1641645779616
1999,1202,1395.3316201810292
1999,1391,1444.8733118334567
1999,1326,1733.839300988133
1999,1104,1607.1067295402106
1999,1409,1696.3207519778312
1999,1398,1415.1203609153597
1999,1332,1631.9632217663077
1999,1162,1367.0358508209051
1999,1216,1458.4422193203845
1999,1163,1908.1409464254307
1999,1346,1317.631092766412
1999,1143,1612.5546568068858
1999,1218,1298.3538020949272
1999,1116,1707.9401321966166
1999,1234,1639.927283566851
1999,1442,1533.4908356336794
1999,1298,1555.741792663627
1999,1329,1675.5109588575904
1999,1336,1537.6337574521287
1999,1440,1431.1206377774745
1999,1227,1257.7837821487196
1999,1383,1607.3761192331883
1999,1454,1321.6048448571082
1999,1390,1777.813867902976
1999,1374,1602.2243529298803
1999,1424,1561.1135899175054
1999,1407,1330.4950615939592
1999,1122,1421.8669652304527
1999,1437,1659.2733429634163
1999,1449,1630.4378281598658
1999,1457,1622.6874475529269
1999,1269,1525.7985662341491
1999,1385,1761.3154177969966
1999,1196,1652.621403000003
1999,1204,1385.3323733928357
1999,1168,1385.8661614990199
1999,1261,1460.3868011217276
1999,1124,1227.2758242767445
1999,1197,1487.5489536723678
1999,1123,1521.5570116340787
1999,1132,1660.997797524592
1999,1320,1435.859369444698
1999,1190,1497.6304802702948
1999,1292,1426.3205428971594
1999,1102,1387.9696274615408
1999,1210,1513.1292133734091
1999,1444,1414.1927445173324
1999,1290,1501.052601735965
1999,1142,1352.1222387898665
1999,1267,1549.5232495527837
1999,1280,1633.4799466313816
1999,1318,1366.4385976053343
1999,1414,1235.1079020021934
1999,1382,1479.1918688934315
1999,1251,1131.5438043053214
1999,1212,1270.747713856131
1999,1393,1651.720154305066
1999,1159,1466.8623719562424
1999,1425,1575.650680821972
1999,1321,1529.205731195058
1999,1384,1310.212084097549
1999,1461,1606.5333773366217
1999,1246,1780.8858713421691
1999,1184,1179.0054684961935
1999,1133,1597.3747252767123
1999,1369,1594.07744664593
1999,1165,1431.4697973583686
1999,1150,1758.870824176114
1999,1131,1320.7643846912013
1999,1258,1393.4276887772157
1999,1141,1390.8784117974244
1999,1172,1505.4544565741096
1999,1222,1420.4113733527843
1999,1400,1669.878191376637
1999,1335,1733.3673955778095
1999,1178,1756.3105046486571
1999,1180,1643.766825434571
1999,1351,1471.0772146168572
1999,1362,1396.7512386074086
1999,1309,1417.4929443390172
1999,1429,1448.8513726609306
1999,1428,1850.6689005454025
1999,1455,1470.9866206065155
1999,1237,1341.7853607771297
1999,1175,1305.3555475858213
1999,1183,1385.387705765547
1999,1404,1304.5764454824857
1999,1182,1224.382928090448
1999,1452,1375.1152742078928
1999,1217,1490.6964848411774
1999,1229,1511.1994330828654
1999,1299,1427.6261379977866
1999,1464,1503.1721824286367
1999,1343,1636.6847915219214
1999,1256,1594.7178980956521
1999,1209,1546.1363086000733
1999,1285,1436.166459621988
1999,1462,1609.145083127641
1999,1333,1511.656159238009
1999,1226,1318.3226623510764
1999,1379,1455.2528825561064
1999,1418,1410.0212464974588
1999,1403,1443.5257294472835
1999,1427,1576.9406489454052
1999,1408,1479.0814736916052
1999,1341,1259.886606511866
1999,1417,1720.633539891128
1999,1372,1167.485736573574
1999,1313,1433.0462696899897
1999,1399,1399.542384845021
1999,1151,1528.6235143935846
1999,1153,1742.1174677935148
1999,1416,1625.1212577171311
1999,1249,1489.7727097425345
1999,1170,1248.0623579335947
1999,1450,1412.5069267593249
1999,1220,1665.2901422854677
1999,1103,1608.5168325933669
1999,1154,1273.1692229127088
1999,1339,1311.2489531063159
1999,1254,1446.1546624027528
1999,1148,1548.8489021649063
1999,1157,1307.741405359611
1999,1360,1570.798691949775
1999,1186,1383.9933473090086
1999,1378,1473.0571172557377
1999,1380,1607.973820622529
1999,1411,1292.0588220424775
1999,1284,1348.9579138929664
1999,1278,1600.7388196843683
1999,1114,1341.1223960390969
1999,1426,1414.9889244890092
1999,1129,1606.4800430211253
1999,1145,1546.3319444675278
1999,1354,1519.4236602119101
1999,1192,1440.21068852445
1999,1257,1672.8601653528513
1999,1340,1471.931739079834
1999,1347,1569.6708034880041
1999,1359,1731.443793578638
1999,1235,1485.2570520165636
1999,1156,1517.9004543056917
1999,1287,1460.8140040261083
1999,1405,1556.212816458328
1999,1200,1453.3346852451243
1999,1179,1392.7959557136471
1999,1225,1542.3770158786162
1999,1265,1469.9560465279856
1999,1185,1382.1437001786555
1999,1286,1531.7363597789558
1999,1386,1433.8560643841445
1999,1264,1279.2704615355603
1999,1233,1537.7440630778094
1999,1239,1429.7410702211394
1999,1325,1598.0030290495208
2000,1234,1548.5057548254058
2000,1163,1745.1497485481475
2000,1390,1802.7901520624857
2000,1181,1843.9552865423782
2000,1393,1701.389969853109
2000,1343,1605.7599190051412
2000,1458,1662.4814765577903
2000,1281,1611.4355262466981
2000,1387,1703.5325722512573
2000,1102,1315.10295598374
2000,1320,1427.3909371698123
2000,1104,1495.868559482473
2000,1428,1616.3301435155106
2000,1117,1398.966803358031
2000,1112,1774.7204519209622
2000,1243,1349.9863991098823
2000,1308,1659.9033802025451
2000,1220,1786.2918836567403
2000,1323,1585.1863861997535
2000,1326,1742.6015121547746
2000,1373,1655.3760206056322
2000,1172,1464.588096326149
2000,1408,1590.2844278645387
2000,1200,1489.382283699772
2000,1246,1737.8716230113205
2000,1335,1738.3632348193578
2000,1268,1722.585137912749
2000,1362,1559.6743323670557
2000,1143,1526.2946100119746
2000,1395,1607.2491250212045
2000,1222,1355.9575700387504
2000,1203,1559.6477137468594
2000,1352,1604.2847685044949
2000,1187,1334.1307087836426
2000,1349,1261.929112848623
2000,1298,1692.5570392495868
2000,1338,1501.5173123661161
2000,1460,1456.8376251576583
2000,1329,1738.7752953926667
2000,1111,1680.8702609960267
2000,1328,1796.1247262080096
2000,1286,1314.1919629363229
2000,1310,1519.1247319758252
2000,1138,1290.3254092895093
2000,1301,1518.9973309429488
2000,1208,1392.4130984108128
2000,1296,1423.5062792808314
2000,1131,1356.9968862733936
2000,1421,1452.3994058988703
2000,1279,1542.2736599646169
2000,1240,1454.0863950152782
2000,1276,1501.360523257211
2000,1324,1495.7353195899123
2000,1305,1424.8896406636666
2000,1450,1301.699113971407
2000,1359,1647.9919158908267
2000,1385,1826.3244805268655
2000,1438,1589.0769163981424
2000,1189,1420.2243786971483
2000,1369,1691.7972027980559
2000,1441,1421.2433592307207
2000,1371,1620.14114779772
2000,1346,1545.1590695000004
2000,1376,1582.7053649317866
2000,1459,1449.0433927191573
2000,1382,1683.9078734247412
2000,1318,1308.6661283138326
2000,1384,1378.1295707535842
2000,1287,1300.948630318011
2000,1405,1650.1833248433236
2000,1206,1627.0854706681027
2000,1420,1347.4496769385046
2000,1164,1518.8328019787914
2000,1424,1721.4370092136444
2000,1290,1266.9010631547148
2000,1425,1542.3530426957554
2000,1169,1625.016188716528
2000,1433,1456.5570096795789
2000,1257,1681.6478365709615
2000,1455,1450.7148010448936
2000,1270,1307.7917707622776
2000,1461,1610.127085753233
2000,1322,1567.499819539362
2000,1360,1655.6913886486561
2000,1414,1466.1245974634207
2000,1265,1536.8039498190974
2000,1175,1238.6308496953495
2000,1274,1747.1420702942517
2000,1416,1507.768567878895
2000,1250,1306.5031665064382
2000,1463,1274.3023437218587
2000,1259,1232.5585663766537
2000,1406,1343.6395703683897
2000,1120,1664.0937276162
2000,1412,1468.381956917345
2000,1132,1701.699942906356
2000,1238,1538.6775686562212
2000,1133,1540.8384050282805
2000,1375,1670.9134239595724
2000,1137,1507.25180472679
2000,1263,1686.5773711631452
2000,1148,1705.8087306944321
2000,1107,1362.7829949093257
2000,1155,1412.4651032915742
2000,1190,1455.015932097954
2000,1160,1586.4290947859758
2000,1388,1303.6792710865147
2000,1436,1550.2414049852953
2000,1171,1363.9498207574718
2000,1159,1398.417592728846
2000,1173,1624.5262679203095
2000,1307,1577.0791189923455
2000,1179,1363.7062305959028
2000,1235,1887.3128415190306
2000,1451,1554.6276801427666
2000,1198,1459.819077583479
2000,1347,1567.2335371348913
2000,1196,1742.3711414788563
2000,1199,1478.1440207232927
2000,1242,1671.7283658413796
2000,1193,1523.217593582777
2000,1231,1657.8970840745033
2000,1403,1433.8720775883694
2000,1228,1728.8175482834488
2000,1442,1236.6940749619707
2000,1227,1419.1879799525493
2000,1313,1366.845217024391
2000,1225,1400.302868468238
2000,1331,1387.6514001957034
2000,1216,1355.3756644514688
2000,1357,1175.603802046458
2000,1210,1437.620410380414
2000,1273,1417.8980639674896
2000,1207,1590.0622707488817
2000,1288,1202.3236899738724
2000,1232,1681.607310441677
2000,1201,1780.7542339167435
2000,1209,1583.0218406162676
2000,1218,1545.7325423976515
2000,1404,1352.246567148454
2000,1337,1704.0120418340075
2000,1253,1712.9358993244978
2000,1330,1381.772065422797
2000,1151,1366.6979861730504
2000,1319,1681.9388211891278
2000,1129,1431.236296946869
2000,1311,1449.4842928972828
2000,1147,1351.7562686197796
2000,1283,1703.344391419681
2000,1309,1387.5302150553214
2000,1284,1437.428362618512
2000,1280,1488.7687763344
2000,1105,1547.8295588718008
2000,1325,1630.6583816545199
2000,1156,1472.2150237787243
2000,1364,1502.6630690058148
2000,1356,1635.644849142121
2000,1443,1458.4949673968881
2000,1365,1599.248650477807
2000,1334,1364.7864798519847
2000,1368,1330.6269438122104
2000,1380,1508.5865947142559
2000,1383,1537.707721993167
2000,1392,1291.5173695656408
2000,1400,1768.054633799176
2000,1418,1726.3780058429732
2000,1448,1589.4259713728968
2000,1144,1423.8857662429414
2000,1453,1451.0922529875131
2000,1423,1619.3978031955435
2000,1454,1510.180360235873
2000,1141,1306.3718391991151
2000,1123,1733.1473361307592
2000,1462,1585.4417962620582
2000,1271,1378.2060374895623
2000,1278,1420.2103449246672
2000,1426,1448.8222452249024
2000,1353,1462.165937247334
2000,1351,1455.1639421039904
2000,1269,1569.1710500069667
2000,1233,1717.8275278787223
2000,1389,1194.4625301137633
2000,1149,1313.4795979870173
2000,1266,1511.6818888504172
2000,1152,1294.825300944556
2000,1110,1393.481924210584
2000,1299,1441.6397541674746
2000,1113,1623.589495590908
2000,1340,1419.8572465155567
2000,1124,1482.737547699471
2000,1186,1566.4244766347736
2000,1125,1235.187351997556
2000,1184,1203.5241132513618
2000,1126,1480.755692797218
2000,1197,1357.8616969878838
2000,1130,1414.577941837022
2000,1306,1155.9334990430702
2000,1153,1850.8786287055168
2000,1464,1345.117960471711
2000,1174,1699.4252894818585
2000,1182,1317.5799564343163
2000,1177,1692.6953642500505
2000,1224,1071.82455785485
2000,1178,1580.8811490051517
2000,1444,1410.307994536856
2000,1267,1590.5785052328756
2000,1145,1412.1979754524762
2000,1191,1505.6296906396442
2000,1237,1340.0523396458464
2000,1119,1244.4560808762244
2000,1261,1804.7126003821475
2000,1212,1055.601951139941
2000,1256,1644.1605500983217
2000,1317,1298.9814927366342
2000,1249,1492.1205979849701
2000,1411,1420.2947168729345
2000,1248,1724.6514026228576
2000,1162,1436.3514846988535
2000,1241,1629.9771786703295
2000,1422,1478.3914158229895
2000,1239,1261.5808105968545
2000,1157,1362.2365465720425
2000,1221,1322.0858632996487
2000,1344,1424.8155919517808
2000,1204,1509.3842071612885
2000,1399,1529.589565237111
2000,1247,1403.4500643800518
2000,1291,1384.9769869335173
2000,1154,1315.366985077485
2000,1379,1543.7967807133139
2000,1108,1569.996767137818
2000,1396,1853.5136761098186
2000,1275,1579.8608062268481
2000,1409,1799.3105863818091
2000,1348,1251.098808168331
2000,1440,1181.7340833883682
2000,1341,1246.3615323483712
2000,1211,1739.4107033647417
2000,1285,1620.9401182274676
2000,1165,1323.349217513903
2000,1229,1396.0670554205606
2000,1115,1245.0785987278966
2000,1183,1549.7988418635919
2000,1260,1433.8017511409903
2000,1372,1214.978957270568
2000,1410,1410.6481780218658
2000,1336,1530.2603276699804
2000,1135,1268.5252584447267
2000,1397,1718.291109309171
2000,1194,1149.674571867342
2000,1439,1557.1106938154041
2000,1456,1417.2834074411712
2000,1449,1421.4667057027239
2000,1314,1579.9474529822796
2000,1391,1353.2357611600464
2000,1202,1449.8645640015131
2000,1277,1824.4255920900225
2000,1116,1710.774394078469
2000,1122,1551.5084232378529
2000,1192,1581.2595187343366
2000,1166,1741.2042066869506
2000,1170,1289.5590558859906
2000,1381,1480.8631675778752
2000,1429,1813.6030155951723
2000,1350,1591.8371722933387
2000,1272,1578.9687487200054
2000,1185,1491.0341493672204
2000,1214,1542.2409680538863
2000,1345,1689.4596174111853
2000,1339,1365.492732320476
2000,1332,1738.3922169946827
2000,1114,1200.1869480727773
2000,1321,1249.2587586224804
2000,1282,1473.4635157801442
2000,1142,1363.0897952172047
2000,1168,1260.803106324069
2000,1258,1134.3552487056884
2000,1374,1623.8931628421506
2000,1139,1760.7693394941693
2000,1417,1688.7819755665673
2000,1419,1540.8523781159827
2000,1431,1435.586522374678
2000,1435,1582.4531046356901
2000,1437,1637.9294983081536
2000,1452,1479.7104939350395
2000,1457,1630.549137799419
2000,1103,1501.0852810511024
2000,1106,1408.942952996989
2000,1226,1340.3195316383749
2000,1150,1594.009978654909
2000,1304,1415.6394712882995
2000,1407,1485.4458337126423
2000,1245,1644.2929892967054
2000,1217,1440.3806538416688
2000,1363,1503.2669310245897
2000,1140,1606.8470991745623
2000,1293,1649.4466287502405
2000,1358,1641.3272390139305
2000,1333,1459.3261115745722
2000,1354,1605.6287777684254
2000,1254,1336.732381523453
2000,1402,1409.2794769687073
2000,1434,1563.9727330683536
2000,1219,1336.3523018748408
2000,1378,1561.545062072411
2000,1176,1268.2761276472597
2000,1180,1486.3290957383465
2000,1161,1587.3675341343542
2000,1386,1476.4954188430427
2000,1398,1347.593174956775
2000,1401,1381.7250801752673
2000,1292,1560.2492406944061
2000,1427,1466.4953520043848
2000,1251,1339.5400817441746
2000,1447,1375.786117970067
2000,1361,1216.0402267909967
2000,1264,1398.813979335481
2000,1158,1633.2547405597493
2001,1242,1739.899496281426
2001,1417,1739.9932640209674
2001,1385,1510.1361775197286
2001,1246,1832.921523841827
2001,1314,1768.9970040899423
2001,1457,1604.2471640182105
2001,1409,1638.7038100790703
2001,1113,1479.531484757883
2001,1143,1646.995305613252
2001,1280,1588.3799723073153
2001,1307,1583.9378927967753
2001,1206,1618.0641329124926
2001,1396,1719.24939524015
2001,1174,1660.7143712052882
2001,1400,1786.1382971060393
2001,1298,1563.9539151300391
2001,1181,1881.1999325145093
2001,1343,1604.798083258518
2001,1231,1733.30029563979
2001,1337,1652.1846429118816
2001,1375,1602.1502719216599
2001,1266,1499.947990291856
2001,1437,1614.0705944325334
2001,1193,1432.0374600761681
2001,1102,1369.1669120722597
2001,1222,1430.6336779326052
2001,1122,1593.422323454156
2001,1238,1331.4282778982404
2001,1448,1621.426404797579
2001,1291,1279.9839221041007
2001,1386,1732.7968223251735
2001,1441,1279.4231773681777
2001,1382,1567.8424849962678
2001,1308,1561.9625405894215
2001,1379,1645.0148042141475
2001,1256,1474.2213440810403
2001,1378,1526.996979687757
2001,1172,1480.3508466390151
2001,1371,1566.9671575815744
2001,1351,1508.2035951740704
2001,1356,1513.1954131151333
2001,1253,1531.6894447712598
2001,1333,1390.6734831931417
2001,1168,1243.8254915961413
2001,1338,1647.8722192149946
2001,1299,1396.000353027351
2001,1332,1465.8283886425143
2001,1290,1546.0695247637593
2001,1328,1845.95085982793
2001,1108,1505.1068727165
2001,1326,1719.4864139472932
2001,1463,1380.165574337198
2001,1324,1413.6172960985602
2001,1276,1397.5643593828904
2001,1350,1707.92541834536
2001,1347,1595.317355730141
2001,1395,1593.2087468019054
2001,1322,1603.8120632346272
2001,1438,1683.3078335099249
2001,1254,1443.5555622331674
2001,1397,1662.1545078776649
2001,1151,1495.8871278160266
2001,1399,1623.4978589509656
2001,1376,1568.5140390701285
2001,1317,1156.146957711228
2001,1414,1714.287032274144
2001,1224,1341.3668527293137
2001,1424,1541.6830968865347
2001,1319,1437.044664531875
2001,1428,1624.3464687559192
2001,1226,1476.1769490250526
2001,1429,1716.1020395094615
2001,1365,1638.6326287497054
2001,1435,1447.4751887116618
2001,1354,1554.3938600340948
2001,1111,1361.7646916980007
2001,1447,1468.944090210951
2001,1135,1554.0538899821393
2001,1453,1403.902554283691
2001,1225,1279.7345027667102
2001,1456,1421.6651700023792
2001,1219,1268.7130412931065
2001,1272,1570.8716027367855
2001,1310,1571.1129698745856
2001,1138,1238.3093358369756
2001,1408,1283.792844455372
2001,1311,1454.6550747137487
2001,1278,1491.783686232608
2001,1422,1582.7209372659545
2001,1301,1490.3315493562027
2001,1335,1473.0007172054618
2001,1105,1538.8983143738178
2001,1240,1344.4479551238478
2001,1381,1716.4636287380217
2001,1116,1729.0351378158891
2001,1398,1421.2733477152901
2001,1131,1479.3577728008388
2001,1389,1246.609417016094
2001,1148,1394.1448979057395
2001,1107,1237.1136106012793
2001,1150,1722.307598431733
2001,1200,1328.3004539297795
2001,1155,1411.8508254589428
2001,1216,1158.0427611916891
2001,1156,1560.834909093627
2001,1436,1485.2274510259354
2001,1158,1561.425267986278
2001,1149,1344.9590189005228
2001,1163,1596.738907222979
2001,1346,1238.5501604009999
2001,1187,1408.7239375344866
2001,1117,1484.2831542624401
2001,1192,1456.0388572422792
2001,1180,1504.7017318750306
2001,1120,1588.0565638449061
2001,1197,1222.371396957995
2001,1198,1381.0400555593453
2001,1125,1415.9817662581127
2001,1265,1530.398978254035
2001,1171,1304.9659595747066
2001,1196,1816.57922042596
2001,1199,1429.851585604493
2001,1257,1478.25998771557
2001,1218,1709.7202033630963
2001,1247,1458.3868280701429
2001,1423,1643.5747113320379
2001,1228,1780.698186722722
2001,1263,1535.4185464235345
2001,1211,1758.921487499899
2001,1186,1564.4172738476896
2001,1210,1620.8065112255463
2001,1459,1396.0937195261995
2001,1209,1754.911513476215
2001,1208,1582.3235964455391
2001,1207,1668.6462047819386
2001,1126,1313.3223632425922
2001,1201,1719.84841303284
2001,1388,1144.7215600278414
2001,1220,1820.192320363096
2001,1296,1241.690002739605
2001,1392,1478.9087997031672
2001,1331,1319.3098299976366
2001,1304,1506.4385919824508
2001,1344,1675.1407114703989
2001,1221,1637.3269945048492
2001,1348,1337.4090501064004
2001,1349,1451.7171359255249
2001,1323,1640.7741812846934
2001,1357,1342.411789418065
2001,1391,1516.1125019126061
2001,1189,1251.2366717038929
2001,1419,1443.8565229859003
2001,1359,1507.3763122693556
2001,1420,1537.2971714696419
2001,1406,1367.6454621344956
2001,1425,1668.693986293733
2001,1133,1593.412558716671
2001,1439,1357.8170518621337
2001,1440,1342.8656513511658
2001,1443,1731.2110912464677
2001,1191,1467.827941857366
2001,1462,1638.0933442690166
2001,1275,1554.5489239407602
2001,1305,1372.4386984460411
2001,1362,1387.0029882301494
2001,1464,1515.157845967919
2001,1384,1343.5225429981429
2001,1387,1551.9287672452447
2001,1227,1418.0590847203146
2001,1286,1397.2933165062768
2001,1442,1297.4229836593302
2001,1239,1500.961815794661
2001,1157,1302.0474107465393
2001,1270,1695.1690735986765
2001,1114,1485.1613875535536
2001,1321,1459.7739282762263
2001,1160,1458.4926992348824
2001,1139,1770.5208919522308
2001,1183,1648.3777607248207
2001,1283,1471.1280387577135
2001,1309,1495.9413803066811
2001,1162,1444.3681570429735
2001,1153,1697.3066686395973
2001,1129,1524.7251578481817
2001,1144,1298.8317770090619
2001,1421,1405.2953238706514
2001,1214,1695.8141314115803
2001,1444,1339.180492567958
2001,1243,1484.3026351390283
2001,1427,1462.6411515033674
2001,1248,1400.0623026632925
2001,1165,1249.7905552459813
2001,1249,1347.5518278944558
2001,1411,1268.275716414767
2001,1259,1294.7218507904745
2001,1288,1296.9752414442619
2001,1269,1627.9532537302478
2001,1233,1623.9221026055793
2001,1274,1615.6414881323321
2001,1194,1281.2523978830698
2001,1279,1767.6339413116089
2001,1115,1125.630438622136
2001,1203,1491.7593014615293
2001,1401,1414.7764892139853
2001,1364,1468.076020801582
2001,1353,1446.9132850954782
2001,1372,1303.2421388560365
2001,1260,1299.4299211517605
2001,1393,1695.563800417469
2001,1383,1568.5694442241388
2001,1190,1588.9417907396146
2001,1250,1407.3204031989678
2001,1234,1688.9997192989588
2001,1454,1540.0236254391175
2001,1110,1304.2747079464305
2001,1130,1843.730446399056
2001,1277,1785.9054942366402
2001,1169,1676.1522486573663
2001,1182,1317.0862506543713
2001,1106,1642.3051521726643
2001,1318,1471.812475912649
2001,1451,1439.062914100147
2001,1292,1198.9299817606507
2001,1450,1468.5161462958324
2001,1340,1381.2348699657318
2001,1273,1471.1933444166568
2001,1433,1470.2816741696558
2001,1268,1744.2285426965902
2001,1104,1624.1439327515195
2001,1407,1645.465743464377
2001,1166,1728.5739775030852
2001,1173,1618.5665654269424
2001,1175,1494.0909317531853
2001,1352,1304.5906267679625
2001,1185,1162.5725412951174
2001,1241,1452.524633548046
2001,1330,1458.3924849612638
2001,1261,1483.0827459671036
2001,1361,1477.6511954433938
2001,1176,1293.4206772187524
2001,1460,1547.1061623840146
2001,1329,1656.6357002827842
2001,1282,1417.5605213080894
2001,1380,1353.2049624643491
2001,1368,1251.6888162997902
2001,1284,1638.422939327305
2001,1418,1538.4520636493355
2001,1458,1637.4024197677134
2001,1412,1553.2825450269404
2001,1258,1342.3524218953833
2001,1360,1484.4248463001916
2001,1431,1656.642764681898
2001,1449,1386.1363876398243
2001,1452,1583.2515041991212
2001,1455,1330.7343145331786
2001,1313,1487.8956872261392
2001,1373,1626.6908641910454
2001,1112,1814.345099406067
2001,1159,1392.592845237608
2001,1202,1341.0085526646865
2001,1251,1396.530767362566
2001,1132,1501.1733136931994
2001,1140,1752.3456897048284
2001,1141,1572.7374573264403
2001,1345,1534.5473234043147
2001,1147,1291.7535317956306
2001,1402,1421.4919236667358
2001,1267,1556.0746605191166
2001,1137,1441.9899049097946
2001,1264,1529.5587224892076
2001,1204,1529.686794499255
2001,1164,1464.9799109674987
2001,1217,1441.796946129459
2001,1179,1441.3012978010815
2001,1334,1542.7024900062802
2001,1285,1385.5586059592345
2001,1320,1327.0734319406918
2001,1271,1407.0795967354343
2001,1336,1641.5573696908805
2001,1403,1377.552612901917
2001,1341,1266.877591049769
2001,1184,1256.1009317468431
2001,1281,1621.20011247734
2001,1358,1446.1530927860092
2001,1178,1658.891457768477
2001,1152,1241.3821571044368
2001,1170,1225.7545485335313
2001,1124,1607.0472828976833
2001,1123,1562.3578534787553
2001,1237,1403.4874016672447
2001,1119,1342.50143418766
2001,1306,1320.0679193153399
2001,1390,1855.7695320478128
2001,1177,1372.7345813589077
2001,1232,1596.0158892760414
2001,1434,1640.8604021271333
2001,1405,1601.0521254323512
2001,1369,1496.0902970871946
2001,1410,1371.9058174271383
2001,1339,1327.399697702851
2001,1235,1767.9399570275343
2001,1145,1592.2503860659344
2001,1416,1270.2944010512683
2001,1374,1505.0717652405503
2001,1404,1335.1490298067358
2001,1161,1477.2515990073828
2001,1154,1472.7607932463898
2001,1245,1673.3754147404748
2001,1103,1424.0526467504867
2001,1229,1596.5628092524455
2001,1426,1425.1609264759936
2001,1363,1511.188441025221
2001,1461,1633.0252288491874
2001,1325,1594.4442684384155
2001,1287,1387.4455711223939
2001,1142,1306.0364250291539
2001,1293,1549.6372476376869
2001,1212,1347.1030186066127
2002,1112,1744.391943350868
2002,1268,1829.0248739790586
2002,1196,1684.798187614965
2002,1396,1617.3151703650942
2002,1116,1534.6613697422003
2002,1263,1415.5773302605953
2002,1177,1353.8884140317411
2002,1200,1287.167792795466
2002,1277,1659.224603408122
2002,1178,1600.159800445065
2002,1328,1875.6617376164559
2002,1148,1794.178356154711
2002,1393,1533.83602803754
2002,1264,1539.9434570084659
2002,1448,1638.6246276335278
2002,1423,1716.6317588382562
2002,1359,1456.9493467993882
2002,1258,1258.9367562027737
2002,1330,1435.3948921167662
2002,1170,1265.02465210595
2002,1281,1618.2006604561432
2002,1404,1363.0624566868694
2002,1272,1621.9764966869532
2002,1459,1318.6214295741854
2002,1425,1710.4370941042084
2002,1461,1676.6205659305301
2002,1201,1558.0982409469882
2002,1286,1597.3823958461403
2002,1131,1649.3847497548302
2002,1309,1540.7501123951386
2002,1104,1756.1427936016846
2002,1290,1380.24556156285
2002,1102,1384.4917251435359
2002,1463,1689.465053223141
2002,1234,1566.313878441629
2002,1271,1322.2680131907616
2002,1363,1400.86268770182
2002,1192,1197.2255578063064
2002,1321,1511.8847389358932
2002,1433,1582.189050137196
2002,1301,1679.2442419662812
2002,1341,1347.9288108396893
2002,1187,1435.8381671343222
2002,1353,1577.9748796070207
2002,1443,1837.8956578307993
2002,1246,1680.6951488439695
2002,1332,1724.8635976268547
2002,1106,1508.6660236231178
2002,1253,1514.1041024630417
2002,1444,1538.7394848180854
2002,1186,1549.191183609476
2002,1386,1584.8330336218394
2002,1143,1689.0906893468787
2002,1343,1630.2918012282591
2002,1132,1654.0005470950755
2002,1279,1623.5461800044072
2002,1203,1403.9433728042943
2002,1267,1495.3435762555673
2002,1356,1680.6692076866113
2002,1125,1385.5351601520354
2002,1350,1633.879139285668
2002,1111,1378.851262836361
2002,1349,1370.5051963945746
2002,1298,1302.782594072621
2002,1345,1409.6673383861
2002,1434,1745.2895331910136
2002,1344,1487.7073154480843
2002,1373,1500.9156210358972
2002,1329,1667.3882744463372
2002,1153,1876.6702021136641
2002,1323,1681.0460347217672
2002,1306,1360.652170393305
2002,1319,1441.0623755884124
2002,1142,1443.7880215374003
2002,1317,1511.451663172565
2002,1283,1560.7931213717973
2002,1338,1814.0188479584774
2002,1288,1203.7761738868512
2002,1361,1726.4782298787477
2002,1320,1405.2882077236063
2002,1383,1510.9657560091655
2002,1250,1226.1169896158774
2002,1395,1494.6279012027444
2002,1322,1430.867545536977
2002,1397,1591.3728885008788
2002,1399,1663.9541570135505
2002,1403,1713.8431502288581
2002,1456,1367.3117475431684
2002,1414,1588.0282438252032
2002,1388,1375.1048086548617
2002,1427,1547.6987275445758
2002,1435,1543.2233256007225
2002,1251,1158.3041829349402
2002,1438,1545.4263706400304
2002,1447,1582.323866820711
2002,1452,1298.2819222855373
2002,1421,1414.321227438438
2002,1371,1418.811572923835
2002,1362,1465.4901943706946
2002,1276,1408.2499081306903
2002,1324,1575.2521378954755
2002,1218,1794.4855347276516
2002,1313,1342.1989603574316
2002,1265,1545.5267320061646
2002,1180,1497.0292538404049
2002,1120,1480.594878499915
2002,1219,1343.1238131070309
2002,1127,1315.0094616658514
2002,1171,1309.68271970063
2002,1269,1459.179170825506
2002,1114,1520.523804622271
2002,1139,1672.0626895333096
2002,1347,1426.5819974127592
2002,1145,1374.5671372749644
2002,1165,1300.4578132967088
2002,1137,1456.038687239023
2002,1150,1644.7940958161716
2002,1172,1658.8032923154956
2002,1158,1584.8363236474358
2002,1149,1386.3119557961313
2002,1162,1387.5551787201136
2002,1318,1308.933654864629
2002,1174,1507.3957717416124
2002,1455,1455.7336908618
2002,1175,1464.847356442927
2002,1216,1443.2098463631135
2002,1179,1517.6060745057023
2002,1358,1426.6330288670797
2002,1189,1375.8628251290024
2002,1299,1449.653211657181
2002,1135,1551.6772196263778
2002,1436,1557.6608582382867
2002,1198,1325.2690359221822
2002,1389,1219.8343972257796
2002,1199,1445.0995015520675
2002,1243,1517.6510016482393
2002,1407,1558.5511130036089
2002,1237,1495.8798479720276
2002,1156,1406.1716113882485
2002,1229,1585.3191048520134
2002,1451,1500.6189245923504
2002,1228,1739.5421868357655
2002,1211,1856.274320624726
2002,1221,1601.870192540202
2002,1346,1529.9473752521403
2002,1217,1488.649093622627
2002,1193,1477.6543704492865
2002,1214,1717.3867327865703
2002,1314,1415.6397555701374
2002,1210,1604.0899847811058
2002,1197,1324.5391952572427
2002,1224,1516.0891278259578
2002,1273,1292.8688624039328
2002,1208,1646.828413762437
2002,1202,1551.2835910925498
2002,1406,1420.629586109432
2002,1164,1234.8433179322021
2002,1390,1663.003059642628
2002,1307,1528.4443312854
2002,1385,1628.2477403843375
2002,1392,1323.125816115733
2002,1340,1441.53572474986
2002,1129,1486.2716991056986
2002,1419,1600.219601645898
2002,1339,1230.800779004336
2002,1415,1317.9569079311382
2002,1337,1717.5816197943054
2002,1168,1243.9754718576942
2002,1412,1452.546140256659
2002,1185,1232.0206208530967
2002,1334,1594.8160660653557
2002,1365,1483.6731370285847
2002,1379,1442.957385525481
2002,1238,1326.2289110442516
2002,1418,1651.81612916415
2002,1270,1735.0253528511944
2002,1439,1455.0202980668341
2002,1291,1155.8699928085389
2002,1275,1478.311727844779
2002,1424,1684.6479053446312
2002,1458,1654.6360871436832
2002,1429,1637.5975206309392
2002,1449,1454.545591557814
2002,1460,1544.1635823927672
2002,1384,1244.0451338928622
2002,1462,1788.5630218659153
2002,1157,1293.559668795893
2002,1420,1598.3098259601704
2002,1259,1264.7750663515308
2002,1122,1414.1047552674393
2002,1308,1567.5098914367939
2002,1426,1390.3821729763276
2002,1103,1385.579730796396
2002,1233,1460.5340989746944
2002,1400,1686.1656833198017
2002,1113,1511.0945615996457
2002,1372,1447.6442456366044
2002,1140,1540.1966809219562
2002,1360,1513.8756251369794
2002,1155,1400.374953005665
2002,1289,1244.6901023501096
2002,1160,1490.7855506050591
2002,1115,1140.9041188249676
2002,1191,1323.4027682919063
2002,1464,1225.5030778835592
2002,1206,1631.7467810803523
2002,1310,1556.986960455967
2002,1220,1391.480447406303
2002,1194,1632.704244539465
2002,1159,1512.6051950866915
2002,1254,1302.676522654201
2002,1248,1471.9549889013495
2002,1107,1314.084904281162
2002,1256,1663.5334031136172
2002,1284,1535.030394778206
2002,1351,1534.822737652125
2002,1282,1542.8505665642938
2002,1453,1394.3338757858785
2002,1280,1819.5430561103822
2002,1311,1170.79142187786
2002,1278,1584.3605664223114
2002,1110,1539.8313885240714
2002,1305,1536.0765466112546
2002,1169,1494.179382077555
2002,1261,1628.4856319309833
2002,1144,1328.0907307690559
2002,1226,1292.6717667079924
2002,1266,1755.8787959656554
2002,1260,1523.9974657579967
2002,1152,1173.8557682456
2002,1274,1704.9436921210247
2002,1326,1716.6791868034388
2002,1457,1547.5602663512768
2002,1374,1491.8396887041988
2002,1190,1625.12778522352
2002,1336,1329.143335190069
2002,1257,1611.20547130991
2002,1375,1257.8365357127386
2002,1182,1385.3290791028523
2002,1231,1650.7472829900528
2002,1247,1522.245648454879
2002,1176,1305.0906448444578
2002,1331,1557.2275413576797
2002,1130,1632.2644206309442
2002,1240,1423.6172115658273
2002,1173,1628.9291924644592
2002,1405,1591.1032257995894
2002,1285,1556.9937644186243
2002,1227,1608.328043512694
2002,1232,1282.0906377683239
2002,1166,1693.0433532012405
2002,1138,1377.8564666094455
2002,1335,1782.3707190305522
2002,1387,1528.8951955366103
2002,1357,1287.7643681448499
2002,1401,1322.2704798326647
2002,1409,1735.8929492104173
2002,1212,1286.1516215860083
2002,1410,1527.523683986341
2002,1402,1487.9555350127584
2002,1417,1618.5978628828548
2002,1222,1595.1605818945095
2002,1422,1623.197646735736
2002,1431,1329.2729949045117
2002,1108,1624.2642926798999
2002,1378,1556.6162426767328
2002,1411,1442.9619466494503
2002,1123,1563.5528311785195
2002,1242,1883.2821104714649
2002,1133,1343.8879500728085
2002,1391,1372.0975823199508
2002,1163,1843.619280256294
2002,1207,1649.104643884132
2002,1416,1529.5208605784057
2002,1183,1371.9480600872291
2002,1235,1431.6970988259322
2002,1239,1457.589204914525
2002,1380,1311.8201531618745
2002,1181,1860.4008268675489
2002,1382,1513.7171075411254
2002,1249,1502.442164900008
2002,1352,1418.526548616501
2002,1381,1457.4002496597323
2002,1408,1444.9649057476245
2002,1147,1447.7559434381776
2002,1428,1652.2034864019647
2002,1442,1337.9744258784604
2002,1184,1233.5733297884842
2002,1354,1516.8811468472852
2002,1348,1366.8576462299952
2002,1304,1458.9779121654335
2002,1241,1445.8701251701566
2002,1126,1375.0555116019966
2002,1161,1442.052624819866
2002,1450,1327.060727972499
2002,1119,1365.1341696138427
2002,1376,1620.140404574418
2002,1437,1626.0121900403444
2002,1454,1510.5377917453582
2002,1117,1462.1607312819233
2002,1124,1421.0544869382927
2002,1141,1352.2613568224438
2002,1292,1471.1827914927842
2002,1204,1524.3138668380586
2002,1333,1399.5598058031972
2002,1154,1482.3713916388465
2002,1151,1504.2093525475611
2002,1245,1848.137516912121
2002,1364,1638.2400070689428
2002,1369,1288.6566824684073
2002,1293,1621.1654938090387
2002,1398,1367.4101992685505
2002,1441,1361.3441805965538
2002,1209,1642.2316197871996
2002,1225,1364.8441685866976
2002,1105,1512.9362441830137
2002,1368,1280.0838700501927
2002,1287,1539.5639360905525
2002,1296,1443.3780323359447
2002,1325,1532.8497340545766
2002,1440,1380.5685848044618
2003,1104,1565.954196666423
2003,1328,1828.0849351356558
2003,1272,1762.049628847402
2003,1393,1787.5789998094492
2003,1266,1778.1226600140646
2003,1437,1471.8365429472271
2003,1296,1571.336181646989
2003,1457,1575.7216284555952
2003,1400,1777.7506578532327
2003,1208,1767.544992807713
2003,1458,1722.4497696122519
2003,1186,1547.2786053352302
2003,1161,1656.6027186090669
2003,1236,1395.653929351865
2003,1194,1273.2133881001896
2003,1156,1286.980631775111
2003,1237,1605.3242575346064
2003,1135,1637.1603464645427
2003,1323,1627.127790368806
2003,1125,1547.8395243364728
2003,1166,1794.4313004224282
2003,1426,1529.7358604037183
2003,1202,1457.5323679509027
2003,1106,1381.6172952680558
2003,1183,1495.7252856870678
2003,1129,1422.8818641959451
2003,1314,1580.306707976667
2003,1336,1368.117975212377
2003,1353,1469.2845043113919
2003,1162,1133.7210252545376
2003,1390,1710.9033256877547
2003,1131,1609.658795791273
2003,1462,1820.2476260769322
2003,1389,1395.8014740130325
2003,1422,1232.2530576355744
2003,1447,1630.3717705124934
2003,1242,1798.1257099302115
2003,1221,1769.3590581531619
2003,1196,1721.7786930303214
2003,1256,1415.262042486078
2003,1304,1442.6945092254657
2003,1147,1405.2518420275196
2003,1365,1379.6250993627634
2003,1334,1353.4948692334588
2003,1352,1398.3464386391126
2003,1282,1427.3663624022731
2003,1350,1514.7551044334505
2003,1347,1432.3549263281784
2003,1349,1565.3488482602927
2003,1408,1527.100372663977
2003,1348,1571.7715748886405
2003,1318,1484.6498516335062
2003,1345,1608.0454205586557
2003,1275,1457.7273013417607
2003,1343,1564.5319568528384
2003,1444,1586.960356035762
2003,1340,1278.8472265737644
2003,1169,1472.1293022303676
2003,1137,1465.1478714996078
2003,1414,1607.9325907332336
2003,1321,1450.0391497148787
2003,1271,1252.3771779980984
2003,1320,1424.0430543502323
2003,1285,1448.4235860475148
2003,1317,1262.7861649014058
2003,1283,1556.7771764823476
2003,1308,1618.6681013084362
2003,1410,1248.7981922920678
2003,1301,1644.3299967204841
2003,1291,1377.2679522091232
2003,1373,1621.6613006042642
2003,1107,1283.583906791079
2003,1329,1621.5830851725532
2003,1463,1498.0078408275544
2003,1375,1452.0121039128912
2003,1380,1251.6326292553233
2003,1451,1802.261125949346
2003,1364,1589.6630021066542
2003,1382,1509.4602024217584
2003,1439,1395.2505445216048
2003,1452,1481.9958637900882
2003,1175,1528.1079891038592
2003,1298,1318.6131142096247
2003,1416,1616.195137934299
2003,1438,1474.0561564581958
2003,1254,1335.459654125496
2003,1180,1618.2559401471108
2003,1436,1637.4590167035446
2003,1185,1457.0632123974372
2003,1435,1442.04336734409
2003,1368,1446.9186276311973
2003,1428,1725.1601102796335
2003,1381,1366.3839345724748
2003,1379,1460.1857194978634
2003,1108,1462.1377382831317
2003,1427,1382.0155328233986
2003,1226,1488.5304314305172
2003,1412,1635.1313116363701
2003,1128,1593.3829296008632
2003,1404,1396.2950525659185
2003,1387,1654.1273450609747
2003,1403,1639.0942024643098
2003,1423,1764.8812961962824
2003,1397,1612.1365796103719
2003,1205,1259.917552390404
2003,1395,1377.9806650302048
2003,1358,1703.0282787865772
2003,1394,1444.0375978348347
2003,1168,1402.8514614077567
2003,1384,1445.477176003081
2003,1224,1447.341990607319
2003,1425,1513.212491132022
2003,1415,1300.5774683687932
2003,1281,1703.2211135850325
2003,1110,1554.7670028713083
2003,1265,1489.2710055803952
2003,1159,1503.1506635457838
2003,1267,1445.5544209647148
2003,1310,1631.666812984952
2003,1158,1665.1181247230766
2003,1149,1415.8577753813927
2003,1157,1381.0844195723666
2003,1441,1349.7351743259435
2003,1151,1595.1698549419048
2003,1359,1474.3380775371568
2003,1150,1515.1795254056008
2003,1253,1267.14867539787
2003,1148,1448.7225881909847
2003,1141,1772.083182035334
2003,1206,1547.4185844675542
2003,1140,1716.727722794876
2003,1405,1476.2147783291764
2003,1160,1674.7108418512166
2003,1142,1543.498069707016
2003,1139,1739.0788491839367
2003,1123,1434.4615972707884
2003,1240,1569.8243336152552
2003,1277,1672.8263674517264
2003,1421,1501.1992273990488
2003,1120,1612.5097605053945
2003,1459,1412.8668767104505
2003,1117,1460.4983897624545
2003,1369,1339.3958290493515
2003,1116,1437.5780309763343
2003,1238,1379.0169027948996
2003,1113,1611.41692079368
2003,1287,1592.2398384502164
2003,1133,1431.3552297670124
2003,1337,1482.7930367411893
2003,1165,1320.214377726266
2003,1138,1278.9093228589766
2003,1122,1712.966160972935
2003,1187,1388.980517629241
2003,1292,1572.3254389171507
2003,1179,1317.0776956481689
2003,1164,1429.7889039334561
2003,1258,1384.6822406730996
2003,1260,1529.248999339448
2003,1250,1430.408580772178
2003,1171,1321.3722177340435
2003,1247,1422.2508301189891
2003,1174,1501.0127025222414
2003,1241,1457.3746603735126
2003,1261,1693.6584012643884
2003,1311,1138.5765175086408
2003,1219,1289.0337823461905
2003,1319,1457.7750552019597
2003,1218,1562.1495366182692
2003,1114,1540.3140485684578
2003,1217,1334.703128964181
2003,1193,1619.372310634864
2003,1211,1689.9360652331536
2003,1220,1384.8590099234027
2003,1207,1533.350575733039
2003,1212,1383.1099563077585
2003,1200,1172.194965898536
2003,1456,1427.9677391859072
2003,1232,1266.2961881436408
2003,1464,1326.6051306423262
2003,1191,1419.196789111232
2003,1227,1664.9031830275615
2003,1392,1384.3789473398026
2003,1357,1344.6509252052565
2003,1386,1710.364379283386
2003,1130,1661.5673953403666
2003,1276,1572.0618122157925
2003,1371,1643.5542958346027
2003,1362,1577.8617845468784
2003,1360,1662.0554041593696
2003,1305,1595.1017957197728
2003,1341,1521.7847911303418
2003,1222,1378.091110090791
2003,1344,1612.871212520253
2003,1338,1850.9844722834598
2003,1182,1335.1203042119146
2003,1335,1776.3060311470852
2003,1372,1592.0277289124692
2003,1351,1414.212310869744
2003,1284,1480.4832083692163
2003,1409,1694.9569834527604
2003,1453,1320.0821880265878
2003,1420,1272.6126437964458
2003,1406,1181.5981763809907
2003,1429,1640.906321012069
2003,1229,1387.2064160601365
2003,1442,1220.6847117452985
2003,1313,1403.4276447064842
2003,1450,1345.88957671872
2003,1363,1279.4972717518363
2003,1455,1574.278399119847
2003,1454,1742.6047316549439
2003,1460,1357.4192338892785
2003,1103,1484.9043848809365
2003,1461,1588.982656731531
2003,1176,1527.6180857654026
2003,1418,1618.8293790791208
2003,1280,1714.604610621291
2003,1440,1386.4160964031032
2003,1251,1408.600013926819
2003,1273,1686.2252840888577
2003,1189,1463.333787284403
2003,1112,1828.344251983319
2003,1443,1750.074202738751
2003,1124,1525.1169866573546
2003,1127,1465.4269415322615
2003,1248,1423.3954041312018
2003,1243,1456.3837118721476
2003,1143,1641.4954454208969
2003,1307,1434.3924674224832
2003,1145,1361.7334773844657
2003,1126,1279.8303769383645
2003,1153,1584.672961145232
2003,1399,1602.7518037501793
2003,1163,1712.0972012835193
2003,1346,1527.440918619753
2003,1177,1540.8907886178076
2003,1178,1615.0087437141615
2003,1132,1459.0937633825793
2003,1181,1748.5804638470422
2003,1119,1179.1005461752056
2003,1274,1408.0582344073302
2003,1306,1274.129289746321
2003,1198,1312.517026945649
2003,1289,1218.894532373227
2003,1361,1529.5635114804152
2003,1259,1199.5876163074208
2003,1288,1264.0063831835816
2003,1233,1541.5349253977224
2003,1252,1294.5759516484748
2003,1257,1744.4443146376088
2003,1102,1445.9521890035526
2003,1210,1518.2501266520574
2003,1115,1246.5881562949046
2003,1209,1474.0501213550995
2003,1299,1139.0406277724717
2003,1225,1430.3619681116134
2003,1333,1438.4367205318986
2003,1376,1493.5598770206566
2003,1190,1651.8581922978585
2003,1332,1678.8903395937966
2003,1396,1678.156371960548
2003,1356,1752.146073698625
2003,1374,1579.2468808058866
2003,1434,1610.1001434517145
2003,1401,1509.1959389720278
2003,1411,1506.8664414748741
2003,1330,1437.9319955341632
2003,1424,1666.7723056092007
2003,1105,1242.4955228462743
2003,1197,1543.294017879648
2003,1286,1375.9295808465354
2003,1449,1430.515768767826
2003,1249,1433.1118619723625
2003,1268,1649.1690570310927
2003,1278,1527.4619158338755
2003,1152,1118.0975337905797
2003,1155,1476.2032397466203
2003,1391,1301.7921997752474
2003,1239,1447.1915765194713
2003,1173,1801.3532177779255
2003,1279,1495.680878196728
2003,1234,1499.0593015685213
2003,1228,1787.0346811146453
2003,1204,1488.791105176888
2003,1263,1448.5151477041043
2003,1199,1512.2766278299123
2003,1366,1183.7367493455563
2003,1154,1215.489151668423
2003,1322,1295.3361431419396
2003,1326,1636.7110847341703
2003,1407,1764.4006452724118
2003,1270,1476.0916163752556
2003,1383,1542.2343750097145
2003,1264,1736.9504454066002
2003,1111,1505.5667440216232
2003,1203,1474.475992282104
2003,1172,1525.4138935093383
2003,1214,1515.660001206811
2003,1231,1602.442399442825
2003,1269,1413.6042717252312
2003,1246,1959.5081427273913
2003,1170,1440.6102688968115
2003,1192,1455.9271716323713
2003,1331,1485.4863811172975
2003,1144,1191.7423049677416
2003,1417,1518.2090886951353
2003,1324,1523.4525567464866
2003,1378,1495.6412470522691
2003,1290,1507.312116923336
2003,1385,1571.1642045841893
2003,1433,1602.147185504457
2003,1419,1433.2219283934542
2003,1354,1640.407682620277
2003,1431,1278.6894937039053
2003,1216,1532.1869067237512
2003,1388,1489.278513468567
2003,1309,1423.9755631082942
2003,1339,1384.3268969812743
2003,1448,1768.546928881913
2003,1402,1455.7509810285499
2003,1235,1545.451408557443
2003,1201,1606.3570509120043
2003,1325,1540.26240773911
2003,1245,1576.6412888624343
2003,1398,1127.8478198017199
2003,1184,1345.4762960786477
2003,1293,1515.7833697973938
2004,1266,1562.3075193932245
2004,1385,1355.788605822149
2004,1448,1660.190001023102
2004,1272,1689.3362488774012
2004,1338,1832.4554935572926
2004,1104,1646.978441172933
2004,1386,1850.903852552858
2004,1211,1854.2301496716652
2004,1227,1773.92735858316
2004,1414,1345.0708032709192
2004,1273,1403.0400425463818
2004,1325,1393.5187906922847
2004,1324,1413.461769918515
2004,1360,1205.4955471284964
2004,1462,1797.8270591758276
2004,1164,1523.8669820421674
2004,1306,1390.266903327346
2004,1291,1449.2693554025452
2004,1362,1496.7364126787757
2004,1404,1348.303166041574
2004,1428,1734.0458269629717
2004,1209,1633.7654894256561
2004,1400,1752.5562829288588
2004,1135,1504.4674465072965
2004,1376,1647.3731529034224
2004,1205,1351.9800305013691
2004,1350,1662.046930351492
2004,1290,1625.3723170816002
2004,1305,1782.9261278368572
2004,1436,1665.86574852757
2004,1283,1588.8250254041943
2004,1442,1176.908880555444
2004,1278,1437.906854439416
2004,1282,1496.024665004883
2004,1225,1519.712388641794
2004,1189,1438.8117656288612
2004,1163,1835.4303822067484
2004,1463,1417.7097834077629
2004,1120,1513.4759585268082
2004,1158,1553.0556672503997
2004,1403,1658.314220105493
2004,1172,1622.0097283270661
2004,1220,1523.024683260147
2004,1265,1257.3410328459995
2004,1269,1376.8466790599844
2004,1383,1490.1437190326883
2004,1210,1725.8167265925924
2004,1418,1688.2472336363178
2004,1450,1479.8513968910556
2004,1440,1235.8430648468245
2004,1458,1799.7744588364276
2004,1335,1561.9486000877569
2004,1373,1524.6705888935678
2004,1107,1235.218109223545
2004,1369,1310.6018621501225
2004,1453,1522.6995509463395
2004,1364,1476.170359570615
2004,1218,1560.0049521988929
2004,1326,1475.9931388095206
2004,1361,1448.8454573934077
2004,1253,1245.780069922619
2004,1351,1465.489971604524
2004,1349,1637.6569879548827
2004,1226,1399.8824163265876
2004,1298,1217.8666987651695
2004,1348,1575.9471051265273
2004,1318,1576.2768359622794
2004,1334,1789.2134763838103
2004,1363,1253.053885805684
2004,1332,1551.4363300048367
2004,1201,1507.8271134454412
2004,1331,1487.8618618967764
2004,1354,1520.9705403112164
2004,1329,1884.9274734652254
2004,1322,1341.3660801677395
2004,1328,1607.4771478957448
2004,1186,1595.9073153777113
2004,1320,1742.6712356584192
2004,1152,1487.1983044506042
2004,1319,1450.8806903859906
2004,1168,1414.4683327677394
2004,1343,1675.7759419775705
2004,1159,1462.8318010969044
2004,1301,1705.9157590570471
2004,1421,1373.8272563704534
2004,1378,1290.0625840451014
2004,1194,1268.1953355048206
2004,1382,1314.965735612569
2004,1352,1435.196401786047
2004,1455,1626.045931913521
2004,1247,1360.1928093307858
2004,1449,1721.984384247827
2004,1340,1374.9772174840234
2004,1444,1771.1637553492674
2004,1425,1508.0785029611234
2004,1437,1560.1668518934791
2004,1396,1581.3911648025157
2004,1435,1699.3665622206286
2004,1125,1623.8925037553024
2004,1433,1749.9061321668496
2004,1233,1435.112707782746
2004,1424,1605.9480568948336
2004,1175,1432.2462713158156
2004,1379,1445.9190837542283
2004,1108,1403.1921509423971
2004,1423,1534.833051953086
2004,1267,1467.188973127157
2004,1406,1335.3958826600092
2004,1405,1604.6111241072877
2004,1236,1182.2887271572267
2004,1397,1568.1033814728119
2004,1459,1326.8265223571
2004,1392,1379.900559908065
2004,1171,1138.554612962108
2004,1388,1605.1706035376387
2004,1127,1483.7086078772413
2004,1387,1646.7213102761225
2004,1184,1461.0885077290409
2004,1420,1232.7430784485382
2004,1259,1139.3241048726093
2004,1286,1401.460557816216
2004,1346,1307.3655695174148
2004,1243,1511.8849445742885
2004,1128,1587.8898055530703
2004,1277,1671.4072678221034
2004,1137,1490.8241280303728
2004,1177,1730.0057614862876
2004,1260,1348.2515164215677
2004,1174,1535.7542027502077
2004,1173,1667.137735567897
2004,1337,1562.5267501207616
2004,1160,1619.2596900522512
2004,1321,1536.5389393796377
2004,1149,1261.0916967809424
2004,1155,1430.0088840538995
2004,1145,1330.558430580532
2004,1138,1625.410390547081
2004,1190,1769.667298691046
2004,1222,1353.3674196363058
2004,1142,1386.21277036562
2004,1143,1483.8741405058383
2004,1133,1486.835167422262
2004,1419,1357.9492568631304
2004,1129,1695.5612127893426
2004,1339,1366.2244739274438
2004,1443,1511.3242159826168
2004,1119,1219.7051552643675
2004,1162,1401.4722985954302
2004,1117,1500.4286388271817
2004,1279,1494.852689528062
2004,1116,1448.3955105616535
2004,1311,1158.4952160727573
2004,1256,1499.871950112618
2004,1284,1595.1387226135707
2004,1111,1304.1677739360196
2004,1193,1570.7594349229885
2004,1217,1259.4409134203543
2004,1140,1719.3448201831504
2004,1381,1353.0400162409378
2004,1203,1629.0823533663672
2004,1150,1689.3962620892428
2004,1199,1549.5321141058344
2004,1263,1606.9436511451916
2004,1276,1599.403942864952
2004,1275,1595.718894920693
2004,1251,1575.6640310729404
2004,1366,1264.24547046051
2004,1261,1577.2780482027613
2004,1380,1393.6033345215728
2004,1254,1293.4918682843906
2004,1250,1587.3938090598583
2004,1246,1891.9894973848654
2004,1457,1470.5058070066023
2004,1242,1714.666862033701
2004,1151,1621.379454223531
2004,1258,1469.0895017070984
2004,1415,1428.8235592832448
2004,1231,1492.9481668573774
2004,1422,1397.7076416120337
2004,1191,1355.0483381073966
2004,1224,1176.0212275846075
2004,1198,1214.5092117851739
2004,1208,1636.4567588806674
2004,1441,1371.9527578803488
2004,1207,1408.674293317107
2004,1212,1384.6741161644823
2004,1240,1435.321244824155
2004,1105,1412.558218526335
2004,1206,1672.4642034016497
2004,1287,1511.9059305083144
2004,1310,1641.3012249754324
2004,1464,1329.2554620966914
2004,1353,1545.7576457226469
2004,1248,1452.8763203526619
2004,1344,1665.7417023818161
2004,1314,1663.7215860133872
2004,1330,1555.409419646607
2004,1333,1453.1305410854234
2004,1341,1308.1758838756155
2004,1384,1468.7509216928445
2004,1356,1758.072035307978
2004,1461,1442.9610330706323
2004,1374,1433.8034790576014
2004,1410,1527.428462173226
2004,1390,1881.3292688380761
2004,1170,1434.4096871452168
2004,1395,1511.2724580173021
2004,1426,1534.7393661191443
2004,1409,1365.548642092431
2004,1427,1609.5114120736132
2004,1439,1604.7624182088696
2004,1454,1602.241152575425
2004,1285,1366.985454405809
2004,1185,1424.088629774267
2004,1309,1547.5161931399748
2004,1402,1340.3602620186275
2004,1371,1661.7547990568507
2004,1288,1329.663230578251
2004,1304,1528.183021700298
2004,1192,1515.3031491919255
2004,1293,1741.3326509546916
2004,1447,1469.5265738395508
2004,1102,1694.407098489008
2004,1115,1103.7117386916225
2004,1106,1568.9277358433405
2004,1299,1168.8354950408846
2004,1113,1375.7364221293694
2004,1114,1543.399468101296
2004,1124,1346.529802325406
2004,1411,1383.8132316670558
2004,1130,1759.0195089757317
2004,1153,1804.2112603895885
2004,1103,1418.5927762299625
2004,1357,1396.110132607075
2004,1296,1360.2814713905427
2004,1183,1278.0687379120557
2004,1166,1584.914909184721
2004,1181,1809.7834323528512
2004,1178,1591.7184457965102
2004,1157,1412.0905982582408
2004,1214,1394.7481557450515
2004,1187,1494.7742735336917
2004,1144,1213.9864305992094
2004,1200,1307.7849017144235
2004,1268,1751.698171477082
2004,1110,1567.1350844256679
2004,1434,1625.696092396919
2004,1241,1295.6439337505706
2004,1202,1538.0323216720274
2004,1280,1829.476813443786
2004,1228,1794.5402865780118
2004,1221,1458.8674604391865
2004,1131,1742.7681148506051
2004,1238,1361.2906464933747
2004,1375,1429.7990283101562
2004,1456,1285.5528782621222
2004,1438,1620.1689406413743
2004,1345,1474.6321067812937
2004,1359,1377.1221989633561
2004,1274,1434.8799761722757
2004,1229,1410.540179832775
2004,1197,1483.8838126324526
2004,1232,1317.9498799565308
2004,1234,1560.4851513612218
2004,1271,1277.6579055287307
2004,1336,1318.4296985414487
2004,1165,1319.2699044932613
2004,1452,1542.3384609244213
2004,1308,1438.0131876016765
2004,1323,1660.0657398315277
2004,1180,1610.144587110802
2004,1347,1337.731080942563
2004,1401,1276.3190769798723
2004,1358,1390.6017520584292
2004,1412,1685.666309629913
2004,1204,1557.3634177522981
2004,1239,1438.448856537145
2004,1264,1750.0800724543653
2004,1141,1287.7103039102253
2004,1270,1436.06105593217
2004,1126,1279.8466541754578
2004,1112,1620.9413569684225
2004,1176,1426.4334483186362
2004,1216,1407.4195213986195
2004,1365,1462.7918786272344
2004,1237,1546.1379087785338
2004,1219,1505.443880828897
2004,1389,1535.8603127221927
2004,1372,1544.1652822087824
2004,1394,1485.9160891287481
2004,1408,1405.6601828054047
2004,1429,1739.567925773375
2004,1451,1499.1429457765162
2004,1313,1393.5939506970717
2004,1368,1498.2017765887613
2004,1123,1478.606191349797
2004,1147,1484.2976505915196
2004,1139,1545.4231087459439
2004,1182,1477.8670584485224
2004,1196,1730.224921773543
2004,1156,1147.9163236953013
2004,1169,1522.0090926369396
2004,1252,1257.7370141903195
2004,1245,1620.415021145021
2004,1179,1439.9261138920394
2004,1161,1483.8585924196943
2004,1393,1743.6854660536667
2004,1416,1762.225862733239
2004,1122,1668.2372685838955
2004,1407,1757.5678299263195
2004,1398,1319.2601815178605
2004,1154,1273.373145756542
2004,1235,1573.1239375336936
2004,1399,1383.1798887493894
2004,1460,1468.6941244669088
2004,1292,1555.4227773749967
2004,1431,1727.4378902986966
2004,1417,1376.8945087462969
2004,1148,1527.3271175274738
2004,1132,1451.7421374309986
2004,1281,1600.088066409377
2004,1257,1639.990237587655
2004,1249,1275.4530210643627
2004,1317,1460.3482498542132
2004,1307,1460.2314461631781
2004,1391,1450.3574829337283
2005,1128,1476.460706831658
2005,1105,1519.3929098682022
2005,1143,1489.5175610044053
2005,1415,1292.3621033285888
2005,1206,1524.2412672329972
2005,1236,1312.8564996278997
2005,1272,1601.0792112198571
2005,1366,1115.4788777501788
2005,1280,1632.0931944830097
2005,1193,1467.317274376143
2005,1343,1494.2632708438248
2005,1137,1679.916538791545
2005,1388,1743.2570088161003
2005,1125,1482.7613105495818
2005,1393,1796.52313439921
2005,1294,1244.9330375872316
2005,1365,1508.7432490136437
2005,1182,1332.7630773184446
2005,1307,1771.5882278572662
2005,1299,1244.93816212721
2005,1102,1552.800878668946
2005,1240,1221.9402192049652
2005,1229,1503.9865575567285
2005,1336,1283.52859617382
2005,1266,1518.9008796807436
2005,1441,1244.0460005728853
2005,1279,1478.4705640087177
2005,1354,1547.2681448037624
2005,1326,1603.8509849526286
2005,1406,1182.5212127614288
2005,1448,1800.2244533930057
2005,1203,1702.4448647150368
2005,1433,1637.7537264624539
2005,1110,1524.0458069383246
2005,1352,1443.9334313804422
2005,1288,1462.905274542955
2005,1281,1591.683720159718
2005,1135,1413.5160733959874
2005,1160,1486.7871786415533
2005,1158,1549.977724881676
2005,1233,1498.3817757058137
2005,1319,1315.4040328491606
2005,1222,1532.298343352832
2005,1358,1530.4201605713577
2005,1166,1753.5432699806813
2005,1108,1260.3182507174502
2005,1276,1388.6906425377056
2005,1127,1485.4167494229653
2005,1460,1449.0925002115407
2005,1409,1378.9321153639066
2005,1344,1520.6908080992105
2005,1310,1646.2503911203237
2005,1335,1707.0537788641004
2005,1346,1293.5541335480857
2005,1112,1814.2796041480594
2005,1360,1605.2419714421526
2005,1333,1605.2756770594012
2005,1373,1267.8246105585154
2005,1301,1665.0235413615187
2005,1309,1451.0058767172884
2005,1187,1370.0551325045597
2005,1337,1541.420523266243
2005,1189,1375.5903162628485
2005,1192,1596.7113826072587
2005,1429,1738.1882573090456
2005,1204,1479.6803514888163
2005,1350,1473.137358770283
2005,1371,1456.1419318850162
2005,1359,1408.9373983971377
2005,1168,1610.9978828430212
2005,1348,1290.0238254070382
2005,1347,1396.538940604808
2005,1463,1438.746805619929
2005,1250,1433.474700357827
2005,1332,1534.1617004983773
2005,1226,1285.6231138409657
2005,1174,1376.0709782451902
2005,1323,1571.1857833367292
2005,1217,1462.9312828941609
2005,1321,1551.5147877237664
2005,1339,1440.1128980544559
2005,1364,1403.4888680892543
2005,1361,1394.273232453099
2005,1308,1216.3582088928722
2005,1444,1559.5642594541066
2005,1306,1351.7349466012067
2005,1251,1490.6583707683
2005,1287,1334.5693351832615
2005,1291,1250.0745106486977
2005,1329,1787.9980054094428
2005,1322,1603.4349826206117
2005,1314,1846.7605292893809
2005,1401,1626.5513446578398
2005,1390,1670.6767095682426
2005,1362,1544.1603021800013
2005,1462,1572.7881951303532
2005,1324,1518.916423063704
2005,1461,1492.6028362748705
2005,1456,1335.4187736767453
2005,1216,1293.3569543541312
2005,1451,1483.0533867884465
2005,1430,1528.8457207385832
2005,1450,1513.6157504232492
2005,1286,1428.6584059583622
2005,1443,1602.9216847064133
2005,1398,1436.4769549521654
2005,1439,1576.3400704441303
2005,1259,1264.5570379667306
2005,1384,1420.4226904713678
2005,1224,1144.5509890930593
2005,1438,1509.4631257395993
2005,1423,1605.509056818247
2005,1267,1381.1120525205538
2005,1420,1396.7099026824167
2005,1298,1379.9106263823512
2005,1418,1660.9504432673375
2005,1256,1452.7328357716813
2005,1313,1423.3283177982191
2005,1403,1715.7470071087666
2005,1421,1383.715799991007
2005,1400,1629.79890143705
2005,1402,1416.609469788355
2005,1395,1552.9564364552336
2005,1426,1350.5632963308249
2005,1435,1568.2841847431916
2005,1405,1589.4077205057133
2005,1399,1516.4131518906513
2005,1428,1762.9767144541129
2005,1392,1446.8345599959707
2005,1170,1448.5790202424814
2005,1172,1682.6964054830707
2005,1162,1313.8347715219293
2005,1255,1103.8383533055917
2005,1149,1462.8007891377622
2005,1155,1576.05708972123
2005,1214,1570.3568633493787
2005,1153,1689.6008974698964
2005,1434,1439.4199902232842
2005,1150,1658.9344482885251
2005,1253,1441.8800012057036
2005,1148,1395.0422015317217
2005,1159,1418.5668218468861
2005,1351,1570.1758833474707
2005,1133,1430.4544492927346
2005,1369,1476.7573500874298
2005,1130,1735.0264631066693
2005,1263,1501.9767637836171
2005,1129,1532.6209626512489
2005,1225,1280.6197824177043
2005,1318,1705.4123065751019
2005,1122,1459.5633479718915
2005,1387,1445.6233807100132
2005,1120,1504.3839444340176
2005,1396,1549.0163358042978
2005,1116,1501.319987380157
2005,1457,1743.2343078460806
2005,1107,1448.3199140411527
2005,1357,1208.7464156769395
2005,1104,1732.6235273029283
2005,1179,1529.4240872063588
2005,1103,1619.891467952417
2005,1191,1354.1998740979573
2005,1141,1393.9532959569758
2005,1277,1735.0719707532628
2005,1197,1472.6895115098657
2005,1198,1474.6371529487735
2005,1194,1417.4532997969334
2005,1196,1832.860286757282
2005,1239,1493.8663853092653
2005,1275,1625.5082021958247
2005,1345,1389.5529689000962
2005,1268,1540.5781642144168
2005,1238,1437.514298135225
2005,1265,1311.010175330455
2005,1165,1504.7230974395407
2005,1261,1742.9628129288128
2005,1408,1391.8477196444642
2005,1242,1708.0279509781806
2005,1436,1744.7972186583838
2005,1290,1407.2826269662555
2005,1234,1641.196499816509
2005,1442,1393.1184635349691
2005,1245,1605.8022907477346
2005,1382,1178.8277948575883
2005,1232,1457.8475177330322
2005,1157,1359.4146186528787
2005,1228,1924.6618006590882
2005,1175,1657.1505000918432
2005,1270,1468.715899866131
2005,1211,1840.162942188545
2005,1340,1525.3530502590045
2005,1210,1689.2405500028472
2005,1106,1423.8061389978088
2005,1202,1463.077776959632
2005,1144,1144.2303859446884
2005,1201,1455.3504389848808
2005,1271,1138.8970504977244
2005,1199,1427.4636510830035
2005,1411,1449.1002853500097
2005,1338,1704.062838388353
2005,1334,1822.265380503903
2005,1363,1240.2203447477907
2005,1330,1754.9926007576262
2005,1375,1383.1370216999226
2005,1328,1759.0791175241527
2005,1169,1607.0823280091658
2005,1368,1678.3127737468187
2005,1407,1402.4921030481728
2005,1385,1426.4892343439635
2005,1447,1566.6008484146819
2005,1416,1675.3688924773146
2005,1417,1679.1885983913694
2005,1152,1404.3674544199014
2005,1452,1716.4120941425142
2005,1389,1522.232751497988
2005,1453,1443.210749888325
2005,1237,1487.5895344476799
2005,1454,1738.0342694660571
2005,1341,1204.5434745114449
2005,1455,1605.60809109173
2005,1186,1292.9034393477555
2005,1458,1765.3209755400917
2005,1378,1529.953350310995
2005,1372,1337.6200135964596
2005,1274,1535.8743194692697
2005,1459,1462.4945077747573
2005,1117,1489.1971478120272
2005,1147,1176.2367227493191
2005,1163,1780.5850720973106
2005,1138,1705.5342692753202
2005,1115,1231.794276926183
2005,1177,1592.665710259166
2005,1132,1547.6398809671846
2005,1178,1495.4612350748223
2005,1283,1657.8336559442143
2005,1154,1275.1629252229297
2005,1119,1153.59428751776
2005,1185,1315.8408911442698
2005,1181,1828.3302037972114
2005,1404,1270.9464349646441
2005,1260,1533.088458594629
2005,1296,1442.346171199617
2005,1258,1391.430627536306
2005,1284,1524.3358954701932
2005,1246,1798.1725312190758
2005,1164,1499.4593726947141
2005,1248,1366.9474507055118
2005,1221,1711.8651316036028
2005,1131,1612.2993286255057
2005,1209,1469.5024417089758
2005,1379,1342.6664091301448
2005,1200,1440.6756166274185
2005,1383,1422.871817300606
2005,1241,1246.8032615138309
2005,1247,1416.5963827424919
2005,1305,1734.985096307134
2005,1376,1505.7549530095089
2005,1431,1749.4866516757108
2005,1311,1185.0232654800761
2005,1220,1677.4096802025097
2005,1278,1687.651446309246
2005,1252,1490.5467335497613
2005,1317,1407.3128723390591
2005,1113,1526.1395438037418
2005,1184,1638.00252424953
2005,1173,1536.6283645109165
2005,1285,1585.3860195674656
2005,1254,1455.339123183103
2005,1374,1503.554773590795
2005,1394,1527.117404538894
2005,1425,1502.7427192704106
2005,1414,1498.3259032087726
2005,1397,1513.8635283658825
2005,1353,1423.7731392400226
2005,1207,1575.4072615486634
2005,1126,1352.5203472430107
2005,1140,1361.9844294124264
2005,1161,1393.8144892836222
2005,1381,1386.9037903799735
2005,1227,1465.976692592081
2005,1145,1429.989319030916
2005,1257,1877.2411720813784
2005,1142,1245.9959846610095
2005,1180,1598.5386875867407
2005,1349,1612.545789322579
2005,1292,1538.3824225638905
2005,1304,1544.5793677792383
2005,1282,1490.981609823696
2005,1114,1591.5714173593617
2005,1356,1755.6027156421292
2005,1424,1598.830855375238
2005,1422,1538.3957644837644
2005,1437,1790.4908973075853
2005,1208,1341.9131759964623
2005,1273,1467.3487705087334
2005,1380,1384.0751191249926
2005,1171,1443.8664188036885
2005,1183,1407.851123439445
2005,1205,1541.0432461137093
2005,1190,1363.3880484927272
2005,1264,1444.165147431598
2005,1123,1511.149808040681
2005,1386,1655.2286397353032
2005,1231,1627.264540789351
2005,1269,1485.1551489226117
2005,1218,1464.0196879980467
2005,1235,1648.3312842040657
2005,1331,1658.0905337303177
2005,1419,1267.3656080770281
2005,1124,1330.1861605561066
2005,1111,1517.4740636330257
2005,1320,1644.3384845195972
2005,1243,1574.8472045367714
2005,1176,1626.7317616680652
2005,1219,1365.88752602906
2005,1449,1847.5232748265303
2005,1391,1354.1631850921617
2005,1412,1657.8415834346388
2005,1151,1572.0698778428202
2005,1413,1369.958761055104
2005,1249,1518.766066655735
2005,1156,1324.2074294344466
2005,1139,1443.407756396426
2005,1464,1199.3011180100493
2005,1410,1295.5408022838844
2005,1212,1465.2336893951574
2005,1440,1324.2356704214199
2005,1293,1532.4957189552558
2005,1325,1739.8090158274842
2005,1427,1485.9644894766454
2006,1165,1458.303673306513
2006,1384,1197.2134284269896
2006,1393,1751.5046540427668
2006,1126,1418.7377524551016
2006,1107,1626.0549441025018
2006,1324,1337.4024204462994
2006,1196,1799.5668627919329
2006,1389,1562.0549543040418
2006,1441,1399.874998609968
2006,1132,1314.0782328237683
2006,1439,1469.0034383032594
2006,1347,1462.0596869467754
2006,1403,1512.2433457829736
2006,1363,1229.8875378831938
2006,1448,1584.5727902492167
2006,1290,1313.4563049965022
2006,1206,1742.0693266480362
2006,1414,1506.5105252943747
2006,1204,1597.7546823219434
2006,1339,1409.4568723238135
2006,1459,1364.1270495395547
2006,1192,1582.3717497599412
2006,1452,1662.030034407892
2006,1419,1348.641376697304
2006,1461,1443.6074800115114
2006,1106,1384.9988530765734
2006,1453,1515.837553321866
2006,1422,1329.0121395682797
2006,1449,1735.2932271060681
2006,1288,1191.1930572323295
2006,1423,1804.0148725301322
2006,1139,1605.7395992998145
2006,1274,1563.4592903988944
2006,1426,1429.5972286828546
2006,1252,1601.0288472798325
2006,1294,1222.6121833596258
2006,1246,1662.8793498433422
2006,1355,1342.8618651626464
2006,1150,1580.5373670593458
2006,1164,1392.0620942742248
2006,1102,1667.8016067121716
2006,1319,1604.9904914602917
2006,1321,1529.9118116642435
2006,1250,1570.2411244923778
2006,1371,1611.9692803047599
2006,1264,1586.3564647223523
2006,1358,1603.5527818869416
2006,1281,1439.4037758729792
2006,1234,1816.175119488889
2006,1271,1245.9874048466002
2006,1181,1883.6633646168323
2006,1131,1448.5362203315356
2006,1180,1459.3771009342572
2006,1343,1523.8797171526307
2006,1159,1334.8153449011565
2006,1430,1492.9154734266597
2006,1417,1814.1480511856475
2006,1308,1615.8493983149922
2006,1400,1795.5428093796027
2006,1380,1615.7630575711169
2006,1396,1565.8729292011137
2006,1119,1181.3490894019521
2006,1359,1548.8120684059552
2006,1170,1413.3968864760463
2006,1272,1856.254174801783
2006,1454,1661.019073981355
2006,1104,1615.8729021478284
2006,1275,1641.8487137568463
2006,1227,1546.7118741948727
2006,1286,1421.1935258113629
2006,1379,1344.1760569383819
2006,1249,1500.873192785514
2006,1378,1308.1942292101398
2006,1108,1324.2787874869605
2006,1376,1636.1007431929306
2006,1364,1469.1492025795314
2006,1362,1433.0940477819731
2006,1360,1517.6886293694752
2006,1144,1364.186262245476
2006,1301,1602.138765205559
2006,1391,1544.3110824601683
2006,1356,1713.7088221362526
2006,1418,1554.426643713361
2006,1350,1422.0723596416804
2006,1214,1484.877401379318
2006,1329,1570.8535861856824
2006,1318,1633.8038728956317
2006,1135,1400.5537328173255
2006,1310,1448.5963031285007
2006,1127,1518.8150341081373
2006,1307,1524.8822503328738
2006,1354,1490.264685855968
2006,1304,1571.048429574572
2006,1255,1347.0195795509542
2006,1382,1295.5119095524476
2006,1352,1453.5818142051705
2006,1330,1630.089820477183
2006,1208,1485.9015763999232
2006,1383,1379.7636122229608
2006,1193,1384.766922001885
2006,1437,1845.4439501938198
2006,1392,1195.970486482563
2006,1397,1692.6466409567577
2006,1190,1438.7870461837606
2006,1279,1411.357836073612
2006,1381,1349.5104712696577
2006,1463,1429.5701647174737
2006,1256,1629.007598460708
2006,1458,1596.6036378962642
2006,1313,1428.030306349346
2006,1457,1684.22353867858
2006,1237,1523.4121213361025
2006,1456,1320.833430907254
2006,1263,1418.3254248552269
2006,1386,1656.27492662493
2006,1248,1332.8977630660202
2006,1443,1689.2008764344803
2006,1122,1498.1352483168967
2006,1438,1558.1671371225027
2006,1251,1266.4916997037585
2006,1435,1583.6035441668682
2006,1240,1524.9660816654116
2006,1428,1460.7650571246945
2006,1402,1189.2135468703545
2006,1424,1569.2989803637754
2006,1253,1616.4852890799802
2006,1420,1321.2052361118544
2006,1407,1426.5105985858129
2006,1346,1378.7134629071186
2006,1291,1441.4428830461316
2006,1278,1568.3348777664141
2006,1295,1471.1951935678426
2006,1194,1486.437479360583
2006,1269,1474.4883300714
2006,1216,1436.6131013975903
2006,1173,1465.5327387371467
2006,1399,1519.9069640201005
2006,1163,1867.597460529735
2006,1337,1309.154067445689
2006,1162,1314.1876016608387
2006,1306,1457.1792023044518
2006,1161,1447.3172293053365
2006,1160,1631.7782531986886
2006,1155,1558.6584405012106
2006,1174,1392.9865355280485
2006,1154,1305.2814681782668
2006,1149,1460.8476248128707
2006,1158,1516.7889167782016
2006,1138,1508.8020458388726
2006,1145,1433.8026562275313
2006,1137,1772.9211886838698
2006,1351,1304.4072230237387
2006,1276,1582.4592544449263
2006,1141,1188.036312845586
2006,1129,1428.8949201403602
2006,1285,1703.9526953187578
2006,1116,1717.1926980491744
2006,1340,1465.2401621365432
2006,1111,1481.2436744682263
2006,1114,1404.407312269557
2006,1148,1534.6007805921574
2006,1128,1534.5382809869493
2006,1176,1481.3739417509914
2006,1244,1314.6903482256491
2006,1130,1799.9682552439888
2006,1171,1315.2263205044594
2006,1187,1254.359111944114
2006,1299,1256.109475337112
2006,1185,1289.2439345906657
2006,1143,1662.5789942595834
2006,1268,1614.8683394231148
2006,1266,1666.9992569698427
2006,1349,1384.8489754073244
2006,1258,1487.0180479216208
2006,1140,1661.7129882788975
2006,1243,1513.9103534283934
2006,1242,1845.0455586964465
2006,1226,1439.8116398250922
2006,1231,1671.3764954591215
2006,1311,1306.4791115072696
2006,1261,1760.8713168171023
2006,1221,1636.1340982527631
2006,1219,1485.3256055665954
2006,1211,1842.2854913929448
2006,1225,1205.9064528359493
2006,1210,1451.1012263940547
2006,1421,1372.0156843285642
2006,1207,1690.4948419514496
2006,1298,1286.2422419439517
2006,1228,1740.7525800653636
2006,1191,1475.4431445725154
2006,1267,1416.9109555791308
2006,1345,1410.4125401812078
2006,1338,1750.8603453418884
2006,1336,1567.467863606673
2006,1413,1263.3161771724472
2006,1328,1674.3262539022044
2006,1314,1807.3911193410645
2006,1205,1573.3048050462492
2006,1348,1480.6412483958686
2006,1357,1354.9199212890885
2006,1200,1580.1387722054808
2006,1372,1528.4232878253295
2006,1409,1427.3210873839575
2006,1464,1288.602367155461
2006,1385,1485.8627886529066
2006,1390,1570.6373430648496
2006,1175,1578.6468050311253
2006,1429,1688.3455008440003
2006,1331,1612.0576067521474
2006,1110,1472.2071092269541
2006,1450,1370.8118176450307
2006,1415,1267.1318808418712
2006,1184,1436.387645960381
2006,1462,1641.9833028257387
2006,1183,1265.806174509488
2006,1305,1809.2581904553592
2006,1265,1630.111490653582
2006,1166,1656.2649173266384
2006,1115,1428.5573909516772
2006,1283,1708.407308528968
2006,1296,1556.8931227287585
2006,1125,1667.5019833086803
2006,1460,1463.158308657101
2006,1133,1707.6944588297974
2006,1177,1529.1796504547492
2006,1153,1617.0721745348947
2006,1293,1737.554892131471
2006,1172,1624.2187553206124
2006,1197,1387.5186938448505
2006,1156,1369.9202838669232
2006,1199,1654.8535178783502
2006,1239,1103.164685780091
2006,1217,1350.8254100923361
2006,1436,1430.4918700255407
2006,1218,1539.7864863914683
2006,1277,1671.6628870384595
2006,1220,1784.9782052072771
2006,1198,1347.403564450847
2006,1280,1510.7811595220871
2006,1151,1566.6511917353262
2006,1259,1470.5209583745943
2006,1406,1417.960752632003
2006,1257,1571.1546807550112
2006,1404,1470.5537767590488
2006,1260,1587.5780025160107
2006,1236,1392.9096500559008
2006,1361,1742.8487973566562
2006,1332,1529.7605368813695
2006,1366,1103.6688802374877
2006,1353,1579.1741789928403
2006,1238,1404.9117602362628
2006,1142,1397.8690966148579
2006,1455,1714.3758711566124
2006,1411,1293.3719989522667
2006,1333,1469.433245090648
2006,1401,1724.374809666724
2006,1374,1390.0079845749096
2006,1202,1425.0154815911067
2006,1326,1815.3113319675779
2006,1152,1490.6756915404796
2006,1405,1626.711774654343
2006,1323,1578.6155815729046
2006,1320,1643.0879950059652
2006,1120,1462.6382654016438
2006,1179,1361.084853947322
2006,1178,1525.5293002488204
2006,1169,1345.4098102630453
2006,1425,1503.3806429990514
2006,1410,1152.1876714043447
2006,1247,1591.5800335719646
2006,1322,1731.00040881278
2006,1335,1617.1221587662912
2006,1373,1556.174042684662
2006,1117,1403.8612756411658
2006,1292,1530.7188883417825
2006,1334,1712.238436007005
2006,1284,1624.5414270642166
2006,1451,1378.6137765980802
2006,1344,1493.9588671732108
2006,1157,1647.8717806574641
2006,1433,1584.8714341150262
2006,1112,1636.1430925507693
2006,1245,1773.2670239651259
2006,1440,1224.879142636407
2006,1241,1248.0864964197144
2006,1189,1501.6115456950847
2006,1369,1229.8092019548603
2006,1395,1272.4321959847036
2006,1387,1560.4629883842451
2006,1147,1158.9849219528444
2006,1375,1731.7628121898902
2006,1408,1459.4357675945562
2006,1309,1411.1067871768792
2006,1317,1395.9516476822416
2006,1442,1215.214662983875
2006,1447,1431.6668861361466
2006,1365,1461.4777926812299
2006,1341,1174.8192283817823
2006,1182,1190.2483831073475
2006,1229,1352.0831924808824
2006,1254,1462.9679642775488
2006,1273,1333.6549626278045
2006,1209,1335.1566318599735
2006,1444,1469.313769874918
2006,1434,1470.9116797069069
2006,1233,1691.0279237788652
2006,1224,1307.9269908518625
2006,1186,1543.774113088501
2006,1235,1498.2648518800725
2006,1203,1804.8831557179858
2006,1201,1501.7812876454796
2006,1287,1216.2332418524468
2006,1168,1481.8283523523821
2006,1113,1440.031179491404
2006,1368,1527.7225795567247
2006,1412,1758.4040293689873
2006,1270,1433.6198422840118
2006,1282,1453.1986379852924
2006,1325,1588.4648439721475
2006,1222,1649.6333309236932
2006,1416,1467.765821478687
2006,1394,1567.570914585968
2006,1431,1624.9562074796172
2006,1388,1581.9266891759285
2006,1123,1355.550334656124
2006,1103,1644.5016154198656
2006,1427,1389.2383664043737
2006,1232,1482.4458489487747
2006,1212,1403.2423990842244
2006,1316,1195.4898274721486
2006,1398,1514.5352092890248
2006,1105,1439.2702519042184
2006,1124,1449.0359924751847
2007,1268,1738.2351242757336
2007,1214,1438.0747566469367
2007,1436,1723.2166114659444
2007,1309,1427.8477951985644
2007,1277,1654.5975659050291
2007,1135,1437.939515656962
2007,1464,1468.7789193163642
2007,1141,1423.8725935470125
2007,1152,1300.052621758112
2007,1382,1299.4775166706027
2007,1400,1773.695546717975
2007,1108,1342.6703362008377
2007,1376,1489.7285376852521
2007,1354,1389.7317900922235
2007,1375,1540.1312582544986
2007,1414,1482.4935306337252
2007,1368,1397.328401923145
2007,1142,1636.379305533261
2007,1364,1505.3723488169355
2007,1363,1277.6567653127665
2007,1361,1639.5229145054266
2007,1293,1510.770043505613
2007,1336,1395.0701392936828
2007,1287,1293.6098987704136
2007,1326,1939.2081160609066
2007,1440,1400.5738458843273
2007,1330,1745.3176429753862
2007,1284,1352.1775109953164
2007,1329,1593.2361758194177
2007,1194,1511.952660100405
2007,1328,1548.923247084862
2007,1313,1369.9621281356387
2007,1381,1380.3118833389522
2007,1428,1515.012609001962
2007,1323,1743.1542637131963
2007,1236,1416.0636360190715
2007,1322,1503.4983821530968
2007,1429,1670.6622854066165
2007,1332,1769.8375045171663
2007,1250,1369.5245359557823
2007,1392,1303.9483867528145
2007,1159,1365.3862480079513
2007,1393,1688.7378118934562
2007,1383,1377.5769383435284
2007,1397,1714.5950555125448
2007,1292,1476.6630633446878
2007,1301,1633.9337088787545
2007,1459,1347.9256500035735
2007,1401,1753.323094025681
2007,1341,1297.8487754245477
2007,1404,1273.4988004840084
2007,1219,1532.2945863923048
2007,1419,1445.8065250266666
2007,1183,1349.2520428217272
2007,1424,1823.8072805401807
2007,1218,1583.0543592480253
2007,1430,1659.9328549152306
2007,1286,1351.0685014165845
2007,1431,1368.748737688826
2007,1335,1705.1959948542885
2007,1439,1635.2473324249247
2007,1164,1429.567251844122
2007,1450,1745.3557083693606
2007,1412,1460.3688502696964
2007,1452,1665.8553207766727
2007,1291,1387.488646434956
2007,1454,1381.488627404898
2007,1347,1234.9351452783637
2007,1385,1535.7483731761317
2007,1316,1144.6374259275633
2007,1298,1369.5810848044796
2007,1259,1553.390406030434
2007,1333,1392.7992935715163
2007,1339,1322.720679909342
2007,1281,1565.0955997071717
2007,1299,1447.0369422010044
2007,1165,1532.0435230392334
2007,1321,1400.89100894637
2007,1163,1499.7932484042283
2007,1346,1476.7758925069293
2007,1160,1390.4784232569282
2007,1176,1203.071270263349
2007,1155,1585.6705138633013
2007,1117,1562.2434977809048
2007,1153,1391.2582823370942
2007,1224,1209.2967509894527
2007,1139,1696.098890111391
2007,1408,1613.6851876975759
2007,1169,1366.9514867334444
2007,1340,1497.3789507108638
2007,1138,1330.8330969043316
2007,1145,1347.5119974344038
2007,1120,1541.7367444596864
2007,1407,1423.6322207058338
2007,1119,1403.201648301511
2007,1391,1357.3478352880295
2007,1116,1679.611731078848
2007,1369,1338.3629943980854
2007,1110,1517.4103652033584
2007,1193,1482.4538165171023
2007,1295,1582.9867518871358
2007,1225,1217.8947435562263
2007,1102,1604.2736179561398
2007,1115,1421.6843617779966
2007,1130,1636.2881358626091
2007,1306,1366.512726817996
2007,1172,1809.3533020602335
2007,1185,1424.9131330494572
2007,1104,1577.3132886726592
2007,1238,1561.8800309975634
2007,1200,1565.9220736743182
2007,1357,1570.1910963841474
2007,1196,1838.261006960761
2007,1359,1416.6101726251688
2007,1276,1629.622530248897
2007,1148,1687.7430918061204
2007,1260,1606.0115233334404
2007,1343,1303.1261366018794
2007,1258,1383.4165297066206
2007,1331,1654.1547885171865
2007,1248,1299.790908087342
2007,1447,1349.097666248871
2007,1245,1644.2104467030722
2007,1355,1223.8420315985472
2007,1237,1467.928512252252
2007,1105,1250.70388794378
2007,1279,1636.6699291557213
2007,1290,1524.9431636830218
2007,1211,1690.8404954062144
2007,1186,1487.014222086394
2007,1210,1653.6256694654905
2007,1189,1253.6184583401107
2007,1208,1614.9512295187985
2007,1380,1387.716336288245
2007,1203,1706.9882630916625
2007,1131,1425.999589283123
2007,1235,1495.6956179393158
2007,1415,1269.8841110366184
2007,1201,1670.5961493081536
2007,1445,1227.8187203091456
2007,1240,1342.4491291816266
2007,1372,1360.9640984942914
2007,1360,1491.5209281558684
2007,1388,1506.3876463249533
2007,1325,1497.7666772459847
2007,1265,1658.450478018085
2007,1312,1202.7187345026832
2007,1264,1387.361913027325
2007,1389,1194.386553556974
2007,1420,1418.62495054308
2007,1390,1598.833525288516
2007,1373,1595.3704005672967
2007,1395,1467.9474671726327
2007,1147,1318.2223305923865
2007,1403,1648.9115591238528
2007,1358,1561.733638607113
2007,1443,1562.7897503117065
2007,1244,1449.3560333285268
2007,1448,1546.343654822845
2007,1241,1270.4338324001722
2007,1460,1734.0244199667118
2007,1275,1650.9712950468354
2007,1461,1542.8539616416194
2007,1129,1566.4576337962135
2007,1462,1718.2777173728464
2007,1157,1369.7867402897573
2007,1283,1677.4230171430736
2007,1405,1620.5319902944266
2007,1107,1713.4072025734265
2007,1137,1711.2632245690072
2007,1123,1299.1615655555327
2007,1294,1206.2765432277592
2007,1133,1673.4646078527583
2007,1177,1623.9082199174093
2007,1280,1631.723855928001
2007,1311,1374.4602661123
2007,1150,1465.8902495246346
2007,1220,1653.957196587209
2007,1158,1654.7503139664514
2007,1209,1414.1006120988516
2007,1173,1573.8084030663729
2007,1122,1560.4588838724342
2007,1187,1220.946869697546
2007,1288,1394.8136292309339
2007,1202,1464.8712385274137
2007,1149,1210.1892097263121
2007,1207,1900.1999135793467
2007,1216,1414.8321612160005
2007,1206,1578.1552914032582
2007,1156,1340.308326313778
2007,1274,1466.2909130560158
2007,1198,1417.0276568237714
2007,1267,1480.5965123483747
2007,1422,1509.1807216946695
2007,1254,1321.417405494188
2007,1127,1425.7673370100251
2007,1249,1454.0744696879124
2007,1411,1319.8255628661202
2007,1269,1676.6870951089313
2007,1171,1353.1949936089354
2007,1243,1681.8268717243816
2007,1456,1451.7732639781686
2007,1242,1913.092593013964
2007,1319,1566.7451624988632
2007,1217,1423.890419878176
2007,1263,1374.2868576761111
2007,1374,1341.740298622305
2007,1229,1510.3386359961803
2007,1338,1800.073274629772
2007,1444,1518.6554854374695
2007,1366,1339.4474452259956
2007,1239,1473.0693137632124
2007,1449,1626.034485879785
2007,1337,1341.3699998739648
2007,1410,1371.4977997266094
2007,1427,1252.6452215439926
2007,1438,1636.5871085557767
2007,1112,1676.8261509255708
2007,1458,1817.090622398291
2007,1273,1356.1029588375238
2007,1324,1534.7193280194535
2007,1453,1507.6850276361195
2007,1317,1613.0921752214479
2007,1181,1643.7787271769446
2007,1162,1512.673930632527
2007,1199,1629.9269750657675
2007,1270,1477.8825337157912
2007,1320,1556.8012455444098
2007,1204,1442.908375769792
2007,1413,1264.0410909263821
2007,1197,1601.0482831438173
2007,1154,1224.8188822810043
2007,1307,1414.5190482165274
2007,1170,1337.5219582102454
2007,1221,1729.1637293175302
2007,1345,1687.245421175344
2007,1378,1393.045323356549
2007,1352,1421.384393789529
2007,1433,1772.8687687320557
2007,1255,1271.909530475632
2007,1406,1476.6333212461568
2007,1423,1307.9483727581337
2007,1125,1670.9429516782413
2007,1285,1469.9885376809323
2007,1434,1475.0162795848473
2007,1113,1368.0472499755288
2007,1205,1335.4389274908688
2007,1282,1420.7327701098527
2007,1266,1707.9322869462612
2007,1226,1372.6803004272608
2007,1278,1373.2635475204577
2007,1114,1399.1488883893524
2007,1103,1720.3742850438764
2007,1178,1407.6956927351682
2007,1182,1338.8533679949298
2007,1184,1618.6731500230992
2007,1190,1644.9326923600645
2007,1166,1759.0314010706343
2007,1222,1614.1622553643026
2007,1348,1599.475083799291
2007,1228,1680.9443194274634
2007,1231,1645.2654743268263
2007,1234,1612.5482160193624
2007,1252,1487.9007914620659
2007,1191,1482.870115883631
2007,1362,1441.0736650046251
2007,1350,1349.69221850778
2007,1175,1625.8224659117939
2007,1146,1320.2545288222632
2007,1457,1789.019738834829
2007,1233,1149.311369065747
2007,1386,1528.9440324110506
2007,1441,1340.4446996074682
2007,1421,1413.030386098794
2007,1455,1522.693038884394
2007,1314,1817.1338960495762
2007,1351,1445.2813872630866
2007,1344,1569.5196507570708
2007,1192,1376.0945038905627
2007,1308,1714.7700101805362
2007,1334,1418.8733601342055
2007,1253,1741.2286783916518
2007,1124,1519.8353080009117
2007,1161,1554.6728011780474
2007,1402,1255.9613046199456
2007,1349,1486.304898883266
2007,1418,1363.2791829277733
2007,1232,1435.955845676206
2007,1174,1210.503599021264
2007,1305,1755.945137662448
2007,1318,1502.1054805064543
2007,1426,1439.841258307435
2007,1417,1768.5168916665561
2007,1140,1774.8898940129175
2007,1353,1381.2951908128155
2007,1246,1645.9641672638986
2007,1143,1533.2205580927202
2007,1227,1471.7352816418418
2007,1151,1441.6689314747173
2007,1435,1661.7926001150884
2007,1379,1550.333181702979
2007,1425,1702.784089199995
2007,1251,1385.6252546459223
2007,1272,1871.8550673482112
2007,1144,1409.927217410602
2007,1310,1717.1989451055192
2007,1132,1338.0375464882343
2007,1387,1584.6219698213645
2007,1256,1448.0784779230949
2007,1437,1728.6871722183198
2007,1442,1252.943538975046
2007,1111,1702.5573885161095
2007,1179,1585.210379281117
2007,1261,1559.4875838449514
2007,1106,1298.5108662096588
2007,1365,1594.9468641128021
2007,1409,1566.5703282720751
2007,1271,1137.004528658585
2007,1451,1583.7095723047405
2007,1416,1588.0284893472044
2007,1304,1511.6278293759926
2007,1180,1705.306584198755
2007,1247,1306.7751482172478
2007,1399,1539.6832957902902
2007,1257,1764.4056640266035
2007,1371,1434.848534639429
2007,1463,1558.4322431025785
2007,1356,1849.7383064303929
2007,1398,1327.5278077129046
2007,1296,1286.8071275940038
2007,1394,1726.7431158627282
2007,1384,1316.6687572037413
2007,1126,1306.3738260563555
2007,1396,1407.8956917187438
2007,1212,1372.3903344505263
2007,1168,1518.022587848925
2008,1272,1923.3473296724749
2008,1404,1494.8558915315807
2008,1350,1553.9176669101612
2008,1263,1188.351486250012
2008,1205,1477.4258432231777
2008,1105,1436.3798169107927
2008,1246,1668.8515623702122
2008,1146,1317.0886750718373
2008,1163,1731.9397474428881
2008,1288,1614.283226890899
2008,1138,1344.93054440381
2008,1328,1701.6996580873247
2008,1362,1346.838290549037
2008,1368,1476.8397579186214
2008,1108,1243.3002308606458
2008,1397,1853.6692307485043
2008,1396,1756.377567985592
2008,1390,1794.4025695397986
2008,1217,1282.998005115674
2008,1387,1508.8536882270648
2008,1299,1384.830187164752
2008,1383,1272.1550060764964
2008,1216,1538.657589677385
2008,1376,1510.3322005954462
2008,1354,1400.319718352938
2008,1364,1626.334364562483
2008,1322,1499.5565413322013
2008,1338,1796.6472339406043
2008,1223,1346.763954498669
2008,1360,1671.1806475814176
2008,1218,1344.3509298603362
2008,1353,1396.2502655781561
2008,1399,1384.6161800805587
2008,1348,1534.3153448284927
2008,1194,1491.8718797496363
2008,1401,1666.963833086908
2008,1270,1416.2448535401368
2008,1329,1634.545435706694
2008,1341,1269.3108359130572
2008,1176,1345.418802808796
2008,1361,1578.4230247058167
2008,1251,1424.5942943537348
2008,1406,1446.7446242559715
2008,1259,1591.3517014205613
2008,1424,1756.9607011496314
2008,1286,1382.505458011835
2008,1414,1580.4200607731536
2008,1258,1193.3118215054035
2008,1453,1481.0549280975977
2008,1324,1533.6081923672339
2008,1450,1720.7907624143097
2008,1186,1367.8416848390314
2008,1448,1547.8234567225336
2008,1193,1524.1656691002115
2008,1447,1645.5056526563615
2008,1248,1403.734991150048
2008,1443,1788.6355291291936
2008,1244,1385.4436741276988
2008,1441,1336.2275358202216
2008,1132,1407.1546819903704
2008,1439,1660.1427207716204
2008,1189,1493.1968056503722
2008,1433,1698.69172151741
2008,1271,1147.1926702065462
2008,1431,1569.1365370861606
2008,1115,1314.4194613339864
2008,1429,1650.4603391364544
2008,1381,1454.451344567381
2008,1428,1539.4789442167084
2008,1367,1301.608915944188
2008,1325,1529.2457708899972
2008,1308,1627.1716792521413
2008,1422,1592.021477121861
2008,1210,1588.3793586442544
2008,1421,1573.403852600384
2008,1202,1335.5974408474788
2008,1417,1928.9348321258085
2008,1340,1707.5598411048802
2008,1408,1490.1986026782788
2008,1120,1422.11742752836
2008,1320,1556.442843697669
2008,1296,1255.505598188711
2008,1437,1672.7767401055326
2008,1392,1265.4360875526575
2008,1298,1538.1813821826222
2008,1255,1313.1895935027499
2008,1168,1721.555726948108
2008,1167,1292.887585763666
2008,1166,1645.5806725437974
2008,1177,1460.6499252698666
2008,1159,1566.227360569398
2008,1284,1276.549494584532
2008,1156,1640.4604871851705
2008,1378,1415.8654562587308
2008,1150,1649.0204167305285
2008,1219,1473.3090727464664
2008,1147,1266.083591393338
2008,1252,1473.3249440748727
2008,1180,1331.5938221682818
2008,1335,1464.2095301941672
2008,1139,1835.545960900684
2008,1123,1302.4964422906016
2008,1129,1706.8464366416417
2008,1430,1465.6949312550053
2008,1125,1722.0363343266042
2008,1153,1467.6446912112094
2008,1116,1677.5742073409165
2008,1459,1414.1474709964493
2008,1104,1552.7413267298225
2008,1407,1371.7915270432068
2008,1102,1521.8272435691488
2008,1171,1320.664549094383
2008,1307,1671.1633260251988
2008,1160,1443.8614138838786
2008,1135,1648.6981020874157
2008,1185,1459.207396507222
2008,1181,1779.7915026879375
2008,1300,1241.1991348167362
2008,1131,1497.2940642896715
2008,1382,1320.4456105067707
2008,1196,1568.2076441292259
2008,1295,1515.911529910112
2008,1294,1422.2895455471646
2008,1440,1393.6737289180403
2008,1182,1505.1119546155726
2008,1224,1174.7788348849022
2008,1285,1426.9976986773484
2008,1161,1265.860900999247
2008,1276,1425.370561511665
2008,1347,1359.8456111694074
2008,1269,1685.0051851824378
2008,1142,1379.4536302227493
2008,1242,1891.9880403040304
2008,1419,1306.3876373780633
2008,1241,1359.1047564862047
2008,1373,1709.8100543773273
2008,1243,1605.8644677141565
2008,1170,1167.5998960164281
2008,1234,1409.4797018914533
2008,1226,1416.3960515368906
2008,1222,1587.564957233414
2008,1287,1413.0771041168946
2008,1208,1626.1719804357085
2008,1240,1269.139565802645
2008,1206,1638.731512513829
2008,1436,1486.0089375454684
2008,1201,1388.1213967697358
2008,1339,1281.3293883004874
2008,1199,1643.6924001283114
2008,1311,1389.4926387104679
2008,1235,1412.4078210768657
2008,1445,1330.9329762989182
2008,1200,1461.4315435979936
2008,1162,1404.6036768121544
2008,1313,1435.2103673480065
2008,1380,1318.3682947851871
2008,1374,1369.5981528272914
2008,1334,1575.3104353357055
2008,1444,1612.5498664150248
2008,1332,1614.4457366023921
2008,1337,1383.6705402628616
2008,1352,1735.34769007895
2008,1233,1371.057238575163
2008,1388,1674.988294495318
2008,1179,1815.879215474002
2008,1435,1703.2634422880851
2008,1122,1678.981675919372
2008,1403,1552.7298629006991
2008,1415,1384.3807130468692
2008,1405,1468.6643652439393
2008,1283,1561.0643722882799
2008,1411,1219.0849997627458
2008,1394,1400.8134869170499
2008,1412,1682.4054354687228
2008,1209,1345.1451526862174
2008,1420,1672.1628519313858
2008,1389,1241.4757750769288
2008,1423,1575.4270799807875
2008,1158,1478.5559713555663
2008,1451,1492.581520667631
2008,1462,1799.1197771852483
2008,1369,1229.2222376714103
2008,1304,1633.1535351217663
2008,1342,1252.2678159837071
2008,1463,1449.4366367314324
2008,1357,1598.0868081579176
2008,1293,1467.3114824421189
2008,1351,1662.5299317598653
2008,1221,1460.0983541727414
2008,1220,1455.8400111266224
2008,1279,1578.08350752832
2008,1290,1542.9708118059289
2008,1110,1669.307163215849
2008,1384,1222.9210645415233
2008,1280,1702.339745063542
2008,1256,1279.4867390215618
2008,1137,1412.5963566321348
2008,1107,1464.8866314524407
2008,1140,1768.8749317709965
2008,1253,1230.911034767949
2008,1165,1726.5153084587967
2008,1250,1444.7432337678658
2008,1169,1549.3412300747257
2008,1152,1403.4998902771551
2008,1173,1647.7166118296554
2008,1190,1565.432381903642
2008,1130,1455.6158340067955
2008,1306,1310.672811565959
2008,1178,1292.7272469719242
2008,1245,1797.9911930186133
2008,1278,1577.8405849180879
2008,1119,1477.4550666044324
2008,1266,1705.268351618137
2008,1237,1678.749891314416
2008,1273,1272.5184528174132
2008,1425,1723.3491992990644
2008,1227,1558.511221305325
2008,1133,1558.0172695251174
2008,1207,1837.0902552934494
2008,1456,1522.7935365237922
2008,1203,1463.3085983336011
2008,1291,1641.0927976207258
2008,1264,1364.2912441327949
2008,1312,1060.6807955694173
2008,1343,1235.0264701714939
2008,1148,1497.347569148256
2008,1330,1540.5646216203713
2008,1346,1484.3758122967079
2008,1438,1531.6045188045632
2008,1359,1411.822977130904
2008,1191,1344.1075067374038
2008,1371,1460.9492457782073
2008,1458,1879.9863925671552
2008,1236,1445.5604175428741
2008,1416,1491.4056274183013
2008,1305,1639.5474199068349
2008,1265,1536.5957355672508
2008,1174,1447.7470494773615
2008,1106,1525.828108517044
2008,1268,1559.2640580735424
2008,1316,1160.4271481516544
2008,1124,1606.0935248939181
2008,1238,1419.9599316623749
2008,1211,1725.2236322707793
2008,1214,1490.7734541925051
2008,1409,1675.8506953095675
2008,1228,1589.5447852829295
2008,1318,1490.6039918779993
2008,1239,1540.3104596464045
2008,1366,1396.3005304774342
2008,1282,1361.5581605852922
2008,1398,1488.0877831346027
2008,1336,1519.7494407344925
2008,1154,1162.1490714362114
2008,1127,1428.3182347499865
2008,1149,1339.5838744613438
2008,1393,1613.5049031309832
2008,1400,1838.2360394853406
2008,1427,1417.211985350393
2008,1464,1317.523108558274
2008,1426,1583.3345372743304
2008,1326,1598.2255939552163
2008,1386,1668.9243818118457
2008,1192,1287.878564427668
2008,1323,1751.4776090347839
2008,1254,1438.3394313468964
2008,1281,1510.462764400911
2008,1141,1458.5725048941356
2008,1114,1567.302627165499
2008,1111,1502.7829844980022
2008,1175,1459.2012771064271
2008,1155,1743.321444003466
2008,1204,1512.536336550247
2008,1231,1678.3747547515884
2008,1151,1495.1797797436088
2008,1261,1501.34840444746
2008,1195,1312.936138860482
2008,1126,1245.3177065926038
2008,1331,1685.1070297431486
2008,1187,1386.0064317507802
2008,1372,1675.4325100703145
2008,1395,1453.8132578383788
2008,1349,1188.2301175894158
2008,1391,1460.1851800576633
2008,1455,1358.9090864076948
2008,1449,1540.7968939336736
2008,1247,1540.1460153420528
2008,1442,1353.7504570475303
2008,1112,1590.9820022256881
2008,1319,1579.0871364204174
2008,1145,1297.3922984869178
2008,1461,1406.0290740844393
2008,1225,1375.3013066060282
2008,1157,1384.946566896255
2008,1144,1253.889443205526
2008,1375,1705.3219477796188
2008,1277,1707.8109309606914
2008,1275,1566.7313886896313
2008,1260,1433.688499401384
2008,1183,1318.8469402733767
2008,1358,1567.6435145903451
2008,1314,1948.0119914773638
2008,1172,1823.7133547191656
2008,1317,1554.3958725198024
2008,1309,1478.1210268760701
2008,1454,1434.904308660083
2008,1117,1301.0507530211796
2008,1413,1238.5948462830493
2008,1385,1454.9834218320048
2008,1232,1504.2221799276015
2008,1143,1539.6265540554896
2008,1379,1611.317752045469
2008,1229,1728.8304212319897
2008,1212,1292.3507132834848
2008,1274,1640.0964036950209
2008,1301,1450.9263806914398
2008,1344,1513.641131322145
2008,1363,1362.3636266965389
2008,1292,1592.9411628794808
2008,1321,1341.334422213176
2008,1434,1588.3767870701568
2008,1345,1706.354072679385
2008,1197,1444.0062768693633
2008,1333,1262.3645959811408
2008,1310,1586.8388563805172
2008,1410,1505.2192330414368
2008,1457,1637.571766234495
2008,1103,1636.677035445199
2008,1402,1419.3960699505421
2008,1249,1551.5909211339178
2008,1418,1493.0739891799556
2008,1356,1611.1175490942924
2008,1365,1421.073544290519
2008,1355,1223.4437199965748
2008,1184,1367.2791291254275
2008,1257,1770.900634301679
2008,1452,1723.0574689048178
2008,1164,1541.3712282441604
2008,1460,1601.5471781342692
2008,1113,1611.9943519369442
2008,1267,1488.4338190821163
2008,1198,1372.6560552963163
2009,1181,1873.4090329520518
2009,1342,1400.7202194138767
2009,1204,1232.0684365507823
2009,1222,1638.4797858173288
2009,1318,1533.7057942720676
2009,1237,1446.4193579200396
2009,1275,1500.6581560715802
2009,1451,1651.254039126677
2009,1276,1652.109830147933
2009,1356,1479.6987200533772
2009,1269,1494.7212185786098
2009,1417,1734.2479552522357
2009,1341,1435.7657381710055
2009,1378,1372.36879230879
2009,1374,1357.9305976960952
2009,1376,1628.1140777304968
2009,1240,1287.2744839389734
2009,1375,1609.4364157014652
2009,1108,1177.2774839972944
2009,1371,1561.1230494966114
2009,1383,1365.09078495903
2009,1363,1436.6751225751607
2009,1355,1366.6504359497587
2009,1362,1320.805986624397
2009,1218,1361.93306246244
2009,1353,1364.3509825453766
2009,1265,1348.2384155547784
2009,1348,1646.169865632543
2009,1135,1333.4880455892212
2009,1332,1375.9090498495075
2009,1294,1425.781469888216
2009,1345,1776.133122184466
2009,1178,1285.5444844911005
2009,1338,1848.6292634493132
2009,1192,1254.8908207475251
2009,1336,1631.3380354135722
2009,1456,1373.644772318406
2009,1382,1471.9975884036226
2009,1352,1667.0096334967384
2009,1329,1719.33205686644
2009,1427,1520.9594290040413
2009,1328,1764.6349714956548
2009,1110,1747.4871613869022
2009,1315,1442.5111018604787
2009,1282,1228.0809803170202
2009,1346,1479.7567431357631
2009,1216,1247.94262210954
2009,1385,1505.0278346347777
2009,1254,1456.7076364831764
2009,1400,1656.548997961563
2009,1391,1370.5853935510977
2009,1390,1559.0047441978352
2009,1463,1461.3392933308264
2009,1462,1691.4281094976182
2009,1236,1438.8555720630739
2009,1461,1581.5470801354154
2009,1167,1333.6508188898774
2009,1454,1526.3536598771934
2009,1258,1224.6767267880793
2009,1448,1753.5415381712007
2009,1300,1216.5692919578648
2009,1440,1594.778121790753
2009,1246,1559.8921921276474
2009,1439,1617.264020061789
2009,1205,1391.7330046742004
2009,1437,1782.8064380844176
2009,1107,1415.0599803665577
2009,1431,1607.4469576465772
2009,1411,1302.6035125589858
2009,1430,1467.0582281941086
2009,1319,1334.7013083957668
2009,1423,1292.5773218722857
2009,1111,1392.028647654607
2009,1419,1360.640332940612
2009,1287,1594.8318936453666
2009,1406,1412.7016295759386
2009,1298,1477.4845993762337
2009,1402,1440.356644402031
2009,1168,1438.4553959182322
2009,1307,1702.3052358253817
2009,1369,1125.0659132736496
2009,1396,1745.2705348768704
2009,1190,1618.4776255899358
2009,1395,1424.616141300092
2009,1444,1280.072281142359
2009,1392,1494.6891501012713
2009,1271,1193.6435116074417
2009,1386,1522.140961978514
2009,1351,1601.811317582406
2009,1291,1571.4997046133167
2009,1259,1378.2126479244705
2009,1403,1480.9481191260847
2009,1384,1217.194205892748
2009,1268,1658.2963101461319
2009,1137,1286.6548190124256
2009,1163,1831.9735814964893
2009,1441,1465.9036279586091
2009,1162,1399.4849016852318
2009,1200,1215.7585873723779
2009,1161,1363.1544832936806
2009,1285,1508.1929491482724
2009,1160,1302.0168368502007
2009,1115,1407.2467165023318
2009,1158,1666.2190144988283
2009,1188,1280.175997178516
2009,1155,1638.147994910459
2009,1220,1603.9533346200424
2009,1150,1396.0193261321933
2009,1422,1244.658623855858
2009,1140,1741.3197069372175
2009,1253,1466.2648388153023
2009,1133,1567.456714048532
2009,1227,1543.1151721176932
2009,1132,1552.2363266994666
2009,1209,1473.1214012055516
2009,1130,1661.666647967719
2009,1148,1378.3050951277185
2009,1125,1526.809311725154
2009,1359,1463.7216361107235
2009,1120,1724.0845933793962
2009,1283,1373.7031262611144
2009,1116,1413.6413172832304
2009,1368,1431.2805120334629
2009,1114,1660.308107535509
2009,1142,1258.9955217779288
2009,1113,1714.5221428895338
2009,1290,1254.4802186565737
2009,1279,1512.2695962798452
2009,1117,1283.3542667572626
2009,1165,1599.4305987553528
2009,1377,1444.4837125658041
2009,1182,1665.459203414674
2009,1219,1320.1574640023703
2009,1141,1390.1526272073775
2009,1343,1448.2815101621904
2009,1196,1608.6171823962254
2009,1405,1280.8511613485048
2009,1266,1676.7245290404749
2009,1223,1239.8506137655777
2009,1194,1225.27140546525
2009,1284,1325.0807885185643
2009,1263,1266.881058380854
2009,1296,1306.1885515936053
2009,1248,1293.5347814832955
2009,1447,1496.9442133784241
2009,1244,1203.7588827209945
2009,1442,1293.1312268867798
2009,1243,1636.0736901526968
2009,1197,1335.6473597869142
2009,1235,1469.2001499278183
2009,1413,1382.6747692451115
2009,1233,1359.5482773026888
2009,1214,1434.2739497363993
2009,1228,1691.5248504007889
2009,1186,1344.742881379793
2009,1234,1498.2046264923
2009,1149,1284.6065089714755
2009,1443,1752.979893162407
2009,1198,1434.3252425572714
2009,1184,1521.338246538613
2009,1221,1577.0041594827453
2009,1357,1563.4475171094773
2009,1210,1475.0219885311187
2009,1445,1203.4201369578423
2009,1208,1423.4301669039085
2009,1367,1394.0625688678606
2009,1203,1404.951527007217
2009,1131,1533.7344765454134
2009,1224,1266.3439751790925
2009,1333,1497.3221249645096
2009,1201,1409.9537181411097
2009,1170,1150.9238071970842
2009,1344,1624.901457296049
2009,1314,1851.5351127358679
2009,1335,1367.1391833096732
2009,1301,1553.0126205194638
2009,1309,1327.215423547196
2009,1305,1651.0595449796856
2009,1286,1436.0210111641243
2009,1281,1833.1697539620927
2009,1320,1733.4612823151956
2009,1176,1490.6621788849195
2009,1308,1552.6404388113522
2009,1415,1476.9253962025232
2009,1339,1541.4408670064458
2009,1449,1782.6407866676295
2009,1450,1601.6592025919851
2009,1397,1684.120449500755
2009,1151,1537.4642932733318
2009,1408,1524.528515755227
2009,1270,1325.007373686979
2009,1409,1718.8130382613535
2009,1331,1510.461473995212
2009,1412,1649.8094355911842
2009,1407,1619.7474327447537
2009,1424,1598.7902000008578
2009,1360,1449.339916663848
2009,1425,1711.085413155038
2009,1414,1452.7987487800044
2009,1452,1726.5196615093328
2009,1189,1359.4552948252515
2009,1280,1734.3791811163173
2009,1147,1285.3396379047733
2009,1340,1627.9659746330294
2009,1349,1388.20881253371
2009,1278,1635.2710819768795
2009,1264,1483.3520859237296
2009,1312,1053.3353963644493
2009,1272,1929.8747970004072
2009,1193,1505.0505323585937
2009,1103,1632.1473713512287
2009,1145,1448.6086624641464
2009,1119,1441.6001683269915
2009,1171,1384.5173203944441
2009,1123,1372.0798621458935
2009,1183,1385.7793899346127
2009,1138,1583.7459420964303
2009,1464,1435.7424369181244
2009,1139,1739.5866757641625
2009,1179,1440.9003556578084
2009,1156,1744.1740999254787
2009,1324,1624.489190801616
2009,1191,1514.6542716356437
2009,1122,1538.0888855806106
2009,1143,1632.8333333292262
2009,1334,1545.6061678955052
2009,1206,1632.4891008879351
2009,1436,1682.7063214506754
2009,1199,1768.8114623323952
2009,1239,1566.3387812818407
2009,1261,1731.4887503550258
2009,1238,1554.4238785753278
2009,1256,1534.796048147002
2009,1418,1338.7207765194557
2009,1250,1368.7760254058662
2009,1389,1474.0573533343852
2009,1231,1299.129822806013
2009,1322,1286.816376347934
2009,1229,1653.808568707525
2009,1460,1629.2630805514316
2009,1247,1573.6901198567687
2009,1288,1656.7680882886966
2009,1304,1565.1441220218073
2009,1310,1727.2747710796484
2009,1313,1438.5472771062357
2009,1255,1392.242717684738
2009,1321,1587.4853247892013
2009,1146,1262.3220400790815
2009,1323,1599.728867213362
2009,1330,1678.4242017559977
2009,1174,1418.2283208267993
2009,1366,1389.041679639631
2009,1316,1346.147686562558
2009,1457,1424.514201264049
2009,1401,1681.6900728105625
2009,1416,1439.8577761529914
2009,1299,1405.3115714760306
2009,1433,1731.8998766790523
2009,1154,1607.2930398731173
2009,1435,1623.1299326141993
2009,1438,1479.04050474183
2009,1455,1568.7871945934157
2009,1458,1632.5501191719138
2009,1292,1478.31865570547
2009,1325,1403.3113503643835
2009,1277,1820.323308037542
2009,1225,1537.5489704448182
2009,1337,1350.8006878834726
2009,1153,1502.3618824821094
2009,1166,1751.112764423584
2009,1173,1698.7289103793958
2009,1459,1519.7469868134783
2009,1102,1314.0896133602398
2009,1394,1546.4770596425499
2009,1242,1777.1905128028466
2009,1398,1465.3511297039304
2009,1273,1453.0999713688634
2009,1104,1602.676467144763
2009,1185,1333.2012763594983
2009,1420,1519.5453695195545
2009,1317,1586.432179693483
2009,1373,1785.1783424960147
2009,1129,1514.5764720109644
2009,1388,1708.5501720427949
2009,1358,1552.3647767003158
2009,1365,1508.7761118183987
2009,1429,1771.1133264242194
2009,1364,1527.9516906656095
2009,1112,1615.0688667875907
2009,1202,1261.3850769347875
2009,1159,1369.6093629564375
2009,1172,1655.9348313372589
2009,1241,1502.8257730228015
2009,1177,1325.8815475816218
2009,1207,1524.4683873211982
2009,1226,1478.3148377211278
2009,1245,1556.5619332719764
2009,1175,1285.306848229812
2009,1260,1390.231323683425
2009,1152,1485.6141078187213
2009,1393,1789.1556625538965
2009,1350,1589.8377053862712
2009,1126,1408.6902002214858
2009,1169,1600.06184863667
2009,1379,1409.0819479047132
2009,1106,1620.5807338955326
2009,1157,1312.1990585788785
2009,1404,1600.2990333402033
2009,1399,1335.3067359017275
2009,1252,1559.4558816526312
2009,1434,1382.815516073136
2009,1372,1695.5031189699328
2009,1421,1470.013950873636
2009,1251,1555.4468506067858
2009,1410,1311.4593217147083
2009,1428,1785.8775833587142
2009,1453,1632.4008144933653
2009,1249,1404.4423015955488
2009,1232,1502.601013843143
2009,1361,1722.4076501206837
2009,1124,1605.1955000419052
2009,1180,1453.0677279654058
2009,1212,1120.5501296928276
2009,1195,1311.2394061487428
2009,1211,1812.5088118682258
2009,1311,1590.9342635817686
2009,1387,1560.8255557561336
2009,1136,1318.8260344903713
2009,1293,1571.5811945275805
2009,1187,1358.4933065102275
2009,1144,1466.9788899332673
2009,1127,1725.9652725685316
2009,1217,1465.9904995545144
2009,1306,1519.3582313623558
2009,1326,1721.09637570314
2009,1381,1399.3928117604771
2009,1347,1667.2315049121205
2009,1267,1459.1102992080353
2009,1274,1594.644190436049
2009,1164,1454.3218044707548
2009,1380,1272.0254896770314
2009,1257,1916.6021507378307
2009,1426,1472.46046773113
2009,1295,1743.4154916119528
2009,1354,1489.7690786998648
2009,1370,1598.8708584713147
2009,1105,1228.3308900789605
2010,1143,1722.2229584012352
2010,1293,1801.8386740391777
2010,1314,1524.1000249685503
2010,1198,1247.5995917260063
2010,1326,1835.9302250654366
2010,1108,1122.1180007917471
2010,1393,1795.7481089484309
2010,1107,1231.5292277167393
2010,1178,1558.59773496194
2010,1300,1250.0896444806965
2010,1352,1658.7410027629974
2010,1301,1617.5708736648885
2010,1209,1397.3209023128368
2010,1241,1401.8049781078655
2010,1351,1541.053409249947
2010,1280,1675.9335953263533
2010,1355,1411.7640010299392
2010,1461,1328.282012034843
2010,1357,1349.7318815041438
2010,1463,1404.4238843282726
2010,1360,1351.8367545305045
2010,1390,1511.4378729283974
2010,1373,1795.196653474224
2010,1398,1390.7723234520963
2010,1365,1312.6943701335779
2010,1167,1313.132851759324
2010,1371,1644.5081845994055
2010,1389,1495.7202897244183
2010,1350,1798.4071928483918
2010,1250,1624.3389872964287
2010,1362,1465.3761830227916
2010,1142,1385.0994387245526
2010,1349,1212.4834685307455
2010,1170,1282.1167103500693
2010,1344,1413.3270821246256
2010,1136,1114.4355693086734
2010,1346,1607.7214280676553
2010,1216,1318.6807728340837
2010,1345,1779.7629547452489
2010,1169,1318.5150008873368
2010,1375,1463.6058357543616
2010,1223,1400.2712720175666
2010,1338,1741.698096784231
2010,1459,1776.8057283734481
2010,1336,1422.782642425546
2010,1335,1308.7305568686743
2010,1334,1550.0533440024203
2010,1337,1250.2452863004814
2010,1332,1524.3732651567045
2010,1445,1348.919777393544
2010,1321,1500.3411439728177
2010,1296,1348.9238525315877
2010,1320,1830.7600386052031
2010,1176,1524.5089325787947
2010,1347,1533.0740541814694
2010,1298,1370.2665084240837
2010,1376,1495.2080475899652
2010,1105,1313.5285179159723
2010,1388,1759.5575661639866
2010,1308,1744.4507844883713
2010,1382,1545.215219619473
2010,1156,1504.1167415065343
2010,1462,1800.7612682962422
2010,1464,1236.4752116055224
2010,1450,1435.6378586660876
2010,1290,1300.602608786618
2010,1449,1770.53327981816
2010,1460,1604.810602459226
2010,1448,1616.908772320694
2010,1331,1600.3370542989112
2010,1440,1305.8460922580887
2010,1119,1341.3565719843673
2010,1438,1514.2501348183507
2010,1255,1361.8376030504623
2010,1437,1707.0841143733626
2010,1192,1364.6000420772377
2010,1433,1655.0237235147436
2010,1126,1359.1289104075986
2010,1431,1797.9896400061632
2010,1411,1441.904687879992
2010,1430,1223.8485786608412
2010,1295,1395.1357531108004
2010,1429,1791.0313160350745
2010,1451,1607.3556312498358
2010,1416,1451.7996787366294
2010,1269,1475.2664163801333
2010,1412,1622.3495205222332
2010,1453,1554.9058574100625
2010,1406,1422.9105947791359
2010,1275,1534.94648869309
2010,1403,1525.5190692911817
2010,1377,1585.3500986274214
2010,1397,1774.8810855585807
2010,1122,1458.701631610517
2010,1394,1509.533607014941
2010,1333,1522.1291891160051
2010,1392,1611.555851910904
2010,1271,1329.9996584951416
2010,1294,1626.7874386209505
2010,1270,1307.8435556033487
2010,1385,1553.8927643028726
2010,1254,1425.9708125502225
2010,1384,1385.7618834283098
2010,1110,1441.9119791030032
2010,1378,1622.0344090276005
2010,1374,1439.5719121790146
2010,1288,1698.437513535338
2010,1386,1431.0214634828951
2010,1180,1478.796819228973
2010,1284,1311.979356281684
2010,1193,1685.8148062201374
2010,1148,1396.2223469735666
2010,1182,1523.065833448704
2010,1311,1399.7134595687755
2010,1181,1878.5060040550707
2010,1422,1369.5014974328708
2010,1163,1542.9767588372968
2010,1456,1653.8499059400428
2010,1161,1509.8481875823936
2010,1413,1445.1673113829943
2010,1160,1527.9550759020885
2010,1115,1585.0904375966384
2010,1155,1664.6095644644263
2010,1342,1215.8999770378298
2010,1150,1517.0489722441912
2010,1421,1492.0149050868156
2010,1140,1780.6654036606974
2010,1133,1598.8323160035952
2010,1206,1506.5950524071043
2010,1251,1432.0248688676857
2010,1135,1350.174331576064
2010,1383,1304.7423207089455
2010,1129,1477.284019998524
2010,1258,1574.9283615476584
2010,1125,1554.396043620738
2010,1340,1430.5228337134743
2010,1124,1785.7247109727773
2010,1313,1437.336357039956
2010,1123,1420.1461357903854
2010,1434,1476.432357701244
2010,1120,1505.088175657294
2010,1310,1578.3445779875951
2010,1116,1455.5679883031328
2010,1113,1655.0870468363912
2010,1442,1384.5436770385818
2010,1111,1653.9560093871228
2010,1423,1333.389800151025
2010,1285,1662.9161300442101
2010,1315,1166.621730362957
2010,1130,1513.916911408196
2010,1171,1199.760910487105
2010,1207,1749.1128785460164
2010,1408,1305.1976188984097
2010,1157,1630.0654937817778
2010,1158,1632.5186492497965
2010,1217,1638.0552735542526
2010,1221,1375.9363386277323
2010,1279,1632.1679248025653
2010,1114,1281.5933144630005
2010,1278,1673.9682452590196
2010,1399,1444.994898997394
2010,1208,1539.3587020660173
2010,1309,1225.0879644435245
2010,1273,1478.7189784747438
2010,1137,1464.401942961585
2010,1272,1668.9845633684786
2010,1238,1598.2520729528062
2010,1268,1786.646940676607
2010,1149,1330.3902321404241
2010,1266,1731.4206071370818
2010,1147,1231.8773304052315
2010,1263,1539.7106274023097
2010,1200,1201.4125471293917
2010,1261,1398.3568155508528
2010,1419,1371.4553969601625
2010,1259,1370.9742593974877
2010,1436,1695.0220004053979
2010,1248,1504.010538914031
2010,1447,1201.1430588432181
2010,1277,1704.115968535101
2010,1195,1273.091636938378
2010,1245,1699.3554251055637
2010,1359,1313.5445833445938
2010,1246,1916.568184155265
2010,1287,1652.8728588904441
2010,1228,1612.3517430862134
2010,1188,1191.7115207096701
2010,1231,1361.1692786175147
2010,1224,1197.0553087103965
2010,1233,1630.021215183369
2010,1131,1617.5576901796078
2010,1225,1495.540263710273
2010,1428,1497.5832016339052
2010,1242,1966.9709358530258
2010,1220,1617.3211817054419
2010,1243,1793.236720019674
2010,1260,1354.4325807650569
2010,1235,1492.9289051548153
2010,1226,1264.2148676185373
2010,1218,1340.7285296959658
2010,1381,1253.4677048178157
2010,1323,1740.819382311326
2010,1316,1374.5872907021362
2010,1328,1450.7255057785576
2010,1291,1571.4693576647933
2010,1329,1692.8747672496274
2010,1370,1551.0131174623757
2010,1339,1622.8793201525916
2010,1186,1339.8112550818696
2010,1343,1640.7626449834668
2010,1141,1483.7070417903878
2010,1387,1651.9142508992347
2010,1369,1211.1324165499789
2010,1356,1438.6357528868336
2010,1404,1180.7998527686743
2010,1379,1560.3270975101707
2010,1418,1419.7438531922692
2010,1396,1878.8888218412
2010,1174,1278.255967047167
2010,1307,1839.1710511785263
2010,1415,1370.945613595605
2010,1353,1460.9254550826959
2010,1265,1133.747856021381
2010,1305,1621.3958550917732
2010,1286,1446.242158748609
2010,1190,1617.4466025683473
2010,1304,1472.154333677688
2010,1367,1317.71016127606
2010,1139,1876.7361313568867
2010,1172,1491.810854765842
2010,1165,1799.8713868997377
2010,1104,1558.516525992137
2010,1173,1588.3906064547525
2010,1166,1579.482773027136
2010,1183,1590.3762679288404
2010,1405,1188.2123745708216
2010,1185,1481.9833784786197
2010,1324,1766.5041557695051
2010,1189,1352.5673874440824
2010,1252,1518.2196591652312
2010,1210,1687.8917051180458
2010,1197,1311.5957863509357
2010,1237,1651.1893223043285
2010,1179,1490.0316877144282
2010,1247,1383.476657633215
2010,1214,1474.4169827408496
2010,1256,1600.5117713255427
2010,1410,1242.4080716064143
2010,1264,1386.5655071507997
2010,1312,1227.2437437212404
2010,1211,1730.1821679271463
2010,1274,1587.2317277549703
2010,1409,1626.5319194832168
2010,1400,1679.681911450385
2010,1414,1360.9912718019834
2010,1458,1692.2413508096306
2010,1236,1493.7152757925091
2010,1427,1530.7352411268437
2010,1234,1389.2620667865535
2010,1138,1553.571979155285
2010,1439,1686.5883511668649
2010,1187,1325.0351695694262
2010,1452,1863.4853745589658
2010,1455,1685.3492412592368
2010,1330,1794.1073369378078
2010,1112,1558.79172489039
2010,1319,1486.8236034720633
2010,1103,1667.6656801755285
2010,1444,1507.573305158695
2010,1196,1614.032277791513
2010,1391,1271.7404120126512
2010,1203,1489.5836986667769
2010,1325,1684.2858538312314
2010,1292,1564.9769525105255
2010,1420,1245.5626360175056
2010,1267,1627.84239894905
2010,1299,1291.5396016858401
2010,1152,1238.3772140824933
2010,1229,1674.789906227145
2010,1366,1333.2200175588648
2010,1368,1516.8442432314744
2010,1194,1430.671402251488
2010,1204,1343.7757895194443
2010,1395,1452.377724775579
2010,1146,1268.4654407099845
2010,1401,1769.1264094203
2010,1435,1716.1397797333086
2010,1443,1592.599317302748
2010,1454,1591.1959535732838
2010,1361,1807.521284379604
2010,1283,1560.9671759195564
2010,1402,1480.7716883340502
2010,1380,1152.685295302164
2010,1153,1575.59953869062
2010,1341,1377.2404488404109
2010,1164,1208.2595299397537
2010,1159,1401.7542401202834
2010,1168,1419.111323612833
2010,1417,1510.8576735335373
2010,1249,1327.7786021687498
2010,1232,1558.0037488005423
2010,1372,1576.1410833652112
2010,1106,1461.3598389751226
2010,1199,1678.396667331766
2010,1239,1583.2521798723635
2010,1127,1427.889362006787
2010,1281,1656.3256472338091
2010,1318,1639.5791043334623
2010,1240,1298.6031884365198
2010,1425,1494.120796774996
2010,1132,1442.1125798596759
2010,1145,1468.9426700070035
2010,1364,1658.0755383813905
2010,1257,1665.3906594130324
2010,1253,1539.1416370592385
2010,1144,1532.9834426269674
2010,1154,1462.0519876061592
2010,1151,1380.4888370326232
2010,1457,1607.6116626281002
2010,1212,1238.695504423315
2010,1222,1618.48266866175
2010,1201,1469.6221149587523
2010,1177,1290.1819319501674
2010,1162,1383.1566048524453
2010,1202,1352.522919150342
2010,1317,1710.4683937642976
2010,1426,1429.5724405809265
2010,1348,1643.12268328709
2010,1441,1518.3846740728661
2010,1424,1704.7923043887643
2010,1219,1416.773304581807
2010,1117,1454.7684269321942
2010,1175,1466.8796465332484
2010,1191,1367.7311180841589
2010,1227,1344.8724848248035
2010,1184,1525.4380146022902
2010,1322,1330.5363834918599
2010,1358,1698.5581183543734
2010,1363,1441.6568936008287
2010,1276,1526.2367278771699
2010,1407,1633.4455205369106
2010,1306,1455.4199311953203
2010,1102,1336.0874839273552
2010,1282,1350.7964330376642
2010,1244,1365.067412972892
2010,1205,1261.9053551639288
2010,1354,1460.3270423700471
2011,1228,1574.515956967031
2011,1414,1376.7504962531295
2011,1268,1565.0195101618006
2011,1370,1343.519007497069
2011,1338,1785.003277348177
2011,1348,1551.8377960942512
2011,1400,1790.2801950822998
2011,1298,1386.3838665032051
2011,1405,1120.8086453446274
2011,1158,1633.761577070991
2011,1227,1280.8720332369887
2011,1256,1325.2712893642265
2011,1334,1381.8631993066722
2011,1431,1704.116768808632
2011,1336,1683.9299825204553
2011,1250,1469.2925475119816
2011,1339,1513.3576579185137
2011,1454,1662.7013691194186
2011,1340,1386.1042773362594
2011,1337,1401.2502798059131
2011,1362,1587.218541753214
2011,1350,1800.5758630274318
2011,1154,1279.7248053210433
2011,1355,1529.014877892623
2011,1183,1253.0473160405502
2011,1332,1522.1388480592454
2011,1295,1425.9419731679814
2011,1343,1756.61409880165
2011,1353,1496.1737208384322
2011,1328,1526.004304677949
2011,1164,1455.6520256569956
2011,1318,1444.963067444129
2011,1131,1664.3716086698291
2011,1323,1809.8017097470686
2011,1204,1129.9552716279504
2011,1321,1573.1707407725287
2011,1296,1283.6203393164556
2011,1363,1549.178669449587
2011,1186,1374.0093130613805
2011,1314,1848.9820501235706
2011,1252,1488.6179793971105
2011,1308,1495.57430362315
2011,1418,1560.7813642191043
2011,1304,1581.5485597029135
2011,1377,1422.3607397031865
2011,1301,1464.3177127198392
2011,1399,1602.9697544804997
2011,1288,1489.911367342481
2011,1258,1345.4150634657342
2011,1283,1713.087078964302
2011,1331,1639.1095630318582
2011,1280,1574.5929768742342
2011,1398,1409.4815100568255
2011,1326,1910.5327585007944
2011,1299,1411.4975387536142
2011,1365,1526.7681026952632
2011,1167,1250.8312064001857
2011,1393,1779.3929188579793
2011,1320,1517.2071001697122
2011,1379,1597.7631423369194
2011,1378,1434.2970956543147
2011,1464,1307.1219816579703
2011,1359,1276.519418744848
2011,1462,1760.6024729517649
2011,1444,1577.601691525815
2011,1452,1699.9715773876899
2011,1324,1772.4104165721205
2011,1447,1386.2415850255263
2011,1248,1468.158048918479
2011,1443,1493.7407233450704
2011,1386,1479.2128341113519
2011,1439,1648.182499935593
2011,1144,1273.5941011099073
2011,1438,1542.5931780541423
2011,1456,1417.344319922277
2011,1437,1582.6168162670467
2011,1137,1756.4062815933248
2011,1435,1674.3371809925943
2011,1342,1399.311225269445
2011,1433,1691.510143122966
2011,1422,1344.6043306864997
2011,1424,1733.9482051155228
2011,1415,1409.0424506275006
2011,1421,1597.2679986933074
2011,1120,1442.790132278667
2011,1417,1675.0566241561387
2011,1169,1465.682761355938
2011,1408,1355.3444415344902
2011,1271,1318.4341239144737
2011,1403,1478.4395373211926
2011,1419,1230.5965205643624
2011,1401,1704.9464401930943
2011,1108,1181.8180691692212
2011,1397,1596.807227999698
2011,1151,1436.6552061549423
2011,1396,1760.7753036728234
2011,1371,1533.287465950762
2011,1395,1335.552946873592
2011,1238,1406.5831510123805
2011,1279,1576.6873326348898
2011,1117,1512.5816936316805
2011,1391,1257.7384608187117
2011,1448,1274.0075294531941
2011,1376,1438.2903422209215
2011,1189,1405.923173868858
2011,1278,1444.6450891912887
2011,1459,1704.610704428116
2011,1364,1557.294544401198
2011,1176,1369.7091039775478
2011,1275,1516.3743669355256
2011,1406,1194.8340395262078
2011,1199,1647.9051100534134
2011,1316,1540.1100962958728
2011,1196,1803.710391130049
2011,1423,1375.8588421958277
2011,1194,1566.3224639525956
2011,1413,1304.7953568353646
2011,1180,1615.5954526498945
2011,1259,1477.766476806701
2011,1166,1566.7043357472214
2011,1106,1545.3751897832694
2011,1165,1496.8747636819926
2011,1107,1474.9471922591513
2011,1160,1687.2151197678486
2011,1226,1319.190188407242
2011,1156,1644.5580949353084
2011,1136,1369.5583057044084
2011,1155,1664.3837754484573
2011,1441,1570.7344291823727
2011,1145,1502.866239644776
2011,1382,1503.007908949413
2011,1141,1344.9787207617173
2011,1168,1362.818290526108
2011,1140,1831.2784417498851
2011,1201,1454.183338302798
2011,1135,1393.777749001807
2011,1200,1311.1834728693923
2011,1130,1628.1359813584595
2011,1383,1511.5671892467344
2011,1124,1534.0408705111715
2011,1212,1443.482921175723
2011,1122,1533.9367723737507
2011,1387,1471.1093001302957
2011,1114,1529.304077573904
2011,1374,1500.2530100841666
2011,1111,1515.7559265051461
2011,1409,1667.1311776297725
2011,1110,1617.7250846463492
2011,1384,1338.178017626212
2011,1104,1688.5138536493434
2011,1197,1286.7689049429512
2011,1277,1621.4150956453052
2011,1185,1286.8900861019806
2011,1205,1373.586099719946
2011,1150,1331.1090803896795
2011,1207,1649.4581166390533
2011,1330,1847.614392452702
2011,1163,1805.507234556135
2011,1392,1484.7328203594002
2011,1266,1630.3382487965123
2011,1341,1279.3624003654074
2011,1274,1588.3659585389428
2011,1239,1490.6472007583309
2011,1272,1735.1884169876355
2011,1147,1150.0500509163844
2011,1269,1405.8149167114789
2011,1351,1669.256017052104
2011,1208,1629.2791076270312
2011,1290,1387.4001746266285
2011,1263,1379.920029521696
2011,1430,1505.15681209729
2011,1261,1347.9271020802375
2011,1322,1484.335721173723
2011,1260,1470.271301441146
2011,1184,1399.5219092806562
2011,1254,1777.4203184425558
2011,1313,1417.2600811569466
2011,1246,1819.0946422762313
2011,1190,1625.0478897835994
2011,1245,1630.532684824701
2011,1233,1677.477168657696
2011,1243,1741.7613531829872
2011,1241,1605.9795614819843
2011,1247,1503.7041074084984
2011,1162,1471.9799369345728
2011,1236,1489.4548230099947
2011,1188,1230.3156809880252
2011,1210,1452.9649468740752
2011,1149,1439.5498982781473
2011,1211,1753.6856107355582
2011,1380,1096.7186072042448
2011,1242,1931.7202937015254
2011,1255,1348.7236422533192
2011,1222,1352.9563235370026
2011,1311,1414.0112684143564
2011,1224,1209.7452848048001
2011,1132,1403.542251852169
2011,1218,1537.2084170202427
2011,1286,1338.5680144153891
2011,1232,1706.722429623857
2011,1410,1159.5279122984032
2011,1235,1494.470963576039
2011,1319,1550.0266058876407
2011,1231,1378.2554382186104
2011,1195,1385.1528285950674
2011,1325,1530.390190072771
2011,1174,1490.6296096989172
2011,1344,1450.6583740501803
2011,1171,1229.520621955788
2011,1329,1601.0473595378019
2011,1223,1213.4805637030254
2011,1335,1478.530261575536
2011,1172,1517.253495358136
2011,1346,1622.1274707735781
2011,1463,1530.931170471965
2011,1450,1563.8725858968523
2011,1361,1912.2126104499987
2011,1253,1647.379434904282
2011,1412,1710.7559864194786
2011,1369,1367.358297121152
2011,1425,1649.7955293205093
2011,1429,1842.797460883271
2011,1451,1511.3923717386103
2011,1436,1599.080106858241
2011,1373,1417.0612728963163
2011,1449,1701.3053274790186
2011,1270,1555.1746423670857
2011,1307,1643.821044061672
2011,1178,1529.8919186658181
2011,1352,1603.05161153426
2011,1389,1649.002794442511
2011,1305,1465.415163129696
2011,1285,1573.1219058611655
2011,1127,1279.638396797216
2011,1159,1332.4420866702524
2011,1138,1484.8806978816071
2011,1148,1558.0906161572361
2011,1216,1378.4852115794963
2011,1354,1312.9753461968965
2011,1161,1584.7669166671021
2011,1115,1265.0524432603052
2011,1173,1613.7982402277717
2011,1291,1401.7813334972875
2011,1179,1460.41624490121
2011,1411,1556.624349286335
2011,1221,1383.4822330469506
2011,1193,1645.5610089269644
2011,1357,1381.406154171485
2011,1264,1262.1308935027982
2011,1312,1393.7968537146123
2011,1276,1662.5459427771598
2011,1367,1237.7114001018042
2011,1206,1803.5551391829554
2011,1217,1715.509572172579
2011,1356,1413.45176523598
2011,1234,1436.927022803417
2011,1251,1442.5371850983227
2011,1333,1410.5552959411095
2011,1426,1361.9906679199773
2011,1345,1745.8675473779767
2011,1349,1490.8342612881108
2011,1273,1523.9496338745287
2011,1440,1534.6963035629758
2011,1420,1232.4242569121018
2011,1442,1164.4414538209521
2011,1366,1463.9300797093572
2011,1458,1740.3351654327764
2011,1287,1723.2255848248733
2011,1112,1740.9111293824576
2011,1123,1509.440969782918
2011,1142,1458.1241224577134
2011,1170,1296.972247176158
2011,1177,1305.2109072399937
2011,1152,1155.7900558695048
2011,1181,1864.9310019171726
2011,1237,1566.6126436353761
2011,1229,1358.3572954271178
2011,1460,1539.715238501456
2011,1219,1386.3610075518134
2011,1372,1461.9679205846476
2011,1390,1455.869353423514
2011,1360,1278.0618708000245
2011,1416,1582.4450043571555
2011,1404,1391.7819565637874
2011,1300,1423.6507821893151
2011,1457,1402.6376708435548
2011,1105,1336.1127582003626
2011,1214,1591.3146211101075
2011,1394,1311.729209669761
2011,1388,1653.9165546369823
2011,1385,1730.2343308926495
2011,1407,1329.651995948138
2011,1119,1294.0943806593345
2011,1153,1732.625805200249
2011,1187,1625.7702609346177
2011,1434,1616.7942640065612
2011,1244,1284.6713504405097
2011,1293,1638.7749767408632
2011,1284,1305.0776790514126
2011,1317,1528.8451651454654
2011,1240,1229.8298825667223
2011,1265,1255.7979102367437
2011,1455,1664.3921112150267
2011,1315,1481.1024849174269
2011,1125,1819.160042759483
2011,1225,1554.6612375174057
2011,1113,1424.8752955043744
2011,1294,1672.0124720196254
2011,1461,1340.7783956938438
2011,1306,1323.0345705902216
2011,1126,1553.8750938359199
2011,1133,1460.3204497178522
2011,1143,1593.629238085423
2011,1157,1674.5997980115474
2011,1103,1666.4522085495857
2011,1202,1567.731964362492
2011,1203,1570.9188743519835
2011,1282,1430.4538882420068
2011,1146,1150.0385985443254
2011,1209,1409.2662128760026
2011,1257,1767.887728858113
2011,1139,1753.571875709065
2011,1402,1483.3166905349653
2011,1292,1458.0873381868175
2011,1375,1365.7727977842785
2011,1381,1420.0258061130505
2011,1368,1455.790251237674
2011,1428,1478.04427949546
2011,1310,1343.006225479332
2011,1453,1446.9831364183394
2011,1191,1493.637693535736
2011,1427,1577.5747308132482
2011,1220,1648.367805292478
2011,1192,1191.2538792142177
2011,1281,1647.293966308193
2011,1116,1509.172503816513
2011,1198,1335.4117229653962
2011,1182,1516.2953493576715
2011,1347,1184.9818968501186
2011,1249,1386.4102552616716
2011,1129,1633.8298563711135
2011,1102,1499.8132361705173
2011,1267,1667.1195134770487
2011,1358,1534.9613123352847
2011,1175,1224.1357588283963
2012,1112,1651.575312285179
2012,1434,1634.306551510924
2012,1280,1578.9112782040431
2012,1184,1370.506852375779
2012,1385,1466.2054675024349
2012,1456,1274.0999208139335
2012,1103,1656.3826691730844
2012,1182,1498.811661717249
2012,1250,1750.8313686638758
2012,1401,1460.2887229290095
2012,1251,1443.446205044922
2012,1338,1520.0388985945713
2012,1107,1482.3370293616329
2012,1345,1666.2683227712873
2012,1296,1247.302166576362
2012,1347,1169.788020243079
2012,1174,1600.6754139929399
2012,1350,1527.8131218402366
2012,1110,1586.7620886573281
2012,1357,1404.5079859912153
2012,1216,1370.099612115393
2012,1353,1469.222536517647
2012,1171,1220.0666684016028
2012,1335,1652.4788444403066
2012,1420,1124.0216028852358
2012,1361,1756.6199471192665
2012,1136,1102.6738229083098
2012,1352,1650.163146223394
2012,1351,1478.2938067779855
2012,1329,1546.9373813650654
2012,1394,1264.5493650327708
2012,1318,1475.3302256243494
2012,1131,1477.5454043032591
2012,1326,1816.3347421521212
2012,1460,1402.6714809366085
2012,1376,1373.471686329526
2012,1441,1495.6605929678988
2012,1314,1854.7670189593412
2012,1277,1855.0155671418263
2012,1304,1426.7482793871816
2012,1377,1355.9350981085208
2012,1301,1654.1933349824144
2012,1421,1650.101920339158
2012,1298,1137.7558172246063
2012,1255,1217.6315354488781
2012,1295,1447.204746827503
2012,1362,1587.0994593823452
2012,1292,1631.160274965717
2012,1122,1429.836875605902
2012,1283,1462.3161502834942
2012,1305,1719.0077578069743
2012,1328,1467.8352251482027
2012,1226,1295.4138118968012
2012,1382,1720.8940112648015
2012,1165,1462.9606939116975
2012,1390,1568.0375893676703
2012,1146,1222.4113720807827
2012,1387,1729.3070518580143
2012,1398,1651.8229057900035
2012,1463,1589.5736851083211
2012,1148,1462.6255943700448
2012,1462,1658.2760439174479
2012,1288,1346.606447731953
2012,1452,1611.1256564092114
2012,1331,1767.951533489248
2012,1448,1391.845441917563
2012,1259,1684.6712135139285
2012,1440,1451.732455658049
2012,1154,1234.6979993476584
2012,1437,1496.0919865094438
2012,1284,1506.423774952708
2012,1435,1802.1847183898196
2012,1332,1663.9393679466352
2012,1204,1481.2620171784051
2012,1433,1831.061982726471
2012,1384,1244.4859875773084
2012,1386,1614.3284665699434
2012,1443,1585.184039428606
2012,1429,1508.507412679457
2012,1140,1685.4877640641719
2012,1425,1231.459894045969
2012,1169,1249.4546346495924
2012,1418,1471.8886237103575
2012,1319,1131.17199878037
2012,1409,1559.3170100128414
2012,1114,1496.146990326232
2012,1408,1343.1141295742486
2012,1105,1197.4843268148993
2012,1403,1321.4776854226739
2012,1407,1363.4209990986435
2012,1397,1676.200653412354
2012,1422,1440.7457054565534
2012,1395,1564.2229194337233
2012,1195,1489.4044076531402
2012,1391,1313.9843498064552
2012,1126,1510.5169297796513
2012,1281,1872.6350938499788
2012,1369,1441.3814673148338
2012,1427,1467.7885384664896
2012,1431,1511.8615009735274
2012,1279,1672.6028602994215
2012,1419,1229.6440407408409
2012,1381,1452.748929127156
2012,1413,1270.315094721675
2012,1274,1616.3642300696463
2012,1399,1565.9814248037842
2012,1185,1397.5077483091507
2012,1227,1319.3135781680571
2012,1181,1772.7995016656128
2012,1125,1770.1358288713845
2012,1177,1388.5039429078877
2012,1410,1313.415859763623
2012,1176,1602.6112719066005
2012,1340,1494.8143391629715
2012,1166,1806.9975585506745
2012,1299,1298.262303856966
2012,1161,1683.0189822846855
2012,1285,1760.5938754859694
2012,1158,1541.321063158097
2012,1221,1542.210386450303
2012,1155,1536.0087473094013
2012,1205,1314.8862452689973
2012,1150,1404.4679096359089
2012,1300,1452.7622176808716
2012,1193,1602.799455776766
2012,1346,1576.437913508752
2012,1144,1406.0667988658286
2012,1223,1275.3823240357772
2012,1138,1625.9583467478337
2012,1389,1218.18386944725
2012,1132,1501.387580549614
2012,1224,1376.4618149081484
2012,1124,1779.443174933215
2012,1411,1451.8330583475329
2012,1120,1480.290567343895
2012,1270,1510.6727036974685
2012,1116,1493.2869459366939
2012,1367,1564.8812983729024
2012,1113,1389.458371926159
2012,1286,1347.069542036942
2012,1104,1639.9712619823752
2012,1316,1498.5256429995136
2012,1102,1442.861616436387
2012,1119,1377.2458449330356
2012,1278,1570.8037686134926
2012,1137,1654.5185473830754
2012,1143,1643.924190948453
2012,1414,1406.8701009930562
2012,1196,1694.588046754357
2012,1238,1198.9799099683091
2012,1163,1618.0733910554727
2012,1162,1399.519554009684
2012,1258,1582.1675075933902
2012,1417,1586.9090293767688
2012,1269,1638.072585070139
2012,1189,1418.4766731908614
2012,1267,1633.5826976745918
2012,1106,1306.2995924800239
2012,1266,1756.8881826740446
2012,1291,1329.5109397542483
2012,1199,1827.3177749387366
2012,1239,1377.0801904543075
2012,1257,1793.9346925008444
2012,1404,1152.016210142392
2012,1249,1650.3548903245344
2012,1117,1420.6251099317421
2012,1247,1613.9090513493018
2012,1248,1462.108505130321
2012,1246,1913.0012068522074
2012,1265,1479.2546312433878
2012,1242,1843.5921652955947
2012,1406,1132.5463197502436
2012,1234,1578.113405491811
2012,1152,1206.3670243419647
2012,1243,1673.6814100036795
2012,1149,1518.2104022867989
2012,1231,1742.2820407034083
2012,1392,1630.27957462974
2012,1201,1390.6435019757175
2012,1229,1626.5400369693175
2012,1203,1389.9664098007358
2012,1271,1248.4781355424802
2012,1232,1554.2235459550707
2012,1183,1329.9836294257227
2012,1208,1551.0826146939205
2012,1459,1531.7288108652494
2012,1210,1380.548907688113
2012,1197,1330.0626583068927
2012,1206,1671.3250101381113
2012,1348,1403.5569519361432
2012,1220,1354.044076035401
2012,1254,1736.6770463220819
2012,1228,1485.5752617420333
2012,1260,1286.820670031723
2012,1211,1748.6745481939345
2012,1186,1421.8212660649951
2012,1323,1719.6167371922897
2012,1290,1639.9589337600194
2012,1333,1551.37167248782
2012,1167,1485.5138343365088
2012,1336,1440.6663028815026
2012,1339,1283.6693532321078
2012,1194,1343.6206545553573
2012,1344,1460.7893842409567
2012,1192,1191.920271730012
2012,1355,1776.9188146155311
2012,1444,1384.5759118721387
2012,1464,1472.9965318575803
2012,1359,1366.3994228622093
2012,1378,1681.9096824171243
2012,1436,1664.8146346081035
2012,1393,1901.8830978245624
2012,1200,1379.3645168341734
2012,1439,1488.7369518275386
2012,1190,1530.1366582221237
2012,1447,1675.4486469528467
2012,1343,1661.3074327380452
2012,1449,1645.7509192571433
2012,1209,1578.6398755124096
2012,1458,1762.874449850538
2012,1244,1106.816685994987
2012,1320,1549.375018345091
2012,1330,1642.9602806235234
2012,1371,1554.6471971808935
2012,1383,1478.7333387795418
2012,1308,1702.9198620435873
2012,1294,1346.5740602185324
2012,1375,1499.3376067346633
2012,1142,1445.978343604683
2012,1363,1324.831271419487
2012,1159,1278.9862687057032
2012,1127,1122.0238812527798
2012,1342,1460.1182176859538
2012,1457,1343.3201036336102
2012,1191,1568.3118984314965
2012,1139,1616.765672602781
2012,1173,1592.075904483467
2012,1442,1575.178245734211
2012,1214,1379.3301836313015
2012,1222,1489.1910080471814
2012,1212,1174.0238116124178
2012,1235,1693.726918362974
2012,1236,1338.3413667798284
2012,1303,1255.1914315154115
2012,1253,1735.0972844724065
2012,1225,1555.1789619379247
2012,1261,1589.1351099302412
2012,1311,1341.7519109698076
2012,1264,1503.4530880467087
2012,1312,1381.3769446467536
2012,1207,1696.7841430321641
2012,1366,1577.6218391131315
2012,1321,1594.5990156240678
2012,1325,1746.392166493234
2012,1287,1536.9059337904623
2012,1400,1648.9708791992243
2012,1380,1471.2721925294952
2012,1415,1412.8549371635102
2012,1438,1626.1558996635044
2012,1354,1114.86940683581
2012,1455,1803.086532995161
2012,1368,1354.976495917167
2012,1268,1520.2093670186825
2012,1423,1346.859584582938
2012,1123,1359.551606574394
2012,1322,1421.4028966460505
2012,1133,1247.1236327838878
2012,1282,1303.4531450228471
2012,1153,1775.4189535034973
2012,1156,1552.375468046726
2012,1453,1541.725530473703
2012,1252,1377.4702764268093
2012,1151,1273.9353875776392
2012,1241,1317.6203546946886
2012,1145,1193.5933662402651
2012,1240,1497.3895007254835
2012,1170,1352.190665496984
2012,1178,1697.1636237299574
2012,1315,1505.939158357988
2012,1310,1431.6214263833378
2012,1293,1858.3335227820971
2012,1273,1542.9818254074103
2012,1396,1753.5734284843334
2012,1219,1420.8368237700327
2012,1360,1463.6519690442497
2012,1372,1575.745427626607
2012,1424,1697.9746010091353
2012,1454,1560.665183274129
2012,1313,1646.5499597053356
2012,1276,1750.4918569699776
2012,1324,1529.8336313355194
2012,1135,1269.0657444041178
2012,1164,1364.7673771974382
2012,1130,1358.2391576030254
2012,1306,1388.198378841907
2012,1187,1496.2973453020995
2012,1374,1391.7852895561437
2012,1172,1702.371208462713
2012,1198,1317.2209860506855
2012,1416,1654.1442308052856
2012,1202,1428.6059264174446
2012,1430,1504.477428966788
2012,1218,1459.2909644374436
2012,1450,1457.7591513296718
2012,1175,1456.0496980087194
2012,1188,1396.2821371901991
2012,1356,1313.1752650591557
2012,1364,1619.3349056650266
2012,1365,1193.0607573006312
2012,1370,1454.2947089046295
2012,1337,1332.3663141094223
2012,1115,1422.007016615194
2012,1388,1783.24904864479
2012,1451,1678.9738075445125
2012,1461,1578.2194420781564
2012,1275,1354.5041269986534
2012,1237,1520.1038303208018
2012,1141,1346.3295953763213
2012,1157,1456.1854854217409
2012,1179,1530.0406761516927
2012,1180,1797.3257634776623
2012,1272,1806.4578084295424
2012,1217,1746.322296899469
2012,1111,1372.4330008894128
2012,1245,1548.0144269369193
2012,1317,1522.3751367701307
2012,1358,1381.1122233711046
2012,1373,1443.7985724310715
2012,1307,1825.9099106324777
2012,1129,1459.731862133833
2012,1428,1282.1241959777028
2012,1412,1591.7396326929302
2012,1233,1716.345000589485
2012,1349,1495.310869884261
2012,1160,1690.1302676625764
2012,1108,1283.8908645033237
2012,1334,1358.854975386043
2012,1379,1644.7527944556255
2012,1341,1337.5737439046861
2012,1263,1323.2357485700552
2012,1402,1369.4971293975352
2012,1405,1495.3477463038232
2012,1168,1586.2673382506723
2012,1426,1636.185896041807
2012,1256,1577.7382567102168
2013,1104,1635.3668465908088
2013,1355,1684.1887080112228
2013,1375,1542.304183753388
2013,1199,1612.0825294130725
2013,1371,1457.4166350474052
2013,1282,1254.4229620230053
2013,1351,1574.9170446279027
2013,1352,1640.3911366117202
2013,1350,1538.8983871366286
2013,1251,1493.5925383232
2013,1338,1720.1660699855831
2013,1291,1634.6104618963586
2013,1336,1391.356240849655
2013,1384,1300.238858582804
2013,1335,1386.7150027259665
2013,1420,1349.9047790658756
2013,1333,1431.0589650763286
2013,1310,1571.7861915963774
2013,1329,1746.0699524969327
2013,1413,1461.9617252542241
2013,1318,1535.0285504818248
2013,1131,1606.9187727902427
2013,1314,1763.7056444195346
2013,1205,1578.5808212289974
2013,1313,1629.3397937832046
2013,1348,1370.69150697934
2013,1309,1268.8833252445609
2013,1363,1255.5241437678228
2013,1303,1404.7867629474629
2013,1296,1169.4402523874044
2013,1301,1695.9113931829852
2013,1275,1300.0021009705629
2013,1292,1768.9329682359812
2013,1106,1285.5284948747133
2013,1288,1539.518604541872
2013,1427,1380.2739784445268
2013,1287,1448.0615396014941
2013,1254,1651.978858412853
2013,1284,1307.0960269016423
2013,1220,1236.3998575786304
2013,1382,1490.2373369195675
2013,1126,1418.7273688256716
2013,1383,1398.3832195295363
2013,1248,1617.469098167127
2013,1389,1304.8504659675682
2013,1353,1492.2500170431745
2013,1390,1587.6631869852886
2013,1362,1510.8913688567231
2013,1462,1559.1032612002166
2013,1192,1184.9458035332852
2013,1460,1588.0432351335621
2013,1225,1420.1309497172158
2013,1456,1380.8480651766818
2013,1214,1446.3963780340946
2013,1448,1464.664611806092
2013,1347,1282.8546984681384
2013,1436,1574.2202585110815
2013,1373,1313.350961090939
2013,1434,1773.3320425755342
2013,1204,1399.159298381292
2013,1433,1763.8955164669621
2013,1195,1660.8108910880312
2013,1431,1584.489622196132
2013,1331,1463.6059466674933
2013,1426,1585.071242917571
2013,1167,1480.242066632492
2013,1279,1745.5422705678532
2013,1290,1217.3343993715928
2013,1425,1525.5639237974779
2013,1164,1275.6501829912108
2013,1417,1741.8388919358586
2013,1232,1540.6671212469896
2013,1407,1371.2105466050207
2013,1280,1391.0579506600893
2013,1403,1401.0629858736118
2013,1341,1385.4917703298768
2013,1402,1420.6597918552195
2013,1200,1363.4322501510378
2013,1401,1484.1662152787458
2013,1256,1676.9138001312535
2013,1400,1580.3341252132777
2013,1201,1501.2259292116287
2013,1397,1664.7024974847513
2013,1244,1152.3479027240478
2013,1395,1366.289280322668
2013,1142,1564.9390079267932
2013,1392,1703.4497697022023
2013,1265,1376.9109293263507
2013,1421,1373.199264669242
2013,1441,1415.5604111716023
2013,1278,1563.949536695958
2013,1110,1346.274544790378
2013,1387,1866.118198878476
2013,1367,1428.4605747035646
2013,1267,1426.4383852129233
2013,1255,1279.329629737648
2013,1177,1358.7341920567355
2013,1415,1209.2644444637058
2013,1169,1356.0864495220935
2013,1337,1372.379041856282
2013,1166,1759.3026878186931
2013,1317,1410.35934092673
2013,1163,1640.1588183687861
2013,1277,1752.801990374899
2013,1160,1640.8214920307994
2013,1459,1382.2567221720276
2013,1158,1622.8395625524981
2013,1406,1578.383100535852
2013,1157,1382.931616928708
2013,1103,1748.5118309950615
2013,1156,1406.3525348430617
2013,1212,1031.010321922871
2013,1150,1593.3168045992875
2013,1149,1509.676461663011
2013,1181,1793.71966192486
2013,1209,1464.0284823183451
2013,1140,1590.8331773259856
2013,1398,1559.3858315041641
2013,1133,1453.8765706149063
2013,1183,1387.3745508702477
2013,1125,1767.5403042188927
2013,1252,1381.5845344941845
2013,1124,1574.0633624878835
2013,1250,1582.178248950767
2013,1122,1271.2992986398754
2013,1359,1316.8280891691466
2013,1120,1299.1300078076647
2013,1236,1528.6416863205447
2013,1116,1597.8670984976818
2013,1358,1429.3769602625136
2013,1114,1481.4570476261897
2013,1404,1311.5104689561597
2013,1107,1655.834598491557
2013,1182,1292.4628054341258
2013,1274,1830.672562564583
2013,1391,1485.0370927757506
2013,1137,1747.2331536342183
2013,1345,1555.2554298469954
2013,1206,1475.0520361760546
2013,1438,1629.65279446551
2013,1161,1714.4973422138457
2013,1285,1710.4655752391177
2013,1208,1543.1947836239392
2013,1239,1341.9330303376892
2013,1261,1602.0364690275803
2013,1364,1356.8167318058588
2013,1260,1397.8604411973938
2013,1405,1519.0280389213067
2013,1259,1580.2572642373411
2013,1127,1148.9739349778533
2013,1246,1628.3178354533275
2013,1268,1633.4437106938549
2013,1243,1783.204469543556
2013,1315,1498.0438979120563
2013,1242,1839.4804249453962
2013,1369,1464.920089411323
2013,1237,1144.5235157029942
2013,1430,1303.7761900301111
2013,1235,1679.9018915412835
2013,1380,1598.7863426363901
2013,1234,1643.9622804724013
2013,1410,1413.472382151274
2013,1233,1618.9058602813473
2013,1176,1730.3545271609705
2013,1245,1600.7171872591932
2013,1180,1403.576826031293
2013,1228,1646.5279920404687
2013,1159,1355.0818290141776
2013,1223,1415.5186194028092
2013,1115,1559.1444969400225
2013,1222,1515.504035484551
2013,1197,1260.992395854936
2013,1221,1360.9709170042001
2013,1330,1258.3696488780458
2013,1219,1441.402841017657
2013,1422,1298.7317200836885
2013,1218,1443.0930286870714
2013,1271,1134.152588856334
2013,1211,1918.9623982542137
2013,1381,1288.0648918581348
2013,1210,1525.4911952363343
2013,1408,1485.297689508773
2013,1231,1793.1431448469375
2013,1136,1508.4308279795919
2013,1346,1505.9391949345274
2013,1216,1525.6725007710743
2013,1357,1296.5973277579849
2013,1463,1512.1968755522014
2013,1379,1708.2847531109912
2013,1443,1597.9711827595006
2013,1414,1613.315838708668
2013,1305,1400.9212920795715
2013,1416,1579.4154126613896
2013,1378,1431.2735710167665
2013,1453,1578.6619194403568
2013,1152,1353.096967415662
2013,1435,1600.7331428052132
2013,1311,1304.8617764510282
2013,1439,1427.0716025941344
2013,1190,1342.296313096918
2013,1450,1448.3876245638694
2013,1186,1335.4482095952285
2013,1455,1670.1328875664803
2013,1300,1615.114217994774
2013,1464,1461.6983811195494
2013,1203,1492.7380578470902
2013,1344,1613.9336660539263
2013,1312,1442.226143055696
2013,1429,1561.6476206088826
2013,1226,1218.6551445540415
2013,1343,1571.2967823368783
2013,1138,1457.3758322996375
2013,1102,1581.2610133606054
2013,1119,1513.9806320280036
2013,1332,1722.1559297142453
2013,1319,1328.2215639235271
2013,1113,1577.4501346024585
2013,1146,1400.798808221326
2013,1139,1741.3649558557722
2013,1189,1536.3376965785567
2013,1162,1350.3123725866155
2013,1202,1212.5531899688242
2013,1165,1353.6497727084982
2013,1444,1538.0549351575012
2013,1171,1377.66087438526
2013,1263,1382.7315962148316
2013,1154,1262.9638541757306
2013,1440,1359.7122606370642
2013,1193,1495.484605240979
2013,1148,1450.5814553638838
2013,1247,1673.5731490490186
2013,1174,1563.3291357358528
2013,1281,1659.5499018484852
2013,1188,1281.0553369287475
2013,1323,1742.112180639866
2013,1191,1579.2165347048835
2013,1325,1668.1700536078554
2013,1339,1363.1166512643215
2013,1173,1544.6402289959556
2013,1117,1529.1372315579274
2013,1370,1256.3364673702777
2013,1286,1355.3732632693589
2013,1194,1412.08107932306
2013,1326,1862.297239863781
2013,1328,1606.2999702774798
2013,1419,1213.1582951564387
2013,1308,1746.0677560683566
2013,1374,1416.8741015840058
2013,1258,1397.9778372577455
2013,1449,1579.5406538026612
2013,1393,1746.4969089956699
2013,1361,1671.8730123955754
2013,1418,1431.28260850499
2013,1324,1508.1300383894588
2013,1423,1268.0558608689528
2013,1437,1671.5708365633527
2013,1458,1739.8792685742121
2013,1368,1425.639317387747
2013,1304,1541.3448419543447
2013,1376,1370.6901710543825
2013,1454,1320.2740295650392
2013,1266,1754.6400755122106
2013,1298,1261.821592587479
2013,1240,1521.9434858426746
2013,1185,1410.446530737617
2013,1112,1706.5122359750499
2013,1123,1490.1117475127714
2013,1129,1670.147295532063
2013,1411,1601.7735180624475
2013,1130,1613.0916629889218
2013,1198,1552.9513611230618
2013,1135,1475.031532863994
2013,1143,1667.2471181161654
2013,1238,1408.3233630564846
2013,1153,1662.5624809735664
2013,1196,1736.0440274099042
2013,1207,1809.5534100732195
2013,1227,1447.820430510944
2013,1257,1901.1518904226416
2013,1264,1555.4290534243744
2013,1356,1503.2842580681158
2013,1322,1692.2810583748549
2013,1144,1323.0283911131
2013,1340,1240.7582915156177
2013,1386,1583.8665538038122
2013,1168,1344.3338586397085
2013,1424,1725.5050597724855
2013,1299,1562.9526544721527
2013,1276,1711.7513758038835
2013,1307,1854.8451475738295
2013,1172,1779.7389497544953
2013,1272,1872.2000365892613
2013,1316,1408.5055721566273
2013,1145,1501.3926777911538
2013,1155,1415.9526042461425
2013,1342,1251.1405786294636
2013,1452,1427.1265301081494
2013,1132,1393.8284301622866
2013,1354,1210.6402747047457
2013,1249,1115.7634397258478
2013,1141,1317.2819650271942
2013,1295,1623.9578345780521
2013,1229,1552.9978082795724
2013,1105,1274.9650739639883
2013,1306,1364.3949792390874
2013,1321,1395.4902305450712
2013,1385,1535.6464247764573
2013,1178,1611.273395736651
2013,1396,1721.917747294377
2013,1253,1570.6713682415082
2013,1366,1476.5307648315477
2013,1270,1396.6645811202616
2013,1108,1268.8244243619847
2013,1111,1470.2962683370977
2013,1457,1389.4814495110766
2013,1269,1657.9518648982141
2013,1217,1601.4004642308357
2013,1320,1582.4831051729125
2013,1360,1524.739521432506
2013,1297,1432.2300130630467
2013,1365,1579.286105032626
2013,1377,1324.4551843282848
2013,1461,1520.8174829174764
2013,1442,1595.305259572206
2013,1394,1306.8009981919574
2013,1175,1404.535121959632
2013,1447,1563.6255728856202
2013,1170,1362.7092075527921
2013,1412,1539.405442180414
2013,1451,1708.7345613400116
2013,1399,1416.8968862483696
2013,1241,1595.6523860528323
2013,1388,1795.2416203990192
2013,1409,1531.5787383318777
2013,1294,1454.7495626224288
2013,1224,1198.9594063263476
2013,1151,1353.9105581000672
2013,1293,1546.2813672780994
2013,1428,1551.607603431614
2013,1184,1596.214234191316
2013,1273,1608.1497859558797
2013,1334,1670.7997043088092
2013,1187,1561.2570905643656
2013,1372,1716.3317205403657
2013,1283,1482.0380787843108
2013,1349,1208.4575870196572
2013,1179,1527.8908524058288
2014,1102,1411.1161746856308
2014,1119,1488.948083187462
2014,1388,1594.7096905518256
2014,1256,1743.3865313364222
2014,1387,1727.538683327679
2014,1369,1493.3334341564753
2014,1383,1456.1232565567784
2014,1274,1561.6822785433808
2014,1379,1734.7870765805117
2014,1238,1290.3025925987495
2014,1375,1374.274101126006
2014,1178,1377.385256039967
2014,1374,1650.2181514453043
2014,1395,1327.4020674838148
2014,1361,1821.7183139032286
2014,1415,1334.0046876717709
2014,1360,1502.4697144845807
2014,1355,1618.0368349927778
2014,1358,1601.5719555633016
2014,1410,1317.8439809444772
2014,1353,1431.385310884693
2014,1197,1396.8247960902604
2014,1390,1675.5116514337237
2014,1137,1539.1400627672715
2014,1350,1558.2961151036309
2014,1174,1714.1416584804595
2014,1345,1445.9821320213819
2014,1297,1272.9479786687584
2014,1344,1741.3919880692088
2014,1130,1359.619562568771
2014,1339,1432.6651053440348
2014,1413,1287.526927222962
2014,1338,1705.3706247493456
2014,1366,1390.9996667234357
2014,1334,1447.1921412743307
2014,1305,1508.4853625880282
2014,1332,1731.5134390392795
2014,1207,1577.518894587655
2014,1329,1638.6135061691411
2014,1290,1194.0263600848798
2014,1328,1713.8583723313313
2014,1104,1501.640853767684
2014,1323,1472.4876821041432
2014,1275,1485.0467204501936
2014,1314,1742.8199744732992
2014,1324,1450.5613517237855
2014,1348,1487.1460754107648
2014,1263,1243.4295930577173
2014,1304,1700.948651336157
2014,1195,1591.6329279604115
2014,1392,1577.9450719976458
2014,1265,1427.632043265593
2014,1400,1678.935769182743
2014,1273,1675.7721107482798
2014,1464,1379.2696771687333
2014,1244,1227.0911335732305
2014,1462,1646.8553983362124
2014,1205,1474.6795359800153
2014,1461,1486.9691138455444
2014,1404,1223.4450662466113
2014,1458,1760.1441282702133
2014,1385,1667.343755842264
2014,1452,1615.0629656934188
2014,1291,1581.9675963921195
2014,1450,1379.0015827635425
2014,1167,1368.3199146743316
2014,1448,1510.6109096208631
2014,1159,1427.423792444069
2014,1444,1749.917441402393
2014,1308,1670.045829963627
2014,1440,1523.9161868182869
2014,1154,1241.0375629090183
2014,1438,1876.229376566154
2014,1241,1384.2639736987576
2014,1393,1749.9157422983972
2014,1165,1158.2219972001526
2014,1437,1827.5866274358784
2014,1248,1438.7778607162352
2014,1433,1782.159664141727
2014,1229,1485.805243353382
2014,1429,1553.691354532295
2014,1425,1370.7819895243347
2014,1424,1584.6516766435564
2014,1340,1499.1707329006506
2014,1422,1366.64301351844
2014,1219,1529.3235032805037
2014,1417,1794.070544311746
2014,1180,1447.5083286734987
2014,1411,1581.3593915909735
2014,1313,1489.4992453054338
2014,1408,1501.9246971551086
2014,1312,1335.934550831941
2014,1406,1650.4220473868024
2014,1298,1264.4931109437664
2014,1403,1511.7239807003589
2014,1223,1159.3262115957175
2014,1401,1487.1904213638766
2014,1138,1620.6611963333414
2014,1434,1490.7263796290208
2014,1293,1556.2014753556516
2014,1303,1425.4737307339772
2014,1296,1486.6734892217466
2014,1430,1568.0213914487838
2014,1237,1197.6282345106642
2014,1294,1442.4882209326756
2014,1243,1631.5335892142962
2014,1200,1380.3789696631136
2014,1384,1391.8422553198282
2014,1199,1613.8321961622842
2014,1239,1399.7145072584217
2014,1196,1965.188563618785
2014,1316,1457.0390912160206
2014,1184,1679.1122887825481
2014,1198,1465.8122490896337
2014,1181,1796.5053445638755
2014,1172,1626.442268849245
2014,1166,1752.5510304750387
2014,1108,1349.4065093558127
2014,1163,1777.5965898126126
2014,1268,1580.3432792488438
2014,1153,1756.3934245502496
2014,1300,1732.245267634959
2014,1150,1483.362064267735
2014,1190,1513.524379064204
2014,1143,1599.8285037590615
2014,1164,1349.009351651918
2014,1201,1584.7705209064743
2014,1414,1618.7628093302526
2014,1140,1731.7145496687772
2014,1451,1562.785036237988
2014,1129,1571.4740592338035
2014,1426,1483.9565838237988
2014,1125,1650.9105743515695
2014,1252,1510.3758274052639
2014,1124,1756.9903193187997
2014,1160,1677.3330612271272
2014,1120,1473.7356189977465
2014,1311,1425.677749087585
2014,1116,1630.3850536832651
2014,1188,1326.2181296655765
2014,1113,1631.9068329301645
2014,1420,1284.1414950466983
2014,1112,1835.2790951096752
2014,1142,1463.965835426779
2014,1107,1552.444359997179
2014,1373,1526.077167131888
2014,1103,1611.384465322003
2014,1157,1575.4457675071842
2014,1301,1672.0767059576458
2014,1111,1259.0289298263374
2014,1133,1375.5477292832845
2014,1240,1265.5457480182786
2014,1203,1728.2051979274404
2014,1347,1472.03623473922
2014,1155,1615.8315412922175
2014,1391,1250.1611658529444
2014,1208,1663.9949760494299
2014,1459,1587.2330625425607
2014,1284,1292.9510264612315
2014,1220,1342.5757632900566
2014,1283,1566.2656270415237
2014,1330,1494.1585627927411
2014,1281,1622.3507098854163
2014,1368,1339.6973923912947
2014,1206,1420.863285059534
2014,1110,1625.492385879128
2014,1279,1554.547116799432
2014,1407,1333.2113946155057
2014,1278,1612.2253033852699
2014,1250,1392.0480259872454
2014,1277,1759.3979832795985
2014,1270,1374.624717933604
2014,1276,1813.9352104934621
2014,1262,1390.7922779745243
2014,1267,1344.1179209309232
2014,1354,1218.871715282938
2014,1266,1572.3167306436385
2014,1380,1508.0107049393841
2014,1260,1329.2880501456154
2014,1454,1608.4990220503637
2014,1259,1315.9839118524017
2014,1127,1284.8785389515403
2014,1280,1373.0867378986145
2014,1341,1331.8351523843648
2014,1246,1724.3224963718346
2014,1421,1479.6962860711685
2014,1258,1392.5548027999887
2014,1213,1480.2436744685617
2014,1210,1508.4733857033702
2014,1342,1171.4303982321435
2014,1214,1527.2886763860686
2014,1456,1577.6105155073349
2014,1222,1558.983087659526
2014,1402,1268.7061592785258
2014,1228,1643.9425027664765
2014,1106,1476.973179061015
2014,1218,1499.8704663369542
2014,1398,1281.673866336692
2014,1234,1547.6182291860005
2014,1423,1287.245289287438
2014,1242,1745.8220910638565
2014,1419,1371.1910323070847
2014,1231,1551.1745329120693
2014,1152,1352.6633193527416
2014,1325,1612.8866466298182
2014,1320,1551.1167713854472
2014,1326,1703.0593491365698
2014,1288,1487.8888294482747
2014,1336,1525.0026098306962
2014,1447,1577.185988704384
2014,1346,1581.8267377905588
2014,1216,1507.7316162753461
2014,1321,1509.9596989996878
2014,1183,1377.714215177041
2014,1352,1594.5211070257717
2014,1367,1544.1545805818844
2014,1439,1315.6047465029778
2014,1382,1569.3567885304212
2014,1377,1406.0670986647085
2014,1376,1546.8913982396048
2014,1255,1192.415586469496
2014,1378,1321.085605078076
2014,1399,1475.2898538114066
2014,1386,1782.2595071133921
2014,1436,1646.942128654233
2014,1396,1400.1226411050784
2014,1335,1349.1477100513962
2014,1463,1498.8258201942226
2014,1148,1398.4220727328375
2014,1319,1475.8071354726032
2014,1427,1286.2329197506679
2014,1371,1548.2801512943256
2014,1310,1267.1913357192307
2014,1264,1749.7666542737138
2014,1247,1521.9537306896755
2014,1307,1833.2091898164897
2014,1105,1412.6021654106219
2014,1139,1456.234777678725
2014,1249,1206.9733200666565
2014,1156,1635.5489962775714
2014,1233,1696.9628015076394
2014,1168,1384.4908499035882
2014,1286,1362.6455029045776
2014,1173,1710.5592529688886
2014,1236,1626.0603357907894
2014,1177,1430.332101730151
2014,1212,1238.898345881754
2014,1179,1429.16021928537
2014,1227,1228.7140126091565
2014,1162,1546.8958152957389
2014,1271,1231.7333884058303
2014,1193,1314.2540214373898
2014,1357,1190.2540278674437
2014,1211,1786.1137604155829
2014,1136,1437.8411404722888
2014,1225,1505.3007276148785
2014,1442,1333.3375009149215
2014,1232,1611.4918794882549
2014,1123,1233.8787223237657
2014,1254,1293.2238430239454
2014,1389,1497.9665818854455
2014,1257,1870.7313599973666
2014,1158,1366.9781933191562
2014,1182,1482.0152527188582
2014,1101,1209.759127015345
2014,1269,1674.6376357828512
2014,1292,1682.3849874707728
2014,1449,1554.3942266580736
2014,1370,1332.969218019459
2014,1331,1473.305318394352
2014,1409,1767.4324231303658
2014,1343,1633.7021612070887
2014,1235,1823.3072294317553
2014,1217,1770.2619086231182
2014,1221,1554.7022090670175
2014,1192,1324.415081337311
2014,1189,1488.4647139577523
2014,1333,1561.306645581702
2014,1149,1339.7775912266602
2014,1135,1441.5903776561481
2014,1131,1653.0987214509908
2014,1318,1441.5770887667516
2014,1194,1308.8230366962994
2014,1299,1213.5430442127708
2014,1441,1479.176524117216
2014,1455,1925.8188431674241
2014,1443,1541.0273783282496
2014,1412,1470.0672249560585
2014,1175,1267.195970970193
2014,1317,1450.471293714638
2014,1117,1507.007085494539
2014,1145,1594.7337323689264
2014,1282,1374.6350775256674
2014,1151,1450.5147851966374
2014,1253,1488.8091261580926
2014,1245,1422.6444973818723
2014,1204,1379.734784800589
2014,1114,1420.0905115125547
2014,1161,1444.7464459421328
2014,1126,1246.0297809571528
2014,1372,1847.7802573326007
2014,1349,1252.1422322076394
2014,1365,1455.886935786838
2014,1363,1258.5323616826133
2014,1364,1594.5505893066172
2014,1381,1136.053987918462
2014,1418,1678.8447389577134
2014,1169,1454.9442334220716
2014,1359,1350.7448231959586
2014,1287,1498.6616108772241
2014,1435,1459.8529033160044
2014,1209,1726.4384840857022
2014,1251,1271.9836401459625
2014,1397,1687.3389110072833
2014,1356,1538.5459831931557
2014,1141,1303.5118278132186
2014,1176,1537.238298622337
2014,1144,1239.7385395776894
2014,1285,1494.7620475824788
2014,1187,1425.5456305145065
2014,1191,1466.4021478067739
2014,1202,1235.0429324087618
2014,1261,1591.3792550785743
2014,1394,1527.6105565347473
2014,1351,1419.1890768042651
2014,1362,1670.3151727479615
2014,1224,1253.4069578547794
2014,1337,1427.6616107560342
2014,1457,1534.6379163728302
2014,1171,1405.7904754831084
2014,1170,1422.1561221020206
2014,1460,1595.6585815574037
2014,1416,1452.698682921005
2014,1306,1198.0872906859238
2014,1405,1712.9312920195073
2014,1295,1781.3628387755693
2014,1272,1682.701900029549
2014,1122,1338.368228529219
2014,1185,1604.219779814471
2014,1115,1429.8702108070486
2014,1132,1380.34153297865
2014,1428,1666.9235510617943
2014,1322,1584.8854587079877
2014,1431,1639.4131761985552
2014,1226,1342.5249684208281
2014,1453,1680.947242405016
2014,1146,1286.2477089137742
2014,1186,1440.3584011288742
2014,1315,1514.3775320621974
2014,1309,1373.7891836295962
2014,1230,1512.2457196953367
2015,1103,1576.6586213998187
2015,1420,1183.3659873330382
2015,1385,1662.5192307807667
2015,1312,1587.8544178505003
2015,1374,1837.7061741518528
2015,1249,1450.0279673237703
2015,1365,1438.9872338682392
2015,1168,1230.7985072889783
2015,1361,1729.2391184620444
2015,1169,1305.9553945244104
2015,1357,1465.320020334973
2015,1216,1374.800908481944
2015,1350,1650.666449877331
2015,1347,1538.3447519530926
2015,1346,1412.2589096288334
2015,1463,1627.8647357568648
2015,1345,1679.7987162221154
2015,1359,1374.2509148431682
2015,1343,1581.270602070038
2015,1351,1590.1973915735286
2015,1338,1549.7128791203286
2015,1310,1352.211754242631
2015,1337,1541.0756561488997
2015,1201,1533.8743847343815
2015,1390,1567.305971443769
2015,1459,1743.559161887793
2015,1336,1541.5059481201329
2015,1288,1231.3983912894048
2015,1333,1482.0513870244904
2015,1349,1433.0454072224748
2015,1332,1783.2715235292644
2015,1164,1326.9666038190103
2015,1329,1555.2463581631382
2015,1368,1223.687903513017
2015,1326,1663.931052147809
2015,1262,1352.3501528385116
2015,1323,1869.7211424434495
2015,1127,1281.585920775691
2015,1321,1515.351483098369
2015,1223,1392.2065621855486
2015,1314,1745.432515412619
2015,1300,1632.0381022390407
2015,1307,1407.2971913473332
2015,1226,1244.9471990304917
2015,1301,1664.0879115974265
2015,1238,1323.9767729666676
2015,1283,1338.4142626349553
2015,1183,1490.4668204355019
2015,1282,1381.7588101021379
2015,1281,1353.2458730690046
2015,1334,1360.1949670552751
2015,1442,1248.5905218148428
2015,1392,1635.1434490773377
2015,1162,1406.313279196052
2015,1393,1604.319795200705
2015,1244,1279.0829902950236
2015,1395,1530.6623628683321
2015,1341,1492.9396118600798
2015,1462,1699.3106195434068
2015,1319,1569.302783774455
2015,1460,1243.7545014847747
2015,1125,1671.6235058910233
2015,1458,1927.144104191769
2015,1297,1396.71795948542
2015,1455,1803.4198244752972
2015,1308,1676.9439581788647
2015,1452,1689.8735595866708
2015,1284,1539.178689942249
2015,1449,1458.3573917614424
2015,1354,1287.4226799713792
2015,1448,1462.0088277092182
2015,1421,1418.8309770097012
2015,1440,1351.4898837222315
2015,1154,1302.1103346083726
2015,1439,1380.7654547394918
2015,1271,1510.953161615738
2015,1438,1843.8233347407688
2015,1241,1545.713872902416
2015,1437,1935.2191388903152
2015,1250,1492.7852098119497
2015,1434,1744.828083312967
2015,1190,1408.3372778487492
2015,1433,1754.498772684252
2015,1397,1519.9243968415658
2015,1431,1609.2493921021385
2015,1450,1474.7849397714938
2015,1430,1286.6023330999392
2015,1377,1525.8823601416918
2015,1429,1542.1418797136703
2015,1451,1384.7032238525103
2015,1428,1694.702252375328
2015,1123,1257.957442358114
2015,1426,1405.6244363039534
2015,1133,1302.3349344462315
2015,1424,1518.8320812113948
2015,1287,1548.417672967308
2015,1417,1662.6300021903246
2015,1286,1271.7571075892815
2015,1403,1437.0416935213627
2015,1259,1375.9268003121604
2015,1402,1377.606997411805
2015,1370,1442.3546733693602
2015,1401,1573.5218105501724
2015,1322,1568.0184164520763
2015,1400,1622.0750497806976
2015,1295,1676.1922085430797
2015,1396,1712.9417938913457
2015,1110,1495.4662362049844
2015,1280,1430.0098600525032
2015,1441,1453.501955165578
2015,1277,1758.5156665797335
2015,1298,1440.871882089283
2015,1376,1584.927426401793
2015,1316,1650.8487436055468
2015,1269,1507.452481390213
2015,1373,1341.4140218952236
2015,1184,1554.8128618017815
2015,1366,1262.6752209987105
2015,1181,1884.044438403593
2015,1342,1295.3156588647669
2015,1177,1375.843432749141
2015,1227,1359.822969150123
2015,1173,1695.8369234996405
2015,1105,1302.7656109245875
2015,1166,1462.182800041223
2015,1146,1156.2124371869716
2015,1165,1411.7130472532472
2015,1206,1331.9224372547324
2015,1163,1662.1310872016084
2015,1136,1512.6955200937725
2015,1160,1525.1967002476995
2015,1180,1421.1321610220223
2015,1158,1305.3024410766495
2015,1202,1398.5548920621952
2015,1155,1514.1856767217955
2015,1197,1136.029480892876
2015,1153,1649.7395549217217
2015,1384,1456.5406793031266
2015,1149,1549.8845422522177
2015,1279,1604.301673380724
2015,1143,1559.3353509199294
2015,1108,1173.1394870676268
2015,1140,1728.5590426713056
2015,1253,1487.39668503581
2015,1138,1747.3871848943188
2015,1355,1633.1980022140906
2015,1137,1576.1328850360496
2015,1265,1339.272052936735
2015,1135,1395.591122006821
2015,1389,1459.4683726225705
2015,1130,1502.9424786780432
2015,1306,1560.0116827085253
2015,1129,1724.208502393303
2015,1360,1495.9684435591757
2015,1124,1730.2449567657893
2015,1270,1421.6497642557995
2015,1120,1528.0872459256725
2015,1454,1528.798079388177
2015,1119,1359.857989445501
2015,1102,1475.456943187465
2015,1113,1572.2190186609482
2015,1152,1273.7653978245019
2015,1274,1631.7319259433125
2015,1224,1419.9900309901345
2015,1104,1534.6146157400256
2015,1406,1302.8143521080165
2015,1186,1676.7735683813328
2015,1411,1663.486303495264
2015,1189,1427.8672970925304
2015,1194,1260.403714449252
2015,1112,1912.7115858482496
2015,1291,1469.0081148225324
2015,1193,1210.93053655871
2015,1148,1240.6085181372832
2015,1268,1779.1809268488812
2015,1447,1357.37569725418
2015,1267,1376.4333066974243
2015,1240,1355.8122937627693
2015,1266,1461.2055156333709
2015,1404,1514.8073382310836
2015,1258,1298.8070569716913
2015,1369,1416.8004181621293
2015,1257,1712.4001199413385
2015,1278,1530.1463859154255
2015,1256,1667.2927862840484
2015,1380,1515.9770077337655
2015,1192,1239.990563755468
2015,1386,1448.1861237485818
2015,1246,1983.645283893986
2015,1213,1437.3009608172633
2015,1243,1537.0214263933965
2015,1381,1384.3695765389343
2015,1242,1758.7742362811803
2015,1364,1619.1416323819578
2015,1235,1818.3835366717833
2015,1324,1490.8489464882994
2015,1234,1660.8723017282662
2015,1214,1517.6174306670557
2015,1248,1591.657983490822
2015,1352,1608.8186324453102
2015,1232,1489.2729729275054
2015,1237,1343.4737503937995
2015,1233,1687.2662565831938
2015,1156,1551.85265877002
2015,1196,1571.9238859067725
2015,1456,1558.315099450196
2015,1203,1596.6874657717574
2015,1212,1026.7876836404776
2015,1211,1874.3179310039427
2015,1170,1541.2413740963304
2015,1218,1567.0542126576954
2015,1115,1401.3112423583523
2015,1210,1396.0886068135806
2015,1208,1686.2635601792779
2015,1220,1512.4793433131713
2015,1239,1306.550271448949
2015,1222,1441.7697034419425
2015,1293,1774.751991066181
2015,1228,1566.9687962285861
2015,1204,1599.645827359258
2015,1231,1568.635802513964
2015,1290,1205.389527954153
2015,1219,1571.0397524978546
2015,1167,1381.032628986933
2015,1331,1540.825033138612
2015,1409,1668.3312774271087
2015,1305,1324.5643289299721
2015,1142,1419.9714323633991
2015,1320,1846.8889693478548
2015,1315,1208.8371727124345
2015,1325,1400.1061818985595
2015,1111,1471.9830682527095
2015,1330,1650.7238141011987
2015,1423,1531.4157409362858
2015,1340,1446.4323113124533
2015,1425,1439.7250758799084
2015,1419,1542.6903238678783
2015,1412,1605.1881398942921
2015,1367,1541.227670112287
2015,1382,1568.3871588938623
2015,1171,1570.7491261956736
2015,1387,1311.2872089039386
2015,1356,1387.857858493068
2015,1443,1524.7724165185766
2015,1122,1293.0846289803505
2015,1344,1675.2598343810039
2015,1107,1735.4616531330983
2015,1261,1643.9235966410163
2015,1205,1513.6402533333644
2015,1245,1604.7879683355668
2015,1464,1276.1100679877559
2015,1247,1533.2274399084001
2015,1159,1516.1625953565633
2015,1132,1555.4572104910333
2015,1179,1337.330196952788
2015,1139,1670.858127450932
2015,1263,1162.4449647740812
2015,1145,1463.4434781569732
2015,1436,1525.2213061208763
2015,1175,1500.3677685168761
2015,1335,1384.6549282277456
2015,1199,1590.9119353333033
2015,1264,1656.395226244459
2015,1207,1698.5152437407216
2015,1383,1623.6270672266085
2015,1161,1726.5075087554073
2015,1285,1591.0218266286934
2015,1200,1406.4751977734113
2015,1339,1482.1113770100665
2015,1363,1122.6400896103714
2015,1348,1669.132633702199
2015,1362,1490.1382767832883
2015,1371,1447.8921963669918
2015,1273,1496.0626983277998
2015,1378,1293.9769262948744
2015,1229,1670.449420600604
2015,1414,1659.1309859761886
2015,1416,1348.9826364021087
2015,1391,1271.7776897420276
2015,1157,1613.5851610145535
2015,1187,1457.372234446431
2015,1358,1667.205738979516
2015,1313,1499.1365360288617
2015,1151,1619.211020567133
2015,1461,1668.8124087717752
2015,1294,1430.6093725584353
2015,1405,1591.581448881072
2015,1328,1731.4502715978706
2015,1318,1630.5856245909383
2015,1131,1444.684068305126
2015,1116,1765.6954816892708
2015,1106,1501.4053781481393
2015,1150,1429.2699074412442
2015,1176,1399.0472044914807
2015,1221,1489.0419665488885
2015,1217,1695.6773305837605
2015,1353,1333.3348504939586
2015,1304,1414.4737580043861
2015,1303,1418.0909167895963
2015,1275,1482.763885833511
2015,1379,1355.8218659323518
2015,1375,1439.0756866406912
2015,1407,1294.7804442744498
2015,1317,1418.8977463895776
2015,1311,1329.8729243048647
2015,1178,1450.2980009643293
2015,1299,1261.4665068938468
2015,1457,1541.858124179481
2015,1117,1334.7514039169548
2015,1418,1585.777184128908
2015,1410,1263.1633338594697
2015,1427,1410.7713150342454
2015,1399,1312.9275233673663
2015,1408,1393.0240871000897
2015,1276,1547.56589465102
2015,1126,1272.4001684562058
2015,1252,1430.3709705808174
2015,1415,1420.9930431136002
2015,1195,1530.7430263403437
2015,1185,1569.679909240145
2015,1251,1187.6948339753183
2015,1174,1453.4514045230626
2015,1236,1490.0212237511926
2015,1188,1436.8664505426334
2015,1209,1722.2579132432031
2015,1225,1370.4855099763272
2015,1292,1547.4958027856148
2015,1372,1826.3971465533568
2015,1398,1202.2898051451127
2015,1388,1584.02075076343
2015,1422,1363.2992887504843
2015,1272,1580.0264132027025
2015,1114,1429.7981231276824
2015,1141,1647.9857471733474
2015,1198,1466.5028591044925
2015,1394,1577.651445025836
2015,1172,1745.0969332983457
2015,1144,1268.5460700357014
2015,1254,1422.8834672629332
2015,1101,1259.8895450904206
2015,1453,1636.197900180207
2015,1444,1560.7703339062027
2015,1191,1504.8195780965057
2015,1255,1362.834206822541
2015,1309,1342.462748739148
2015,1413,1679.6817853446125
2015,1435,1610.739957499759
2015,1296,1514.6085490765838
2015,1260,1548.1203194755167
2015,1182,1471.5390520076778
2015,1230,1498.176299024648
2016,1104,1580.6049319489439
2016,1244,1412.6586504301968
2016,1386,1765.4476054725087
2016,1180,1347.4106994754632
2016,1385,1298.1069696727745
2016,1447,1557.048785348998
2016,1382,1724.1334810010023
2016,1127,1322.7352484533374
2016,1371,1830.6197162892192
2016,1171,1378.6052332567876
2016,1362,1426.0761957180896
2016,1227,1246.2007220064627
2016,1361,1705.1859099519713
2016,1229,1562.4683415794334
2016,1357,1414.6879806746695
2016,1346,1289.9660899241023
2016,1356,1545.3701466957073
2016,1102,1377.1368864898106
2016,1348,1519.8454667895862
2016,1110,1489.795210830929
2016,1345,1770.2558420046541
2016,1299,1276.0486983491621
2016,1343,1703.8154281018237
2016,1351,1431.9740501456015
2016,1335,1379.8674858031807
2016,1352,1378.4471323107823
2016,1332,1872.9153352746857
2016,1238,1447.5088492187995
2016,1331,1445.0710490498755
2016,1283,1428.0093159259436
2016,1330,1632.6739051272273
2016,1310,1242.7341119673754
2016,1329,1401.394549611659
2016,1404,1546.0315912642316
2016,1323,1675.8690031832753
2016,1384,1335.8217064991898
2016,1321,1558.7124182454424
2016,1262,1389.1095124058281
2016,1318,1573.2977123819971
2016,1131,1495.7070771637232
2016,1316,1511.715889460619
2016,1228,1503.4616373179554
2016,1314,1865.5072817351586
2016,1396,1688.0087532377613
2016,1308,1656.1948692786839
2016,1223,1435.622466700251
2016,1307,1477.0376313265426
2016,1411,1546.0869416783842
2016,1305,1540.5937324674242
2016,1157,1548.4562482076133
2016,1296,1523.036850922957
2016,1169,1344.9056326706577
2016,1389,1495.1467902615593
2016,1135,1287.6223631409673
2016,1295,1571.1136471041082
2016,1413,1363.9249865090746
2016,1390,1531.7888205977588
2016,1453,1671.6199841482128
2016,1395,1433.9600241871283
2016,1368,1380.7152855269887
2016,1463,1739.1826796025655
2016,1193,1577.821486622769
2016,1462,1803.2638863551686
2016,1275,1488.291487085569
2016,1460,1629.4864367962987
2016,1377,1420.1203213931803
2016,1456,1599.8184022757332
2016,1301,1512.59596526734
2016,1455,1729.0462210218518
2016,1149,1230.3814033046772
2016,1454,1500.9738956936865
2016,1176,1531.719262082767
2016,1452,1792.8380833150213
2016,1297,1276.5074517015576
2016,1450,1310.9854695243143
2016,1319,1192.6028727215976
2016,1449,1576.2613488495565
2016,1400,1684.5241864539848
2016,1448,1359.555953566425
2016,1420,1261.0704378211838
2016,1442,1380.9980437331826
2016,1458,1699.765792028391
2016,1438,1834.7391890596764
2016,1288,1312.2765706342846
2016,1437,1851.6548210277601
2016,1192,1535.1431999428712
2016,1435,1614.9774334753226
2016,1122,1579.186390430806
2016,1434,1713.2883680806062
2016,1236,1637.3819298148571
2016,1433,1693.452943822206
2016,1341,1318.4941350118165
2016,1429,1489.1955934400132
2016,1451,1688.2078264216461
2016,1428,1814.5022806598854
2016,1381,1201.5779380633985
2016,1425,1611.2818931658796
2016,1360,1339.8439908833882
2016,1424,1516.0982596377082
2016,1142,1315.058547495395
2016,1407,1298.531399106613
2016,1378,1384.8917815398188
2016,1403,1631.9224593098786
2016,1219,1578.370485837041
2016,1401,1744.352546010497
2016,1367,1304.8971386289427
2016,1398,1542.6914196917867
2016,1259,1311.7613383988378
2016,1397,1484.7322711632162
2016,1421,1609.9210299006866
2016,1393,1578.7070097394171
2016,1250,1601.162013188924
2016,1285,1575.9895110156274
2016,1129,1531.2435387273242
2016,1364,1605.5268908041103
2016,1303,1538.2442099361404
2016,1281,1362.7598553677765
2016,1459,1475.3165473299428
2016,1189,1423.5103090420478
2016,1150,1471.879492195047
2016,1188,1265.964033516367
2016,1117,1291.3784941627225
2016,1187,1363.828032716934
2016,1212,1143.6897094910107
2016,1185,1564.4605811971744
2016,1436,1624.2853889510652
2016,1184,1406.892245814684
2016,1164,1299.4280530514054
2016,1181,1675.715008389508
2016,1373,1568.401719157975
2016,1174,1274.5980652379212
2016,1175,1229.6141220962922
2016,1173,1711.5064618198433
2016,1369,1177.1154037930937
2016,1170,1389.562248841931
2016,1113,1502.3546375947753
2016,1163,1737.3889458135527
2016,1263,1259.2417686870645
2016,1159,1384.5602213706495
2016,1206,1394.7658267651548
2016,1158,1495.37604456584
2016,1354,1531.7730759214685
2016,1196,1578.7794590348592
2016,1298,1406.15786923891
2016,1155,1540.0714936607167
2016,1300,1329.5800552796507
2016,1151,1752.1286841182164
2016,1208,1656.1838404431558
2016,1143,1744.4679462013896
2016,1349,1374.2180524988048
2016,1141,1511.0098479571625
2016,1240,1281.2422839761048
2016,1140,1646.7784657836369
2016,1430,1345.176683314258
2016,1133,1219.783722748496
2016,1123,1495.1955050461504
2016,1125,1554.3616275378208
2016,1266,1611.678268032346
2016,1124,1678.463293515445
2016,1372,1791.8633099313638
2016,1284,1732.7794695868884
2016,1417,1487.2465630632712
2016,1116,1542.190075316159
2016,1380,1533.5014938336226
2016,1115,1251.930800025188
2016,1370,1443.4378595881444
2016,1112,1745.9028749000252
2016,1334,1351.4103178255314
2016,1105,1310.0562349156185
2016,1408,1402.0888251134666
2016,1153,1662.406416213255
2016,1441,1557.0600789334794
2016,1201,1742.918589201781
2016,1337,1543.2747576291374
2016,1120,1381.8138873643943
2016,1412,1697.1901505887095
2016,1203,1617.8450644091174
2016,1248,1227.0318714696002
2016,1202,1525.0705190651972
2016,1342,1343.2747246360743
2016,1280,1534.6997520638938
2016,1186,1424.585348642842
2016,1279,1589.1672922113808
2016,1322,1258.5631551010522
2016,1278,1293.9751930798939
2016,1282,1353.5242009454334
2016,1277,1886.6420064639608
2016,1194,1285.2956355597678
2016,1274,1784.1686265404167
2016,1410,1272.1401311738568
2016,1268,1694.1169826584483
2016,1291,1397.3534487669037
2016,1260,1459.7687593553603
2016,1427,1180.793994318321
2016,1258,1466.2326516663607
2016,1168,1301.7798490724385
2016,1257,1751.2895994760088
2016,1359,1346.4419402744104
2016,1252,1384.3179195451025
2016,1365,1428.055039162424
2016,1246,1800.3436236658263
2016,1107,1642.8760145917242
2016,1243,1537.2548224996467
2016,1271,1302.6107982942144
2016,1261,1591.7232740837478
2016,1270,1279.521022830705
2016,1241,1591.207625746134
2016,1350,1498.6978024353066
2016,1242,1947.9874839622141
2016,1294,1328.2320273080502
2016,1210,1645.8532784323895
2016,1165,1337.785687831903
2016,1213,1645.4921403510166
2016,1340,1423.9575947178355
2016,1216,1336.6561709131743
2016,1148,1209.7074668561963
2016,1220,1739.540881706271
2016,1145,1410.113791716253
2016,1218,1729.0449619984213
2016,1286,1408.8103009672436
2016,1231,1763.2443465955976
2016,1183,1405.7134058624208
2016,1234,1624.0915513910377
2016,1205,1481.705145169221
2016,1235,1642.6289678854378
2016,1160,1643.6325049088016
2016,1237,1474.582993806407
2016,1232,1455.16533182531
2016,1221,1474.9345057981373
2016,1265,1281.0500732088015
2016,1272,1571.1952869164395
2016,1379,1284.307008977583
2016,1336,1547.2003795681426
2016,1440,1283.1169266191764
2016,1304,1513.0758352250418
2016,1290,1281.565110677411
2016,1325,1625.421021095205
2016,1195,1536.5387776760208
2016,1344,1685.1283685056221
2016,1217,1514.577043117499
2016,1426,1605.4678026389697
2016,1200,1533.2948320325813
2016,1374,1719.5248058521452
2016,1358,1519.730351238552
2016,1376,1618.1415471517648
2016,1313,1483.276481233392
2016,1409,1634.9606841403645
2016,1146,1253.016372510554
2016,1457,1620.623846466658
2016,1214,1602.5909726430716
2016,1269,1490.50241246639
2016,1224,1248.516368632718
2016,1347,1423.3262276754308
2016,1207,1491.1642403218673
2016,1247,1395.2006938904615
2016,1406,1563.364719686272
2016,1245,1484.840751210238
2016,1464,1330.9463257068812
2016,1312,1437.982683364058
2016,1103,1667.6138654782023
2016,1156,1297.4158112190867
2016,1106,1432.881022957098
2016,1439,1688.5167976462358
2016,1130,1270.4222237449276
2016,1383,1452.0847570311767
2016,1132,1442.4502524168702
2016,1309,1257.3009991557751
2016,1139,1695.4574234242148
2016,1154,1233.6230743115166
2016,1111,1371.9166701864133
2016,1239,1376.123978426816
2016,1166,1563.7870110560773
2016,1172,1639.6557788288026
2016,1416,1371.9360816699232
2016,1177,1370.678178662947
2016,1444,1463.495383973052
2016,1136,1234.007579014941
2016,1225,1553.857934104235
2016,1363,1321.3099111797167
2016,1161,1495.1218846403942
2016,1320,1734.3513774963153
2016,1387,1408.724394574696
2016,1391,1348.2205604300714
2016,1197,1181.6414074621794
2016,1414,1645.573698718345
2016,1233,1747.9622777819054
2016,1137,1513.1702395109446
2016,1339,1379.5449919482455
2016,1326,1675.1015203545103
2016,1353,1262.6813504011461
2016,1119,1490.4596595575713
2016,1191,1624.1513351537153
2016,1199,1593.8148694186743
2016,1311,1343.9774761286894
2016,1419,1675.6375620076171
2016,1375,1438.3645976407104
2016,1366,1451.9903707962749
2016,1144,1300.9036897223227
2016,1355,1743.3909087696434
2016,1138,1645.49378642197
2016,1388,1745.1831886688408
2016,1264,1421.6716627031888
2016,1179,1245.4381848820183
2016,1423,1789.6784315281188
2016,1204,1445.6329283578232
2016,1276,1652.9973601054865
2016,1418,1514.4776063537051
2016,1399,1521.079678849614
2016,1126,1395.1722410700543
2016,1273,1408.5932814051894
2016,1182,1415.9431375957242
2016,1249,1224.2428430889534
2016,1254,1448.8628592756572
2016,1162,1611.5497847802158
2016,1152,1121.5010107792134
2016,1253,1641.0990348668076
2016,1287,1591.6356272180763
2016,1461,1403.4646410345608
2016,1328,1760.9458545418056
2016,1333,1636.3412216129884
2016,1293,1496.505553601118
2016,1292,1680.7303388484443
2016,1251,1431.5243757316102
2016,1315,1480.5801422539514
2016,1306,1559.5361895747756
2016,1167,1694.149256528507
2016,1256,1577.0235993754125
2016,1190,1661.1297044582548
2016,1324,1636.2327651381427
2016,1230,1550.2840711702363
2016,1405,1453.291605748437
2016,1443,1553.0842554264798
2016,1211,1776.7489883459914
2016,1222,1658.3865560614415
2016,1392,1719.07491148513
2016,1394,1686.3499161695268
2016,1415,1357.2134029618296
2016,1267,1540.5407076247593
2016,1108,1442.2053950240133
2016,1338,1629.595348374393
2016,1178,1500.9534342573704
2016,1255,1315.0608468122377
2016,1226,1457.2905297218304
2016,1198,1338.9101315503194
2016,1431,1495.3444795844346
2016,1402,1473.2224531667202
2016,1422,1479.1311515844905
2016,1114,1762.8831552527408
2016,1101,1360.16295701941
2016,1317,1372.6397695504024
2016,1209,1430.2721360814858
2017,1104,1606.267518535186
2017,1157,1510.136262646207
2017,1376,1598.7046118835578
2017,1256,1600.8505506722556
2017,1375,1412.2895168659034
2017,1424,1333.2716592142076
2017,1374,1913.0283715808387
2017,1205,1567.5016865894022
2017,1371,1734.5779230639375
2017,1192,1288.0246994711556
2017,1365,1558.6976374743815
2017,1319,1308.8682661330074
2017,1362,1549.9581448293195
2017,1227,1400.8343570320885
2017,1361,1568.745046793943
2017,1360,1389.3059235678302
2017,1351,1513.1792975503417
2017,1214,1415.3637427918693
2017,1348,1794.9850142022037
2017,1171,1357.2408935324124
2017,1345,1771.022387771612
2017,1270,1241.353120402067
2017,1342,1152.852065110979
2017,1202,1599.842448094732
2017,1339,1283.9690502744502
2017,1415,1231.2117374357163
2017,1338,1518.0866747324023
2017,1185,1425.4219196612612
2017,1337,1337.809492421888
2017,1142,1352.040992390006
2017,1335,1489.1967715667051
2017,1352,1447.6708968568169
2017,1333,1252.9394595417493
2017,1341,1368.7967798838988
2017,1332,1846.7640812169452
2017,1119,1422.9328690282898
2017,1330,1538.8362965846077
2017,1241,1405.473370393276
2017,1329,1666.5113580407155
2017,1144,1459.0891270221164
2017,1326,1522.8383067578366
2017,1298,1454.1942518402907
2017,1324,1640.7604096212194
2017,1132,1428.6524735136961
2017,1321,1652.1527580645977
2017,1290,1282.5480234143079
2017,1318,1456.3432179067624
2017,1131,1516.2990558638344
2017,1314,1807.3375738057327
2017,1408,1281.7096744915339
2017,1311,1357.103584328322
2017,1130,1328.3020576589893
2017,1377,1630.8465263656
2017,1179,1258.5806398843204
2017,1307,1525.6327494491834
2017,1226,1187.0608141729826
2017,1378,1249.0654534916214
2017,1197,1164.0621967774973
2017,1388,1806.5418633925292
2017,1305,1799.684959826969
2017,1462,1614.4029952542103
2017,1250,1611.6933039635258
2017,1460,1546.0965285806228
2017,1356,1534.2399043143932
2017,1458,1702.103762617649
2017,1146,1296.7762663240471
2017,1455,1852.2518917932937
2017,1354,1323.1027676517258
2017,1452,1751.7271642960698
2017,1291,1556.6415359710522
2017,1450,1450.8392856775454
2017,1286,1436.0592789295602
2017,1448,1663.9732424149531
2017,1347,1403.3846230398995
2017,1447,1454.5984448516708
2017,1163,1559.0235795572148
2017,1439,1699.3186128921307
2017,1263,1273.055586114453
2017,1438,1705.9841941291609
2017,1422,1699.7213603496375
2017,1437,1912.4231291255878
2017,1248,1314.5297704054037
2017,1434,1613.5506208393729
2017,1381,1205.2776937967392
2017,1433,1755.8413420119357
2017,1421,1619.4001758652014
2017,1429,1483.176085598895
2017,1414,1548.3492830040682
2017,1425,1643.3797541237157
2017,1285,1474.2453659518314
2017,1417,1843.510970136358
2017,1334,1366.9240113276235
2017,1412,1414.4333087039038
2017,1115,1195.9396142473772
2017,1403,1491.8592799384826
2017,1223,1559.7475593790357
2017,1402,1592.103948364668
2017,1194,1348.1086587949471
2017,1401,1548.9937954547518
2017,1322,1423.8989447525073
2017,1400,1427.8701914534042
2017,1230,1380.3858156899212
2017,1398,1444.2163831951555
2017,1413,1596.2699290053065
2017,1396,1465.2022450851894
2017,1247,1443.697230571566
2017,1393,1633.3149353436631
2017,1159,1375.3779924668295
2017,1390,1456.3448893332813
2017,1217,1565.515441408135
2017,1385,1539.5891113417567
2017,1126,1303.1673480812335
2017,1301,1448.5994803172248
2017,1204,1489.3483005027376
2017,1350,1677.0364419118553
2017,1440,1232.6590191301718
2017,1295,1531.9201096935633
2017,1117,1486.6392545576794
2017,1188,1189.175145306617
2017,1218,1383.6991551619783
2017,1187,1485.855357334778
2017,1212,1416.9464326836182
2017,1184,1388.2757405594157
2017,1237,1476.755024443237
2017,1182,1271.0130223186168
2017,1259,1409.5835261830455
2017,1181,1853.4512646722023
2017,1265,1307.7583713303486
2017,1173,1727.1985179901606
2017,1122,1389.2057489446097
2017,1166,1697.196579147769
2017,1282,1481.4371242856398
2017,1162,1381.6812564872366
2017,1392,1564.2439046605514
2017,1160,1593.9952187562642
2017,1170,1417.1692067719105
2017,1158,1695.1761392437547
2017,1154,1346.101519571304
2017,1155,1568.137380716498
2017,1208,1626.426252730466
2017,1153,1801.9133341333925
2017,1135,1360.1626262309378
2017,1151,1452.3587473373123
2017,1397,1514.277258180483
2017,1148,1218.4238438053937
2017,1216,1341.6463320388752
2017,1143,1609.3036847653136
2017,1355,1630.7771688425028
2017,1138,1568.0028296318583
2017,1310,1371.8844842245942
2017,1296,1369.3097527405112
2017,1232,1377.647011135712
2017,1127,1263.2080052585868
2017,1165,1353.9283447777796
2017,1124,1697.0201387089126
2017,1331,1327.8651008209818
2017,1123,1599.9208480852246
2017,1387,1448.0107178358958
2017,1120,1496.0134556757807
2017,1316,1504.5970363568492
2017,1116,1745.585540202271
2017,1236,1488.2050758288406
2017,1113,1528.816345644571
2017,1340,1366.9235514764994
2017,1112,1908.3099781454914
2017,1277,1619.1851542376448
2017,1107,1618.694848294693
2017,1336,1491.2530625053548
2017,1190,1746.1718538032617
2017,1200,1419.6750500186508
2017,1193,1525.7745357595884
2017,1357,1346.9757415190634
2017,1137,1694.849186724787
2017,1264,1340.7267683301754
2017,1201,1647.9363503346526
2017,1427,1413.4931190458399
2017,1196,1733.33468824106
2017,1195,1702.6328619855763
2017,1293,1419.6880833204482
2017,1229,1785.8498456087705
2017,1284,1767.827810435378
2017,1180,1285.3359802585137
2017,1283,1460.6105193937344
2017,1105,1107.011753725022
2017,1280,1462.3817899519931
2017,1313,1472.3257389184005
2017,1279,1615.2676095431252
2017,1404,1507.5472267383216
2017,1278,1715.8945054839248
2017,1418,1613.6936108967589
2017,1276,1798.4156161257663
2017,1224,1291.855372339518
2017,1274,1707.4622704415228
2017,1441,1307.7772744140243
2017,1268,1659.3561433016055
2017,1110,1323.4652593611975
2017,1266,1649.7089861210213
2017,1435,1706.764353268158
2017,1260,1442.783620317423
2017,1108,1497.9060315583895
2017,1257,1751.2740722224717
2017,1191,1477.8925267087775
2017,1269,1406.7861538978477
2017,1262,1337.7801700026898
2017,1243,1608.7705744303937
2017,1442,1315.115291597668
2017,1203,1639.17329767431
2017,1271,1397.5191530836576
2017,1210,1522.915921812012
2017,1399,1373.040851010648
2017,1246,1893.73378746991
2017,1372,1534.013030626284
2017,1220,1473.64505698187
2017,1164,1241.860996652179
2017,1222,1636.3165400483326
2017,1288,1372.666989028041
2017,1228,1584.3358712937656
2017,1369,1422.713308554698
2017,1211,1897.3336050296753
2017,1430,1460.8674384482742
2017,1234,1615.6802858331394
2017,1244,1470.4859518443002
2017,1235,1796.2758282538932
2017,1366,1413.935694194691
2017,1240,1581.93975530695
2017,1409,1463.4498031301976
2017,1231,1586.164678784492
2017,1242,1854.8441538454288
2017,1464,1399.0419605903255
2017,1103,1662.5432463951774
2017,1382,1585.026555440938
2017,1384,1475.3688244852792
2017,1443,1439.6144383405374
2017,1106,1219.9298172238111
2017,1436,1825.0591196577027
2017,1346,1292.8176448715449
2017,1426,1689.5828451471612
2017,1411,1637.9956372205475
2017,1406,1602.11990885998
2017,1206,1569.1121911980904
2017,1386,1341.634210914283
2017,1405,1497.2414337217274
2017,1325,1564.1652815076827
2017,1380,1367.7159163332856
2017,1245,1687.8118052408274
2017,1156,1314.197155747688
2017,1303,1576.7232673838953
2017,1364,1295.157141866254
2017,1323,1755.1277153177502
2017,1136,1368.4807273399874
2017,1172,1597.9310055118854
2017,1111,1349.2033836020669
2017,1213,1662.2212350882353
2017,1199,1731.7885088114826
2017,1149,1395.1104791816333
2017,1139,1699.4608249032337
2017,1294,1370.3987929429484
2017,1239,1398.7929967809318
2017,1176,1456.8942977631357
2017,1261,1328.1862842938972
2017,1459,1525.1507088663343
2017,1267,1573.4765755226497
2017,1300,1593.6535308199338
2017,1207,1462.2745280865486
2017,1367,1397.5103449339813
2017,1221,1414.2648340359187
2017,1349,1547.183679639035
2017,1353,1471.6885938982246
2017,1373,1596.6273289690105
2017,1420,1499.4756412989614
2017,1175,1255.3192324344866
2017,1169,1306.2702844602895
2017,1253,1450.689551635748
2017,1463,1579.4759122814385
2017,1449,1326.7387847818502
2017,1328,1447.2806436741926
2017,1410,1236.035224761701
2017,1304,1431.860693191417
2017,1161,1676.0620152495587
2017,1308,1695.1182079358593
2017,1174,1436.6753486139255
2017,1133,1452.5321789689556
2017,1177,1347.158706220493
2017,1273,1493.0046897118502
2017,1168,1496.9681607680861
2017,1145,1473.845788416648
2017,1255,1174.8639067537028
2017,1281,1355.3909048477128
2017,1287,1449.1868023841746
2017,1252,1587.2230247718605
2017,1383,1098.5549082559003
2017,1297,1691.508666513747
2017,1359,1484.5542672012439
2017,1344,1690.468250088211
2017,1453,1523.3682841066507
2017,1391,1316.9546906316943
2017,1198,1254.6070954429538
2017,1395,1544.216662275674
2017,1312,1344.9178275387399
2017,1407,1675.539369769796
2017,1183,1389.3473621006988
2017,1368,1412.145653210856
2017,1416,1659.3221475354082
2017,1423,1790.1129347772553
2017,1358,1478.824502906631
2017,1461,1477.009315881541
2017,1419,1328.3633526564906
2017,1444,1584.2256756482152
2017,1186,1539.2025082935422
2017,1102,1367.360909251829
2017,1209,1595.1559528576504
2017,1140,1651.8856520755276
2017,1343,1788.1980866569795
2017,1141,1358.4287255863208
2017,1370,1356.9605549878584
2017,1299,1067.8855563047653
2017,1178,1323.6166727809486
2017,1150,1376.5411966042063
2017,1189,1514.1396781274868
2017,1306,1571.5336706139285
2017,1258,1526.80347480266
2017,1456,1560.7548180556537
2017,1389,1615.2013739000236
2017,1272,1507.063771520276
2017,1451,1508.8740615398967
2017,1363,1415.4106324820568
2017,1275,1340.3958932454973
2017,1251,1533.6673855718982
2017,1125,1662.8200172587758
2017,1219,1398.1070551604737
2017,1457,1720.2450213551417
2017,1317,1227.1802544259042
2017,1233,1653.2885724835828
2017,1292,1803.9775176937544
2017,1167,1642.8863380207476
2017,1379,1293.8704702115365
2017,1309,1586.1332596554819
2017,1238,1356.8145934506813
2017,1394,1577.2822210117822
2017,1225,1535.241676139799
2017,1454,1391.3184431711666
2017,1249,1481.9489234177138
2017,1254,1508.3956001252504
2017,1431,1556.419352661953
2017,1152,1198.6196060063976
2017,1101,1399.1237868453038
2017,1129,1573.9884024896248
2017,1320,1492.0512465423049
2017,1428,1598.1811617874098
2017,1114,1406.9650978328023
2017,1315,1646.5924744366616
2018,1104,1610.8202791526141
2018,1272,1627.8592736618687
2018,1356,1582.4760125775163
2018,1457,1534.0207848371163
2018,1355,1789.2150113368027
2018,1414,1573.7080592995817
2018,1351,1637.8342640673095
2018,1214,1544.5374941821988
2018,1348,1709.5307318335995
2018,1421,1557.9022611375713
2018,1345,1781.6457352284856
2018,1188,1300.4601291146998
2018,1336,1650.4975579435788
2018,1144,1439.422854209256
2018,1333,1550.8278945555385
2018,1381,1428.6357225266743
2018,1332,1674.2462192795965
2018,1164,1164.7364718582587
2018,1330,1705.750635577858
2018,1406,1434.5202943938232
2018,1329,1648.3378229873251
2018,1337,1268.0367041037478
2018,1326,1717.1789182609004
2018,1352,1425.1271330592308
2018,1371,1649.3912682797395
2018,1192,1464.4421030335527
2018,1324,1454.486124734764
2018,1236,1469.234391408972
2018,1318,1677.9785953435598
2018,1131,1458.6434994803235
2018,1315,1405.8819857316716
2018,1407,1485.9576100466538
2018,1314,1782.5256427362674
2018,1320,1534.8506151456493
2018,1311,1593.4597552242467
2018,1410,1399.532746329519
2018,1310,1534.9316361384224
2018,1382,1768.039802884726
2018,1305,1720.7316802134949
2018,1225,1609.4268843182529
2018,1301,1650.29327158656
2018,1440,1286.712456353888
2018,1298,1510.8064776072897
2018,1338,1293.889944509298
2018,1297,1584.405208370282
2018,1190,1625.2943585459677
2018,1286,1296.0033864587613
2018,1303,1322.7343234809423
2018,1284,1415.9841275364843
2018,1137,1730.7049848592383
2018,1321,1431.9312418098941
2018,1259,1318.7233954982692
2018,1374,1483.942248539404
2018,1420,1693.5663819187976
2018,1376,1557.9944180508887
2018,1459,1568.933917921457
2018,1378,1367.8256631940142
2018,1194,1321.2641954293542
2018,1462,1833.5523896376985
2018,1287,1312.6897937998824
2018,1461,1543.5957482545507
2018,1151,1302.5168708321069
2018,1458,1564.281409774584
2018,1354,1247.7076994642973
2018,1455,1758.8558747252875
2018,1282,1370.2011719929978
2018,1451,1543.308678182549
2018,1429,1518.2944601044228
2018,1449,1551.3633419461135
2018,1125,1662.8125392079746
2018,1439,1663.4437405260821
2018,1178,1226.1947610482532
2018,1438,1948.9965334714996
2018,1422,1746.9256158345502
2018,1437,1887.8736675034102
2018,1162,1331.6889591702945
2018,1435,1488.8414527172722
2018,1122,1544.9585895982434
2018,1433,1506.0803151180837
2018,1212,1489.0258827358061
2018,1428,1656.78935521977
2018,1341,1442.1434812060802
2018,1425,1719.1749421283541
2018,1168,1606.9663516304727
2018,1416,1573.7543338210155
2018,1273,1577.702607439591
2018,1415,1321.7367182127784
2018,1143,1300.1729983529021
2018,1412,1556.7704195730319
2018,1239,1389.9276231911872
2018,1408,1397.7962878297303
2018,1254,1565.6981715677803
2018,1403,1701.518931690172
2018,1375,1353.0157432809617
2018,1400,1631.881344511842
2018,1322,1171.6784707535535
2018,1397,1784.3535033247053
2018,1342,1266.9934029189076
2018,1395,1651.7303044097907
2018,1419,1485.3575249049225
2018,1393,1605.9315190017774
2018,1165,1416.3023641240036
2018,1390,1619.7403653654953
2018,1142,1270.8539171615962
2018,1387,1521.6395004054148
2018,1370,1517.077795320706
2018,1385,1571.7807597668327
2018,1309,1435.7199224583705
2018,1283,1454.4944059929244
2018,1443,1683.049273498868
2018,1281,1628.4948885806755
2018,1235,1434.6807570031297
2018,1344,1713.5953189892514
2018,1223,1155.4874547470708
2018,1279,1418.81688527808
2018,1418,1681.5524866996711
2018,1204,1551.2719676458962
2018,1448,1425.3114941846623
2018,1203,1447.2821141344946
2018,1224,1276.568556436082
2018,1191,1456.5192762405138
2018,1117,1349.882282373147
2018,1184,1358.623990661428
2018,1349,1287.3107165749468
2018,1181,1765.0041661222458
2018,1189,1317.1687862987524
2018,1174,1395.509889329133
2018,1350,1484.0946525118827
2018,1173,1467.439657038999
2018,1123,1508.0647822173316
2018,1172,1754.111991392066
2018,1149,1490.2584932454977
2018,1166,1624.3542530565308
2018,1463,1552.1283548338358
2018,1163,1479.4394401947068
2018,1159,1568.6043034208303
2018,1161,1323.097625389579
2018,1170,1254.0691418276597
2018,1160,1561.6998579133474
2018,1294,1580.5389835961498
2018,1158,1752.4634950955085
2018,1373,1247.8422844898246
2018,1155,1683.8645381901406
2018,1441,1404.3372830461194
2018,1153,1886.0614682165433
2018,1366,1434.901997884068
2018,1139,1638.647283643572
2018,1244,1348.8752585309405
2018,1132,1408.1141605667754
2018,1180,1421.0802510606159
2018,1130,1585.4210362618896
2018,1263,1213.1351310360553
2018,1280,1626.7531496865124
2018,1106,1269.621219692152
2018,1124,1605.7841769499094
2018,1146,1498.0400649224298
2018,1120,1676.845590685857
2018,1313,1449.616142943906
2018,1116,1707.9933931374098
2018,1359,1312.9488398817746
2018,1113,1531.9335870397629
2018,1226,1414.9192973467048
2018,1112,1826.0879279204578
2018,1319,1221.763416133093
2018,1107,1549.4627034578052
2018,1233,1592.5481404695583
2018,1206,1484.1627503583015
2018,1248,1363.1479835050282
2018,1208,1597.4607383259506
2018,1136,1167.4394009005425
2018,1127,1271.6412711498328
2018,1288,1334.375137066059
2018,1213,1607.755344194536
2018,1197,1309.9889973774493
2018,1211,1862.4267841067929
2018,1411,1508.857821234844
2018,1278,1408.3445834812098
2018,1367,1161.7931234931366
2018,1277,1838.4937968168101
2018,1316,1407.342244532342
2018,1275,1465.7738257669153
2018,1200,1284.9072832236811
2018,1274,1716.9020661321324
2018,1205,1404.643662553222
2018,1269,1366.8550320104443
2018,1262,1392.63980793435
2018,1268,1562.8890002848455
2018,1392,1464.239169032295
2018,1267,1707.0866841689349
2018,1404,1294.7273250173416
2018,1261,1566.9243787420253
2018,1108,1267.3660495604076
2018,1260,1823.327440288712
2018,1460,1636.386527932353
2018,1253,1444.9961196321992
2018,1362,1558.1972606523534
2018,1249,1472.781969329173
2018,1409,1645.4472152985375
2018,1246,1765.4288837595118
2018,1430,1604.620521867372
2018,1266,1657.418854840439
2018,1291,1510.3003384547
2018,1242,1839.8947049985272
2018,1398,1462.7456547664965
2018,1216,1560.9912260826964
2018,1148,1388.4755907166962
2018,1243,1693.5571446527097
2018,1110,1217.4729993228357
2018,1218,1458.2475454962937
2018,1115,1392.484297336863
2018,1219,1369.517132742757
2018,1456,1568.9212295110121
2018,1220,1570.0016242304275
2018,1119,1279.7123503435653
2018,1221,1442.8904768579637
2018,1357,1319.2106871677358
2018,1227,1448.711411708287
2018,1300,1482.2590216262108
2018,1228,1447.2783893988017
2018,1380,1347.802144910764
2018,1232,1450.834789085968
2018,1231,1531.7082552823051
2018,1234,1479.3099627187983
2018,1152,1179.5607769296653
2018,1222,1793.9386172572101
2018,1270,1385.9359530446206
2018,1346,1406.548472379162
2018,1171,1289.818884493051
2018,1372,1712.18462308046
2018,1255,1236.0639662196572
2018,1340,1519.3547859893108
2018,1339,1275.7854864928931
2018,1364,1567.0025662070955
2018,1295,1420.4094816323493
2018,1388,1721.6045818607333
2018,1384,1525.9421546333306
2018,1426,1605.3476993143809
2018,1258,1420.2795510186033
2018,1405,1648.965513075059
2018,1386,1567.107393414828
2018,1417,1677.8532059291056
2018,1210,1472.7525203127543
2018,1424,1517.704751076438
2018,1447,1593.5928595137323
2018,1312,1363.7316099697966
2018,1325,1478.9864644607285
2018,1105,1108.9539490675108
2018,1401,1640.6981882786893
2018,1452,1727.3718048726544
2018,1323,1621.194610035725
2018,1177,1460.0331274982516
2018,1245,1529.8174912090865
2018,1464,1239.8877573564664
2018,1276,1878.1793481279312
2018,1304,1693.9759170767375
2018,1183,1423.4814043096203
2018,1103,1458.1388108620426
2018,1156,1435.2322603054442
2018,1138,1746.245917084795
2018,1145,1636.206224151665
2018,1140,1646.4946379573214
2018,1290,1183.1599006956533
2018,1133,1535.1650369425975
2018,1237,1370.9647654455018
2018,1193,1549.479643137416
2018,1335,1703.845126186835
2018,1195,1553.8871019382113
2018,1229,1607.3343797562577
2018,1247,1418.8808350191332
2018,1389,1448.8634214550377
2018,1250,1512.2228381643072
2018,1265,1262.750671466691
2018,1182,1383.5182205532503
2018,1383,1401.043960042257
2018,1360,1513.0685080758794
2018,1363,1221.4100436887388
2018,1347,1613.493350025448
2018,1328,1558.4499717650367
2018,1353,1457.9816843940798
2018,1186,1634.5563589110411
2018,1391,1279.2248751686445
2018,1198,1397.253116418998
2018,1176,1533.907362742247
2018,1154,1352.4521852280661
2018,1450,1421.963477110388
2018,1334,1429.6330604082086
2018,1271,1174.89376248111
2018,1252,1653.61904933671
2018,1102,1390.9089248347082
2018,1402,1383.135057857439
2018,1343,1405.4749566063106
2018,1299,1455.882307053626
2018,1257,1637.0733273497601
2018,1129,1629.404246395032
2018,1187,1356.1169914228933
2018,1207,1478.1577325008864
2018,1217,1610.916904549636
2018,1436,1700.4367103199872
2018,1377,1676.2434510572873
2018,1444,1468.9932882393557
2018,1241,1379.2109439122908
2018,1150,1234.707922497532
2018,1308,1743.651814807401
2018,1399,1490.5475901111101
2018,1331,1382.9648753182942
2018,1126,1443.1641813871488
2018,1413,1619.8582245349976
2018,1454,1431.0875504056767
2018,1368,1637.976705356293
2018,1135,1319.932925884309
2018,1101,1373.341823401375
2018,1394,1355.1811820261107
2018,1317,1379.2042527987985
2018,1175,1123.4564694237336
2018,1196,1644.3894456229214
2018,1201,1592.3716489472306
2018,1169,1214.1560483294843
2018,1167,1410.286659321466
2018,1292,1695.100301126299
2018,1293,1784.417800986542
2018,1285,1743.3540226528683
2018,1256,1435.6118258933627
2018,1369,1397.9542514766285
2018,1240,1569.4408440682612
2018,1141,1512.1757856910808
2018,1114,1269.1543282535042
2018,1238,1247.1203871697885
2018,1296,1423.0810721170967
2018,1453,1377.913421317327
2018,1307,1649.8489073117296
2018,1251,1524.4928707840463
2018,1306,1306.574948568081
2018,1157,1387.8614807177557
2018,1361,1760.7365625587172
2018,1199,1619.306337274806
2018,1202,1624.4523237082267
2018,1209,1649.735662881425
2018,1423,1451.0280117103955
2018,1427,1542.1954853917234
2018,1434,1448.1821495952336
2018,1442,1347.2894116041657
2018,1264,1441.6236978370591
2018,1365,1376.4625160696796
2018,1379,1467.7024596263575
2018,1396,1585.659777602068
2018,1111,1438.1449483641925
2018,1185,1659.4814160388069
2018,1431,1378.331269903726
2018,1179,1487.606842510058
2018,1358,1510.7234430880796
2018,1230,1187.6203199464237
2019,1104,1558.7000662476628
2019,1380,1270.3359037006007
2019,1385,1573.8601295870315
2019,1259,1383.3578653476836
2019,1378,1478.1560585681314
2019,1105,1153.0433998782203
2019,1376,1574.4602040328512
2019,1367,1153.7049891945853
2019,1371,1671.2685071700862
2019,1447,1362.455526959648
2019,1364,1546.537701967109
2019,1461,1284.2069253856012
2019,1362,1527.6083473603692
2019,1413,1352.0511240546748
2019,1361,1644.163104560975
2019,1115,1365.5696424285784
2019,1360,1593.661729484544
2019,1451,1431.7295672432203
2019,1359,1436.4904080618246
2019,1466,1336.199453409443
2019,1387,1683.1814711440597
2019,1369,1353.8827765270428
2019,1355,1631.5167681775315
2019,1213,1603.6152006576558
2019,1345,1725.29876368097
2019,1193,1286.1018102170817
2019,1344,1596.280838671921
2019,1373,1472.5633277071072
2019,1338,1407.6818546091486
2019,1464,1403.1202001700728
2019,1335,1584.4197708091872
2019,1206,1516.3158156030709
2019,1334,1389.499147582135
2019,1188,1330.614870461819
2019,1333,1525.8731840128632
2019,1415,1300.0382827819838
2019,1332,1736.803869035392
2019,1340,1469.3099780446607
2019,1330,1735.5607443221397
2019,1298,1482.9090925761166
2019,1323,1407.6060548597736
2019,1227,1455.1303155190492
2019,1348,1582.5038364359064
2019,1136,1334.7519817368268
2019,1314,1875.7590850587499
2019,1459,1877.3151942380857
2019,1390,1456.5764509809376
2019,1370,1497.3682174713456
2019,1393,1626.5516539126136
2019,1186,1541.0385201352456
2019,1462,1647.887752877623
2019,1237,1382.1906988942567
2019,1458,1726.5021445813477
2019,1164,1269.2863290721473
2019,1449,1710.3356215939382
2019,1443,1632.8239800627678
2019,1444,1281.5935091331228
2019,1178,1349.8857314042596
2019,1438,1887.75225000259
2019,1406,1315.5295260279975
2019,1437,1771.4245451541872
2019,1288,1169.00628779705
2019,1435,1287.740736331132
2019,1457,1490.5335423281438
2019,1433,1748.3127190551315
2019,1205,1665.4614011629499
2019,1429,1805.6021777245232
2019,1286,1436.2859757156493
2019,1392,1588.3967368476904
2019,1203,1305.8941456031305
2019,1425,1477.697591246437
2019,1352,1465.2925261602195
2019,1419,1507.9361453941033
2019,1238,1330.6934147940729
2019,1417,1526.155906570992
2019,1236,1448.6065897520243
2019,1416,1744.6110463523985
2019,1351,1440.0210257332806
2019,1414,1784.5277622865008
2019,1225,1162.7912787667879
2019,1412,1576.6237296451682
2019,1273,1391.484389287162
2019,1411,1538.6566381214614
2019,1124,1599.81410761165
2019,1409,1520.412971288126
2019,1108,1252.7253565917601
2019,1403,1779.6809062986517
2019,1230,1119.578815184557
2019,1396,1695.0866782022404
2019,1247,1409.79752701745
2019,1422,1760.6481370868341
2019,1299,1513.0797785281525
2019,1312,1514.0516215515413
2019,1159,1706.1859223512329
2019,1400,1541.2695694656504
2019,1183,1312.8089950299384
2019,1307,1405.5500727154415
2019,1169,1398.6026380178412
2019,1308,1847.4060317687647
2019,1295,1557.7278952135593
2019,1189,1378.1338581804866
2019,1264,1375.3085709786387
2019,1187,1324.985622110797
2019,1175,1164.2877432020712
2019,1181,1900.2716364813834
2019,1246,1828.2380614749682
2019,1176,1270.7662128211582
2019,1263,1184.2371855244112
2019,1172,1630.3901115593246
2019,1156,1393.5899769300634
2019,1166,1621.8682370432225
2019,1442,1312.0231053149062
2019,1165,1531.6809969001715
2019,1127,1355.0015241195076
2019,1158,1613.9049354607919
2019,1342,1464.1055929881331
2019,1199,1842.0920875115598
2019,1196,1654.3536922275482
2019,1155,1613.615249451481
2019,1154,1325.633261196443
2019,1148,1285.335840773308
2019,1216,1527.2441900597328
2019,1144,1575.3136493727127
2019,1423,1329.4217108300181
2019,1138,1882.85302085376
2019,1384,1532.0693503306413
2019,1131,1436.8388512436873
2019,1318,1729.6643031983522
2019,1130,1430.9315276315376
2019,1454,1232.4360969833099
2019,1123,1457.9940608514316
2019,1232,1423.394419509654
2019,1120,1830.482077586462
2019,1375,1500.7247027179235
2019,1119,1370.2942689402394
2019,1265,1312.553961287889
2019,1113,1663.6949350688997
2019,1168,1523.1745237940268
2019,1151,1378.8330886857018
2019,1150,1363.4974680853168
2019,1207,1598.971130170869
2019,1271,1216.7115812551237
2019,1197,1374.9194581336546
2019,1239,1307.3564211997389
2019,1211,1853.8058886180943
2019,1226,1320.045418112648
2019,1305,1757.193550548635
2019,1140,1616.91843883745
2019,1304,1562.9264558187435
2019,1290,1185.477526915224
2019,1301,1654.3985568269738
2019,1291,1362.6927304124013
2019,1283,1485.2163586712643
2019,1331,1348.865585268515
2019,1281,1502.8029316540699
2019,1146,1399.7913662406963
2019,1278,1640.9022784797512
2019,1303,1616.8827751249114
2019,1276,1774.300139766513
2019,1313,1536.8748076282807
2019,1272,1683.4977917868107
2019,1399,1248.0903435307011
2019,1209,1696.8205015640292
2019,1190,1644.5800465066457
2019,1268,1658.8906729610126
2019,1174,1421.6795499937443
2019,1269,1329.2575284671875
2019,1262,1395.586918909161
2019,1261,1809.5021534849873
2019,1368,1516.404280985777
2019,1260,1568.1666824156453
2019,1282,1405.7614995024067
2019,1256,1543.3129993570071
2019,1455,1649.5296076449802
2019,1250,1534.6837794180753
2019,1284,1465.9065328823426
2019,1242,1728.0562751722525
2019,1277,1866.7452179850834
2019,1235,1710.9834111133675
2019,1106,1319.7043722325748
2019,1231,1582.4021122490212
2019,1152,1155.5361262584927
2019,1229,1483.0915824646218
2019,1195,1464.4580294516513
2019,1221,1424.0534453506516
2019,1357,1465.0807376539833
2019,1266,1655.7976874144779
2019,1420,1568.503660485428
2019,1460,1589.9493768978716
2019,1441,1267.3297740624525
2019,1456,1501.6115940118138
2019,1219,1460.9042061867704
2019,1401,1511.082156551008
2019,1366,1300.7239148909603
2019,1395,1590.8633933036047
2019,1167,1412.3186689032018
2019,1389,1335.798351155332
2019,1248,1371.511988032441
2019,1388,1735.938483119468
2019,1270,1259.9497214506348
2019,1267,1568.9325494113853
2019,1184,1395.9181932150764
2019,1177,1515.2143535057987
2019,1126,1374.3871842564072
2019,1173,1622.2073543497672
2019,1316,1524.9658684494657
2019,1137,1594.2838410463899
2019,1382,1638.1236332833776
2019,1112,1464.0378511622946
2019,1223,1378.7739766197592
2019,1326,1566.8285581596613
2019,1153,1849.0890785102554
2019,1428,1574.595740529085
2019,1374,1509.3958976836248
2019,1322,1293.5212465096233
2019,1257,1626.9197229584972
2019,1311,1372.853833452948
2019,1234,1587.930022848618
2019,1228,1490.0910136432644
2019,1191,1314.8298276658477
2019,1163,1513.679548499826
2019,1287,1437.8021315924848
2019,1321,1385.2673021790686
2019,1309,1544.9945166518755
2019,1341,1654.6627722123933
2019,1365,1505.297821307741
2019,1240,1645.920292816903
2019,1353,1494.6810169352466
2019,1192,1630.2074086180207
2019,1347,1591.6912396519738
2019,1440,1390.986224376936
2019,1349,1409.7824976194233
2019,1328,1585.9496920088952
2019,1410,1548.1793715710642
2019,1217,1665.6818686025078
2019,1431,1244.6044770425617
2019,1336,1592.2999607711586
2019,1132,1617.1128962209928
2019,1402,1583.170804799456
2019,1102,1423.4985811312354
2019,1463,1694.0064486126705
2019,1143,1365.1073314385067
2019,1439,1719.1599379181814
2019,1436,1734.3599375212902
2019,1214,1481.4690264062924
2019,1386,1435.7402072031568
2019,1405,1702.2894981863092
2019,1324,1488.3060335567627
2019,1116,1536.2582708370028
2019,1397,1837.7226964157903
2019,1418,1528.2563169466534
2019,1253,1496.3904385562785
2019,1297,1652.9451874860802
2019,1296,1529.4065775757792
2019,1202,1682.4841911665708
2019,1149,1511.4541913797
2019,1185,1495.3561758976086
2019,1180,1376.0407327932578
2019,1171,1320.465099375621
2019,1157,1448.188366486685
2019,1208,1362.996975530173
2019,1300,1514.244445344495
2019,1141,1608.0580345255064
2019,1430,1688.6566672037234
2019,1110,1431.323555351584
2019,1101,1666.4229777398389
2019,1117,1399.6547021755014
2019,1285,1684.989411288246
2019,1210,1471.4862164632655
2019,1249,1554.1273578512441
2019,1452,1558.755359046866
2019,1220,1668.4644210975828
2019,1218,1465.3964759602882
2019,1339,1200.529896350081
2019,1280,1689.0970184857265
2019,1122,1594.3633391271105
2019,1274,1495.8448630986784
2019,1255,1342.6513743225441
2019,1350,1408.2699760441508
2019,1254,1471.901519994548
2019,1135,1590.5881009523098
2019,1306,1225.3493707241987
2019,1243,1769.970879166014
2019,1244,1230.9218409806763
2019,1241,1409.6485432440109
2019,1233,1605.8038054757146
2019,1107,1421.0241865398734
2019,1453,1485.9439587690288
2019,1356,1511.0468832888253
2019,1319,1342.5881650765975
2019,1315,1369.5060207603785
2019,1293,1800.4918971300272
2019,1279,1568.2514464124022
2019,1317,1448.567392508165
2019,1404,1423.2349667110977
2019,1407,1360.474599713359
2019,1354,1237.2021291638541
2019,1426,1593.0742244080238
2019,1320,1527.2113193514804
2019,1346,1431.882913132683
2019,1448,1429.8538965126945
2019,1381,1448.326919672659
2019,1363,1160.048575204834
2019,1103,1530.0994865699383
2019,1125,1747.1845634492133
2019,1133,1624.3665723226952
2019,1139,1532.3023759030013
2019,1275,1463.9114993175522
2019,1162,1463.2067106599577
2019,1161,1349.3907047376638
2019,1182,1478.2438035710054
2019,1329,1501.550982582304
2019,1258,1554.4318037296298
2019,1424,1511.846985221942
2019,1252,1662.6176381631908
2019,1398,1310.0438094025562
2019,1245,1609.229485115969
2019,1200,1289.2997505454339
2019,1222,1871.868773668059
2019,1129,1402.3133543829927
2019,1450,1335.7397176053132
2019,1379,1635.5638746598622
2019,1391,1256.943643831545
2019,1111,1378.6078313789048
2019,1142,1226.981095261069
2019,1383,1399.0610653993751
2019,1194,1450.3951196352398
2019,1408,1191.1141408337016
2019,1358,1583.4317761967764
2019,1325,1473.8521682288756
2019,1377,1403.2772990962458
2019,1394,1387.3417936213093
2019,1427,1544.1084826506296
2019,1310,1289.8825198176232
2019,1292,1407.3029412016226
2019,1294,1531.6969863966854
2019,1337,1517.7433797282347
2019,1421,1185.2207210035212
2019,1465,1494.2038849760006
2019,1372,1331.378563977359
2019,1114,1317.12939189785
2019,1145,1441.8546629345853
2019,1160,1638.638642542724
2019,1179,1626.4313998692392
2019,1198,1508.8567935816864
2019,1204,1593.2613419998445
2019,1212,1410.9035291629457
2019,1201,1636.9383761256959
2019,1434,1385.0138971526392
2019,1343,1519.2096608586633
2019,1224,1477.596316643749
2019,1251,1753.1906442399484
2019,1170,1422.1176826563806
2020,1114,1594.5298470059656
2020,1283,1566.059306641228
2020,1396,1440.6101053140087
2020,1180,1356.6644494513184
2020,1388,1750.53577644841
2020,1458,1756.2241264024908
2020,1387,1690.8241745204818
2020,1195,1326.2183027007586
2020,1386,1279.2637239380167
2020,1133,1666.0133343728141
2020,1378,1538.9295382141922
2020,1115,1140.762711187578
2020,1374,1537.2123791239032
2020,1240,1340.8042783495123
2020,1373,1677.8717431342957
2020,1110,1510.5782240051055
2020,1371,1718.0500759428714
2020,1447,1290.8559122916845
2020,1397,1585.4762500559905
2020,1421,1421.7227556576117
2020,1361,1823.6755237025254
2020,1411,1457.135746359651
2020,1351,1551.0746870890011
2020,1164,1348.756704957074
2020,1348,1675.388142536278
2020,1254,1441.6246116718075
2020,1344,1767.115386269577
2020,1357,1567.661515469319
2020,1336,1595.1403527734196
2020,1271,1140.7630217167725
2020,1335,1549.6065891140095
2020,1104,1532.7569821655661
2020,1333,1604.3554118107088
2020,1169,1542.844243331078
2020,1332,1764.787464143446
2020,1201,1415.268529042551
2020,1328,1643.2104014904014
2020,1427,1369.0301122583764
2020,1355,1591.5948040284347
2020,1410,1482.1750733622107
2020,1398,1443.5438922638189
2020,1105,1263.548441628794
2020,1400,1630.9141261601337
2020,1294,1669.6075585648969
2020,1403,1574.9444240824032
2020,1183,1474.4539020366988
2020,1465,1516.6936227375975
2020,1238,1476.34619198537
2020,1463,1674.3970445068037
2020,1392,1487.3207926807308
2020,1462,1582.048215735426
2020,1239,1384.7900323194144
2020,1461,1383.6816689171342
2020,1226,1300.5371135074681
2020,1456,1579.7112247413218
2020,1219,1281.5088770482485
2020,1455,1698.056071408001
2020,1303,1453.7939798125522
2020,1443,1623.7056673830343
2020,1399,1308.6044182183257
2020,1439,1443.854339469589
2020,1155,1595.457417393124
2020,1437,1804.1273926700765
2020,1119,1473.7083687252925
2020,1434,1601.1328585686442
2020,1405,1528.0505201066403
2020,1433,1508.5463861797462
2020,1384,1613.8342461154425
2020,1429,1729.6482330619738
2020,1286,1469.066424425048
2020,1428,1514.618631168636
2020,1305,1588.0347161395994
2020,1425,1699.1178135208716
2020,1197,1457.1859737748143
2020,1424,1613.9526516136268
2020,1236,1384.3406406176612
2020,1415,1423.252856717405
2020,1304,1255.3546847943799
2020,1414,1613.1680250042639
2020,1360,1311.0984812929523
2020,1409,1676.4152915974464
2020,1223,1211.573570435972
2020,1406,1594.0477415834196
2020,1203,1366.7918659084326
2020,1325,1548.4307835553032
2020,1382,1569.9432563533774
2020,1320,1673.2311879789956
2020,1330,1429.5523138333663
2020,1422,1620.245520711897
2020,1299,1496.027079247593
2020,1287,1324.0797414181745
2020,1359,1298.2954157452318
2020,1196,1628.141823055904
2020,1316,1581.5502969216086
2020,1187,1395.0472704722633
2020,1440,1325.3122686066006
2020,1184,1501.6001604484863
2020,1151,1584.0129437739367
2020,1182,1621.957916567866
2020,1343,1518.6514597838518
2020,1181,1733.4495114207684
2020,1242,1923.285638201565
2020,1177,1528.8924175306581
2020,1108,1426.8310688511153
2020,1166,1802.2925629809768
2020,1244,1083.5230075356333
2020,1165,1345.2309042994882
2020,1127,1337.3130542096194
2020,1318,1527.4392922111715
2020,1131,1634.8986731075868
2020,1161,1557.6264765524477
2020,1176,1248.9752065617781
2020,1144,1380.0791299827067
2020,1157,1449.7948496127112
2020,1143,1532.0734166111
2020,1337,1541.7480741524594
2020,1140,1757.9189989775848
2020,1168,1357.3989275518359
2020,1137,1448.3958835092724
2020,1193,1352.7143114349321
2020,1135,1531.8541844372644
2020,1136,1413.9718318301586
2020,1124,1779.1897441787999
2020,1146,1349.913000721208
2020,1120,1712.9975145865706
2020,1204,1569.8992885988703
2020,1116,1572.3738975086508
2020,1349,1399.457706016544
2020,1158,1486.6871415439139
2020,1367,1361.496162838759
2020,1202,1693.9487643816642
2020,1205,1527.5027273802514
2020,1200,1320.1750641174704
2020,1383,1368.91236731841
2020,1208,1513.8747627625482
2020,1441,1562.7454260985264
2020,1284,1509.2967373896674
2020,1250,1455.6871526276611
2020,1280,1664.611676284765
2020,1198,1508.326864169312
2020,1278,1530.535816673985
2020,1156,1342.3440923633245
2020,1276,1613.2600876035547
2020,1111,1521.9062456349332
2020,1272,1638.9513807460746
2020,1354,1241.937730007946
2020,1269,1534.0086869915647
2020,1262,1418.5150853709458
2020,1268,1726.4014437197532
2020,1221,1158.9307184048384
2020,1266,1566.385195983973
2020,1259,1433.8854055140519
2020,1206,1474.0176447936797
2020,1298,1409.2025311296788
2020,1257,1708.0226549437766
2020,1274,1516.5401105926003
2020,1260,1630.8251473825292
2020,1413,1434.244561222651
2020,1246,1819.5505098600918
2020,1277,1768.0684932464285
2020,1243,1428.5991755117395
2020,1295,1702.4217699232236
2020,1235,1411.4703714724199
2020,1290,1178.2684882921556
2020,1231,1588.966444882697
2020,1442,1183.6507494722337
2020,1228,1682.97502553388
2020,1311,1568.269567669763
2020,1216,1520.1940530924003
2020,1148,1203.7082307950875
2020,1211,1913.680775462538
2020,1106,1262.409877856921
2020,1210,1658.0205203110722
2020,1301,1618.8736424624178
2020,1248,1541.8654388057328
2020,1162,1210.0110824333253
2020,1363,1255.3007761729382
2020,1220,1725.8296285714082
2020,1364,1586.839286191667
2020,1376,1574.711249599804
2020,1466,1389.281291483914
2020,1385,1593.276916195849
2020,1273,1558.1134463531807
2020,1390,1549.6444533489955
2020,1285,1544.4638068654594
2020,1444,1390.6672052656254
2020,1270,1361.5143310391263
2020,1408,1399.572110416286
2020,1368,1239.003278363153
2020,1417,1709.7701396589878
2020,1253,1341.7038550688578
2020,1435,1404.0298348038564
2020,1369,1185.9145241818899
2020,1438,1796.978370027252
2020,1393,1587.3894385939923
2020,1345,1586.5848255456685
2020,1453,1514.5051582930002
2020,1401,1621.2791116848937
2020,1322,1462.6473726701415
2020,1338,1447.842994395233
2020,1199,1807.198514296329
2020,1241,1249.3060913407194
2020,1150,1519.0557841261034
2020,1326,1699.5862536903398
2020,1153,1706.7704621317184
2020,1314,1511.3493256187214
2020,1323,1633.3429015980196
2020,1281,1533.2505102903565
2020,1230,1256.7588858424042
2020,1263,1363.7105896234575
2020,1467,1564.933650049047
2020,1256,1653.9669699503938
2020,1394,1401.2132115512084
2020,1229,1373.681139742053
2020,1125,1755.230149031186
2020,1207,1466.6393563402287
2020,1291,1336.0564051011438
2020,1159,1621.2697410982732
2020,1312,1301.1173196027478
2020,1139,1700.9073326056755
2020,1237,1218.3737590135781
2020,1130,1432.734842384865
2020,1448,1459.9127783190347
2020,1112,1612.475436840522
2020,1319,1440.296234740486
2020,1329,1655.6740796381123
2020,1331,1496.8253099524206
2020,1457,1630.232157577442
2020,1450,1499.5898880564346
2020,1370,1466.1122893643071
2020,1412,1515.9871122873665
2020,1407,1275.5592747683102
2020,1353,1637.796743255116
2020,1102,1385.8576834832932
2020,1179,1524.88617291291
2020,1342,1270.1765129219236
2020,1267,1564.8115127316366
2020,1352,1602.3617165911867
2020,1365,1461.639439205589
2020,1142,1245.2116772021552
2020,1149,1325.2076010964563
2020,1423,1319.1076050020642
2020,1217,1654.784133216939
2020,1350,1748.8784365090526
2020,1175,1218.3056311870864
2020,1356,1479.4254352332407
2020,1377,1503.2273141137832
2020,1334,1635.6650170661624
2020,1317,1632.3480871083088
2020,1436,1722.6549867909882
2020,1449,1474.7286907710352
2020,1452,1632.091248230686
2020,1103,1721.2356173921946
2020,1321,1357.0512740166735
2020,1339,1214.1095881191784
2020,1297,1642.1117345575578
2020,1451,1375.1839267701591
2020,1279,1492.62998957301
2020,1117,1376.1659933225083
2020,1358,1422.6077487674238
2020,1172,1598.8810206108685
2020,1160,1552.038879921669
2020,1113,1643.770288129166
2020,1163,1677.9749165211585
2020,1174,1579.342272651443
2020,1324,1446.0083849770524
2020,1192,1430.7943683389528
2020,1310,1434.8231466053671
2020,1255,1424.5587812914202
2020,1171,1401.9590686323402
2020,1138,1574.887416691605
2020,1213,1425.4814972816534
2020,1194,1452.6649873760962
2020,1218,1432.656780423411
2020,1227,1536.0717000917816
2020,1265,1254.6163827882092
2020,1261,1654.668347077563
2020,1132,1576.6505792915923
2020,1234,1629.740511918697
2020,1188,1263.2975348283856
2020,1251,1701.2210648900993
2020,1347,1586.6765224116996
2020,1381,1459.584915536599
2020,1375,1653.2398544999273
2020,1379,1279.1234222822284
2020,1372,1777.1105096637887
2020,1300,1561.635707373659
2020,1362,1666.6225636043123
2020,1167,1326.1368191314584
2020,1426,1440.9578289315334
2020,1288,1354.445590627027
2020,1460,1626.3403771086341
2020,1275,1446.716870954443
2020,1459,1540.1884736876548
2020,1454,1287.336645084886
2020,1122,1572.2485215932686
2020,1129,1627.9038205893564
2020,1391,1430.3410639478616
2020,1154,1189.8157490152141
2020,1419,1336.0109787982465
2020,1418,1435.802795685455
2020,1416,1546.6582318298767
2020,1341,1514.2214031639803
2020,1225,1254.1365165569248
2020,1126,1468.0177361815245
2020,1420,1498.0245135485536
2020,1282,1495.5102646838143
2020,1224,1134.4540911855927
2020,1191,1221.385138367865
2020,1123,1577.5789084765152
2020,1190,1825.1935015986276
2020,1404,1244.8128336428151
2020,1430,1347.287576896034
2020,1173,1914.2247989805214
2020,1232,1596.6654603423556
2020,1309,1261.5617332644777
2020,1145,1362.951928960626
2020,1402,1637.2636002274585
2020,1209,1494.6954247346978
2020,1186,1708.0231579715255
2020,1340,1595.8066589667787
2020,1307,1459.4124336736106
2020,1306,1453.991068646208
2020,1258,1394.3727841768855
2020,1293,1631.4861736172459
2020,1380,1563.9364409563786
2020,1296,1531.911631129782
2020,1152,1126.3288175099258
2020,1107,1357.2078078153995
2020,1292,1283.8865092994765
2020,1252,1542.4694135367145
2020,1247,1492.9683908056888
2020,1233,1438.3117957877787
2020,1178,1323.7639774925094
2020,1141,1366.4253396715258
2020,1101,1569.6376381012085
2020,1464,1460.53604969514
2020,1245,1539.7066284963682
2020,1189,1457.3519223330059
2020,1395,1478.199971861362
2020,1431,1448.1124938626137
2020,1308,1759.6843549064436
2020,1249,1469.7332226595
2020,1313,1472.7259221097931
2020,1264,1360.6681818537247
2020,1222,1725.4895299578325
2020,1315,1472.9922254541414
2020,1346,1464.5449615876796
2020,1389,1613.6955906062008
2020,1212,1408.942232755961
2020,1214,1445.9084570454409
2020,1170,1466.2962016746128
2020,1185,1416.6783825624418
2021,1101,1702.2929760616635
2021,1190,1512.0088190835313
2021,1365,1531.2461422476001
2021,1226,1420.2390310033288
2021,1361,1835.5849748352769
2021,1417,1582.2843062210964
2021,1353,1559.353117524716
2021,1357,1488.9407900109243
2021,1346,1389.2275297912627
2021,1192,1421.9327658919522
2021,1345,1653.7535002273926
2021,1251,1714.4244558815772
2021,1344,1509.9380916855384
2021,1193,1505.4920188034816
2021,1337,1536.9251691225393
2021,1414,1629.571731501921
2021,1370,1449.178266002881
2021,1339,1262.852378953018
2021,1334,1496.8862975619145
2021,1415,1606.2685610231824
2021,1329,1747.5867163625237
2021,1426,1443.3374671150407
2021,1326,1700.1266335827477
2021,1229,1294.436343251252
2021,1325,1681.7443762915252
2021,1152,1317.3088187558465
2021,1314,1645.9423619036272
2021,1158,1418.9301941705617
2021,1311,1626.0234508283943
2021,1413,1536.67751122628
2021,1305,1632.6211928908685
2021,1295,1531.5574495922717
2021,1304,1344.7953945704946
2021,1270,1289.8750396503112
2021,1333,1686.5395286760909
2021,1143,1368.6865719353698
2021,1374,1605.635689186704
2021,1358,1543.4740955333589
2021,1375,1546.8840072466453
2021,1194,1517.9096504197464
2021,1384,1325.8031508621546
2021,1338,1412.579127289546
2021,1462,1509.5871377933915
2021,1324,1492.53092793686
2021,1458,1549.3061843074993
2021,1183,1341.1390825710305
2021,1452,1629.8749420496029
2021,1355,1568.2043876622974
2021,1450,1467.4330998258883
2021,1411,1680.190056262133
2021,1448,1323.703200369378
2021,1175,1266.511440304273
2021,1443,1682.9388820265208
2021,1320,1471.558637772182
2021,1441,1423.965888469887
2021,1423,1363.6910759905645
2021,1439,1596.6939919084637
2021,1347,1459.3677768719042
2021,1438,1700.2532565965955
2021,1406,1330.8482227932307
2021,1437,1617.9552596826782
2021,1130,1314.7287677525253
2021,1433,1667.2634785982368
2021,1429,1719.339554928477
2021,1425,1696.6513388905435
2021,1465,1427.5951878928677
2021,1412,1659.709103231068
2021,1108,1389.6242348866274
2021,1403,1600.8401024176997
2021,1322,1447.7693244395105
2021,1400,1727.3301734104837
2021,1410,1327.9808027796048
2021,1387,1610.5991294664193
2021,1188,1333.616058238564
2021,1385,1572.9174282715517
2021,1389,1476.0101290929902
2021,1301,1573.817002774194
2021,1149,1275.4050488413245
2021,1298,1670.8212371560953
2021,1203,1399.969085268629
2021,1395,1411.8674912325093
2021,1223,1272.9449123109634
2021,1291,1583.8525611270138
2021,1288,1511.6613391430644
2021,1207,1660.526184118581
2021,1420,1588.925068210702
2021,1195,1445.7770325779998
2021,1197,1391.9404194646947
2021,1179,1699.5645902345996
2021,1243,1444.535325125244
2021,1172,1594.4591323238242
2021,1219,1387.5454453447578
2021,1163,1647.0366533097813
2021,1148,1354.1679885756344
2021,1160,1714.107113630888
2021,1377,1483.323892818978
2021,1155,1607.4307004370594
2021,1280,1523.651798621019
2021,1209,1651.7078212345423
2021,1210,1721.5083547095492
2021,1139,1508.1985384651223
2021,1444,1322.7569112365798
2021,1122,1405.5096024317663
2021,1303,1282.4948120606077
2021,1116,1746.775829990468
2021,1290,1224.8375336093773
2021,1114,1351.6874939054758
2021,1341,1658.8237734647166
2021,1113,1508.1471460315734
2021,1348,1411.0903219255179
2021,1111,1598.145205931331
2021,1354,1215.3619819161804
2021,1104,1811.6924813038795
2021,1240,1616.5576907190543
2021,1297,1561.5621433992173
2021,1123,1460.0799355828954
2021,1133,1383.081630238692
2021,1405,1619.0969812151025
2021,1213,1602.2582128704664
2021,1212,1467.5485014402066
2021,1184,1645.492989392084
2021,1316,1405.5905618507068
2021,1227,1350.4862851410155
2021,1296,1287.8855095421263
2021,1286,1490.1459406453025
2021,1424,1451.4643314040557
2021,1281,1594.3402947980114
2021,1331,1586.552122220644
2021,1278,1406.761095273715
2021,1453,1392.8201885700812
2021,1277,1601.1908117780742
2021,1185,1366.5386909276165
2021,1222,1814.706949742705
2021,1249,1447.6710343281095
2021,1275,1513.113373910963
2021,1315,1379.9285033100496
2021,1272,1662.5711081626537
2021,1388,1612.4306953325383
2021,1268,1573.1169382145204
2021,1330,1620.598573282887
2021,1266,1526.3698434780697
2021,1115,1261.591496625291
2021,1276,1743.6698050936286
2021,1132,1510.1220706992292
2021,1258,1585.971373174034
2021,1381,1634.4104225225028
2021,1257,1572.293694516207
2021,1191,1429.1476186535149
2021,1246,1475.1900810575592
2021,1287,1784.0318758839596
2021,1236,1390.3828646285676
2021,1368,1306.5550089118435
2021,1234,1717.2646275438167
2021,1300,1358.4561414763075
2021,1231,1451.1962870586563
2021,1399,1325.409253697887
2021,1262,1534.7814623687545
2021,1362,1445.8752430542652
2021,1228,1843.3152833135964
2021,1299,1511.2967026759452
2021,1247,1377.1838523090958
2021,1317,1679.5397258414278
2021,1140,1726.9264617684835
2021,1309,1419.0148574111977
2021,1380,1440.4853953740142
2021,1261,1690.1506877601691
2021,1211,1899.9005275552036
2021,1242,1708.9227245162754
2021,1125,1736.0923190272551
2021,1224,1436.185292025549
2021,1120,1515.7016273011523
2021,1386,1421.1862718349323
2021,1292,1329.5526521241038
2021,1350,1501.5376764488246
2021,1349,1496.1967917902655
2021,1230,1238.4467879436722
2021,1393,1633.682962692888
2021,1136,1592.3973947137474
2021,1408,1453.8905287347598
2021,1422,1716.1609417743466
2021,1421,1491.198089491135
2021,1435,1446.970725053988
2021,1434,1418.36811268788
2021,1255,1495.3649656199266
2021,1313,1610.648002168477
2021,1241,1548.5758194397172
2021,1407,1376.136338506856
2021,1112,1597.7659953533641
2021,1206,1557.0702711547729
2021,1138,1653.2437647357042
2021,1216,1616.5856057220274
2021,1187,1378.5050509498215
2021,1150,1364.1164319643258
2021,1119,1488.0423969504632
2021,1129,1595.3652784358678
2021,1273,1596.0095594069526
2021,1267,1597.3855000836868
2021,1117,1451.6041609462768
2021,1371,1521.6580035821046
2021,1256,1679.0704792798956
2021,1336,1504.0862537319724
2021,1440,1526.3877143127215
2021,1402,1639.5830259161198
2021,1394,1237.001036591878
2021,1180,1627.5316641850648
2021,1378,1426.4728495012039
2021,1369,1465.5319641166175
2021,1282,1394.409800548109
2021,1409,1400.6045814170238
2021,1427,1541.931194399736
2021,1285,1518.7704956147738
2021,1186,1663.2365848914176
2021,1461,1538.3814378522752
2021,1456,1434.461722345745
2021,1102,1248.355258126732
2021,1169,1378.3734811843187
2021,1124,1810.8417783360674
2021,1418,1531.7565379137866
2021,1430,1463.394913039835
2021,1181,1578.3008244916816
2021,1164,1473.8682507183912
2021,1189,1558.5751719634711
2021,1141,1313.109467363258
2021,1239,1390.8348547812386
2021,1379,1284.6419340807606
2021,1376,1389.5148939215744
2021,1252,1429.7902276641794
2021,1323,1482.4516530578742
2021,1202,1567.3864857253877
2021,1367,1308.2411065455292
2021,1220,1530.3834209942663
2021,1401,1427.619258964024
2021,1274,1454.1551644721146
2021,1449,1332.1712580162105
2021,1166,1668.7428010293106
2021,1208,1488.5203167256461
2021,1105,1363.2022438631902
2021,1359,1337.689209325809
2021,1235,1236.5000834287925
2021,1416,1560.085164337998
2021,1390,1467.7049019992085
2021,1233,1641.0897221233458
2021,1182,1511.8131756505825
2021,1151,1584.1522723797273
2021,1156,1664.3466496557412
2021,1392,1389.3442979431536
2021,1457,1781.6073452637004
2021,1306,1475.4326330054475
2021,1173,1574.5469092694332
2021,1198,1237.4945157232362
2021,1214,1406.4079020023694
2021,1356,1416.9740128766866
2021,1167,1509.3710439695897
2021,1455,1669.8843747238216
2021,1404,1363.5171856843433
2021,1244,1269.3808138939385
2021,1469,1350.230819625474
2021,1470,1455.8034512990198
2021,1293,1441.3899103553385
2021,1321,1429.7016531575355
2021,1153,1603.4311381105938
2021,1196,1578.5744784222663
2021,1199,1643.8421774951407
2021,1342,1290.2107519743986
2021,1332,1725.0221986994936
2021,1328,1555.9280073885575
2021,1310,1490.0874296971442
2021,1428,1520.0490537830535
2021,1170,1390.6473978171753
2021,1225,1195.4141158665511
2021,1419,1332.0495755953295
2021,1442,1353.1642639393258
2021,1154,1471.308356080613
2021,1460,1639.2353828093658
2021,1142,1269.732874664447
2021,1372,1597.1459508278729
2021,1245,1567.5732277837456
2021,1391,1422.8989937290269
2021,1178,1543.1446063939961
2021,1468,1538.2947686394978
2021,1253,1381.3290560775602
2021,1146,1288.5497061254393
2021,1340,1374.4403838626347
2021,1351,1355.8745330275983
2021,1265,1506.5161058664505
2021,1127,1365.626828963725
2021,1204,1421.7368360303635
2021,1176,1142.6722500314113
2021,1364,1760.5999406071246
2021,1459,1585.5248120904712
2021,1157,1545.2155594081787
2021,1319,1376.44309331875
2021,1447,1588.8595861952638
2021,1431,1471.631942774123
2021,1397,1608.7795644158773
2021,1174,1452.2796077893363
2021,1238,1579.4204870703331
2021,1398,1251.0335211408772
2021,1383,1471.3336521102885
2021,1144,1589.1505487365955
2021,1360,1373.2173816530358
2021,1260,1796.4511188944775
2021,1205,1456.3440678436816
2021,1466,1483.6397912164678
2021,1279,1588.3868159510253
2021,1264,1388.7224002656217
2021,1363,1322.6649003346643
2021,1269,1516.2613006579425
2021,1318,1523.7661554385859
2021,1145,1516.7946158532368
2021,1454,1490.3352862860336
2021,1232,1580.3268505344197
2021,1237,1454.8440696805178
2021,1464,1449.9651770552614
2021,1307,1294.2937796422984
2021,1451,1610.4940235201207
2021,1161,1663.8462036533467
2021,1294,1407.0491428595792
2021,1382,1720.5250922750563
2021,1103,1572.3742414108071
2021,1284,1540.3541832355318
2021,1254,1444.117188266131
2021,1352,1274.7982092279658
2021,1107,1462.7713988526737
2021,1396,1387.1019693826374
2021,1312,1342.1492303571645
2021,1283,1586.6944062836424
2021,1263,1416.3028772079178
2021,1436,1561.8830917424564
2021,1177,1388.636495494228
2021,1308,1541.4918377706822
2021,1201,1503.6341981023493
2021,1200,1305.928715200834
2021,1168,1371.916456475674
2021,1137,1490.4813000180225
2021,1159,1742.3373985976773
2021,1250,1356.0164495532786
2021,1248,1482.2113710495103
2021,1106,1289.5923652772028
2021,1373,1560.1011408270715
2021,1131,1456.800241727158
2021,1221,1424.8945069899348
2021,1467,1463.8981363438195
2021,1218,1490.308283825788
2021,1471,1441.6004146523512
2021,1110,1490.83826167807
2021,1259,1506.5409440365618
2022,1104,1588.5832472233596
2022,1256,1660.4726498335838
2022,1385,1554.6620501816938
2022,1290,1114.49924122806
2022,1382,1657.6549383316385
2022,1373,1493.46331388637
2022,1378,1309.029270562194
2022,1126,1308.1779102180026
2022,1376,1570.4715268844182
2022,1367,1467.7991408760406
2022,1374,1704.99095910087
2022,1270,1262.8245405471805
2022,1369,1443.710725989898
2022,1283,1649.7116700016259
2022,1365,1660.2663366886031
2022,1168,1642.6959255355648
2022,1362,1668.2473305146227
2022,1254,1544.7282192664857
2022,1361,1764.689243644344
2022,1415,1483.2176443430453
2022,1357,1310.1988402591262
2022,1247,1443.2298272091618
2022,1355,1831.5707335644965
2022,1133,1562.7400644145773
2022,1350,1736.691220112728
2022,1300,1425.5988190424675
2022,1386,1361.9223531838093
2022,1271,1364.9402840934135
2022,1349,1421.9118058433617
2022,1337,1250.4372833840712
2022,1345,1766.957463206632
2022,1468,1597.1056557995923
2022,1344,1765.385948634379
2022,1193,1449.9062641973223
2022,1333,1200.346460832854
2022,1340,1504.8885864960753
2022,1332,1540.6443250881111
2022,1411,1592.2503725779522
2022,1329,1614.5158644569235
2022,1426,1374.0766107971606
2022,1328,1630.202442539109
2022,1322,1262.4769893829105
2022,1326,1571.7146282838935
2022,1103,1708.7925188211002
2022,1325,1555.6699834433243
2022,1125,1686.5445588699479
2022,1321,1513.668151362272
2022,1183,1183.128600469433
2022,1314,1728.855595062713
2022,1259,1343.906911058521
2022,1311,1544.4785751737002
2022,1320,1669.0788467776172
2022,1308,1745.5847219004752
2022,1414,1537.7024793806268
2022,1348,1408.0005975650804
2022,1131,1525.218117166585
2022,1387,1679.9490554123047
2022,1146,1375.1102423960547
2022,1388,1775.1609935169338
2022,1341,1326.4465453287726
2022,1390,1497.2493158125303
2022,1470,1434.1757588104033
2022,1471,1395.1016564759175
2022,1143,1407.1085139491358
2022,1462,1490.2146699019552
2022,1310,1491.5328932440066
2022,1458,1737.4744563985028
2022,1383,1346.169061781423
2022,1455,1489.468972776887
2022,1240,1583.8630478596954
2022,1454,1289.5104562114852
2022,1315,1192.1107355330428
2022,1452,1507.7488692881104
2022,1324,1485.9627660348967
2022,1450,1571.4910166681186
2022,1108,1545.9282008355294
2022,1447,1598.6348792976185
2022,1216,1439.9513690019646
2022,1443,1580.632043619551
2022,1106,1329.5758824964037
2022,1442,1392.153718058014
2022,1304,1441.9764816870113
2022,1441,1372.1259133167664
2022,1132,1345.0290610114744
2022,1439,1767.8907615710714
2022,1263,1237.530552055406
2022,1437,1872.9753274934783
2022,1291,1420.212717025143
2022,1433,1696.880849381412
2022,1389,1668.9341080553843
2022,1428,1379.0124951049618
2022,1101,1648.0795331674976
2022,1425,1711.3065966326214
2022,1169,1236.5827825747524
2022,1422,1504.1271364423574
2022,1299,1333.9600922474024
2022,1417,1772.1897590946342
2022,1167,1274.0775693318383
2022,1413,1466.39457977602
2022,1429,1552.689916159767
2022,1412,1758.3556378774592
2022,1421,1398.3466952532265
2022,1408,1571.697264580421
2022,1368,1536.138192147487
2022,1406,1707.4019164269653
2022,1107,1410.6469460084381
2022,1405,1698.425377068406
2022,1434,1408.9096322026558
2022,1402,1674.158713574148
2022,1230,1226.1087891310192
2022,1400,1649.688223571963
2022,1223,1327.21389318777
2022,1397,1881.08006704243
2022,1404,1222.6465878014944
2022,1393,1541.0112441607785
2022,1248,1318.8860588285638
2022,1305,1487.9770513154078
2022,1186,1514.6841723979367
2022,1301,1342.6847719664665
2022,1137,1360.7218427847397
2022,1403,1744.6015357424255
2022,1316,1441.5040973290986
2022,1296,1367.6445700890065
2022,1449,1568.6084296894767
2022,1181,1780.2571532689685
2022,1246,1798.7747355047961
2022,1173,1708.4974325455016
2022,1227,1453.6685860688387
2022,1166,1718.5306080614632
2022,1115,1215.2001197222094
2022,1165,1459.2666673482356
2022,1127,1417.3149214126192
2022,1163,1731.5932289970233
2022,1148,1269.6086667838135
2022,1161,1786.6286404816997
2022,1331,1524.2375580012608
2022,1160,1652.6000122927865
2022,1286,1739.8033520604365
2022,1159,1707.281031179372
2022,1318,1313.5888303905654
2022,1155,1537.2259223170627
2022,1342,1269.687737313892
2022,1154,1449.5118835596452
2022,1338,1396.7930964882605
2022,1153,1471.4155509025966
2022,1191,1221.6297365962498
2022,1152,1268.342002746786
2022,1472,1282.233331526269
2022,1182,1228.9664932117964
2022,1351,1506.0396056545371
2022,1151,1751.7710140747142
2022,1258,1371.743167627479
2022,1140,1589.7139105769359
2022,1156,1483.2665343293622
2022,1139,1492.8253472584927
2022,1237,1102.3733225574222
2022,1130,1451.5495224909578
2022,1171,1437.3228511574896
2022,1129,1838.1195698688493
2022,1430,1556.6418680853092
2022,1120,1760.2011268611068
2022,1287,1593.4892124097826
2022,1116,1771.6247683998838
2022,1273,1452.3511407113194
2022,1114,1337.0155234338092
2022,1356,1513.85437831756
2022,1113,1581.8782371289724
2022,1339,1543.046819285971
2022,1112,1900.4308637179242
2022,1319,1229.2699065261343
2022,1110,1344.6084146502292
2022,1265,1459.9852346356247
2022,1105,1407.120578820942
2022,1398,1424.8839177106975
2022,1298,1552.947330870242
2022,1438,1613.6645672398
2022,1150,1490.4847526488031
2022,1284,1548.493585424802
2022,1187,1430.2980639936516
2022,1354,1390.5571615996255
2022,1172,1748.0896040075766
2022,1174,1635.504238603398
2022,1200,1522.4200252653256
2022,1162,1167.5286250609502
2022,1281,1421.2073499743951
2022,1141,1304.8923662267769
2022,1279,1371.6806286916442
2022,1309,1461.1134006043296
2022,1278,1397.9686021420441
2022,1282,1555.586325304799
2022,1275,1402.64444630203
2022,1210,1390.5448736765597
2022,1274,1674.0162341383482
2022,1145,1427.1292809272302
2022,1272,1750.7122931630652
2022,1399,1391.6085414063618
2022,1269,1525.572096383352
2022,1420,1564.784240967794
2022,1268,1519.6769448463006
2022,1346,1417.6082798890102
2022,1266,1608.552975956336
2022,1188,1319.823008915092
2022,1261,1618.434843133205
2022,1419,1329.5833128622141
2022,1196,1590.4875502048408
2022,1189,1423.9945562501168
2022,1257,1407.7956968256192
2022,1380,1406.468204518381
2022,1242,1842.1439213990757
2022,1277,1662.1333598582835
2022,1235,1585.34453178381
2022,1244,1381.666676475986
2022,1260,1736.9553837018343
2022,1164,1378.533513729353
2022,1233,1649.6708253353897
2022,1111,1546.4356926235537
2022,1203,1440.8467206830474
2022,1384,1273.4839002725578
2022,1204,1412.8755684568441
2022,1123,1440.217147596232
2022,1234,1804.5643590663863
2022,1255,1718.3743527633965
2022,1208,1236.9075852632
2022,1198,1330.5976338909677
2022,1211,1860.4497890729158
2022,1469,1406.8059743835665
2022,1206,1453.855135528852
2022,1392,1477.1264453859205
2022,1222,1826.3850281908974
2022,1220,1626.4162258153506
2022,1228,1725.5326057558373
2022,1238,1396.086049404732
2022,1229,1370.328425940385
2022,1423,1674.647026124014
2022,1231,1619.5102979431977
2022,1185,1300.6820959786771
2022,1232,1298.0279159213073
2022,1453,1204.886403466195
2022,1213,1662.1855356616827
2022,1212,1332.6891553726334
2022,1461,1688.212696058224
2022,1178,1510.869075845659
2022,1371,1677.5359389395196
2022,1192,1237.434565207429
2022,1448,1606.3457308607767
2022,1456,1209.8799653058547
2022,1435,1551.0713311077996
2022,1424,1595.4414874282206
2022,1205,1525.2516196813044
2022,1416,1528.1832023897955
2022,1352,1296.3278390020553
2022,1409,1425.6973125687991
2022,1401,1698.0554168998096
2022,1396,1587.3253562230686
2022,1370,1600.9840551354207
2022,1294,1575.6131014726943
2022,1334,1269.9950254537778
2022,1336,1524.839279478798
2022,1464,1424.42426904422
2022,1307,1430.957842756342
2022,1194,1533.3226396153025
2022,1280,1556.5694892418314
2022,1466,1204.7096380547102
2022,1276,1630.2253493353614
2022,1138,1575.839772145571
2022,1253,1625.2386477191642
2022,1225,1325.3151022918441
2022,1243,1477.9970939104105
2022,1197,1378.7332758074235
2022,1199,1537.7036038777483
2022,1335,1472.467008417976
2022,1177,1510.0663998976258
2022,1353,1646.5016200582584
2022,1250,1428.3002618820458
2022,1467,1459.1863616090777
2022,1312,1314.1655386827958
2022,1395,1634.771741454939
2022,1377,1584.8885818012723
2022,1102,1357.7927238034374
2022,1363,1268.3301284757738
2022,1436,1770.7398797323513
2022,1218,1532.9691593573484
2022,1158,1527.0485315975125
2022,1122,1403.4339762298189
2022,1136,1684.6435998007762
2022,1343,1674.6567809896117
2022,1440,1473.8343128987126
2022,1226,1287.9463480315032
2022,1427,1295.4763261634232
2022,1219,1413.9066085849731
2022,1135,1390.9955383842128
2022,1358,1575.9798233288166
2022,1295,1644.588814887178
2022,1142,1301.0288470715318
2022,1360,1441.4071970590878
2022,1292,1623.536108934383
2022,1149,1179.3088800668063
2022,1381,1550.914243621922
2022,1463,1635.8885828578561
2022,1245,1722.795528904178
2022,1347,1372.0941017448133
2022,1297,1619.4436659212195
2022,1418,1544.590620751523
2022,1379,1225.316900916924
2022,1267,1369.4004498026352
2022,1460,1619.2819304655704
2022,1119,1376.8685532131228
2022,1252,1398.4625903833708
2022,1459,1593.7449420294338
2022,1144,1422.2901227434324
2022,1221,1290.4412549126498
2022,1124,1796.7482758256522
2022,1410,1260.3883742541484
2022,1190,1443.5423572950008
2022,1444,1323.0677697930778
2022,1202,1638.74205420804
2022,1201,1536.3670089934592
2022,1264,1435.2446537251874
2022,1117,1528.506000427563
2022,1391,1307.460206657113
2022,1306,1474.4889084962563
2022,1209,1671.7386438108642
2022,1323,1658.0626437416756
2022,1313,1644.0934559391987
2022,1293,1853.1445452601195
2022,1431,1589.9460270491243
2022,1170,1422.1238290727158
2022,1375,1493.2896964078996
2022,1457,1655.733581719008
2022,1465,1450.1343665032132
2022,1249,1103.7671015139151
2022,1285,1414.9412618390572
2022,1303,1235.7074061096566
2022,1407,1554.8488883343628
2022,1207,1254.9251725000145
2022,1262,1404.2654629543142
2022,1195,1564.3169896305426
2022,1184,1327.9166591265596
2022,1241,1424.8424114275535
2022,1330,1467.6269179796202
2022,1239,1603.6316883946904
2022,1224,1442.1435935942034
2022,1217,1390.24418027713
2022,1394,1558.0044917904333
2022,1372,1658.8846405713944
2022,1180,1508.9380261561164
2022,1175,1093.0253282261576
2022,1288,1452.1159901043889
2022,1179,1677.9136077980256
2022,1359,1620.9102213609735
2022,1364,1587.7252155331428
2022,1451,1486.6688682361616
2022,1317,1727.064879276919
2022,1176,1383.2643248969832
2022,1251,1549.3402922192633
2022,1214,1313.387442366185
2022,1236,1608.5129630558613
2022,1157,1486.534390949297
2023,1101,1391.4256085476086
2023,1238,1480.10663978315
2023,1391,1516.1697176645453
2023,1199,1393.6017666431153
2023,1390,1511.4714977006086
2023,1334,1459.838497627848
2023,1389,1443.1492603131567
2023,1312,1277.1179969556947
2023,1388,1743.5007748089042
2023,1331,1822.0157022702551
2023,1387,1631.388074587333
2023,1293,1526.4501726094054
2023,1385,1520.3453965789327
2023,1467,1570.181673011841
2023,1382,1416.0694611426159
2023,1384,1382.951110778491
2023,1374,1377.5983562119422
2023,1477,1342.1377073569054
2023,1373,1391.7844398616976
2023,1221,1305.3701850264845
2023,1370,1514.190191308961
2023,1471,1345.1228784370473
2023,1369,1538.3174675987807
2023,1378,1458.5077783082413
2023,1365,1665.610979338184
2023,1186,1594.3959419885991
2023,1362,1598.542270180419
2023,1411,1459.2816514282179
2023,1393,1508.530094981563
2023,1250,1426.9904823452785
2023,1358,1712.783869631551
2023,1328,1543.897296604634
2023,1353,1548.4160872344503
2023,1162,1263.5543113909484
2023,1350,1459.7253132861913
2023,1440,1223.3499905176623
2023,1346,1471.7053466646153
2023,1348,1317.252369956775
2023,1338,1636.75395884018
2023,1404,1458.9753743128686
2023,1337,1310.3973656824228
2023,1349,1470.8447415838034
2023,1336,1689.5532403318184
2023,1457,1478.0126613416726
2023,1333,1368.1488201766558
2023,1409,1212.090132713053
2023,1332,1634.1132277399852
2023,1197,1255.6661927695811
2023,1330,1607.5615020944579
2023,1271,1491.2006035156032
2023,1329,1617.6402553280611
2023,1426,1405.1451198207058
2023,1326,1559.7009134424197
2023,1352,1455.1722754639684
2023,1321,1621.604164094689
2023,1152,1349.448633758915
2023,1315,1434.1324610884944
2023,1230,1313.2063838272445
2023,1356,1645.3882792726436
2023,1114,1345.9691626865551
2023,1314,1632.2845784834733
2023,1423,1615.9685758383125
2023,1395,1652.920586482658
2023,1115,1205.6907965667563
2023,1400,1816.3300563868536
2023,1431,1436.6301175633114
2023,1474,1464.1336369564492
2023,1267,1644.6926357482807
2023,1464,1602.9708821788365
2023,1145,1411.1629422572853
2023,1462,1726.7450710183798
2023,1288,1404.4103797983553
2023,1458,1507.1548789069764
2023,1377,1335.3439750703035
2023,1455,1566.851756819254
2023,1146,1301.5620785778333
2023,1452,1665.6629359494827
2023,1291,1484.6080101199414
2023,1450,1608.9499197962534
2023,1402,1493.5315541483656
2023,1449,1471.9616806347772
2023,1451,1556.0039079316948
2023,1448,1548.6474610333546
2023,1193,1399.9468065521637
2023,1447,1401.4414158904074
2023,1396,1494.1692721616391
2023,1442,1432.5452590456007
2023,1229,1341.1230335466425
2023,1439,1559.780710619966
2023,1175,1248.139258038092
2023,1438,1742.1759029393452
2023,1300,1551.9985403021071
2023,1397,1647.9003112754556
2023,1399,1477.670744926298
2023,1437,1607.5270034816376
2023,1247,1459.18471594171
2023,1433,1816.282031919954
2023,1264,1422.0890633958288
2023,1429,1765.0262768637144
2023,1430,1690.791916554415
2023,1428,1448.770952790489
2023,1254,1129.5222493447852
2023,1424,1560.2463400799304
2023,1380,1343.9289683489712
2023,1421,1744.0954626966052
2023,1416,1506.658596637155
2023,1417,1838.2486666961793
2023,1170,1357.8110189486179
2023,1413,1495.7987873897519
2023,1143,1198.3051018955118
2023,1412,1758.38377958074
2023,1106,1200.3272466814062
2023,1408,1634.9883128596407
2023,1420,1428.597143472114
2023,1406,1587.037041065697
2023,1107,1300.2642027193929
2023,1405,1742.451478273852
2023,1434,1333.8861833668843
2023,1403,1546.7158922144424
2023,1322,1561.6389226938422
2023,1401,1804.6997230005366
2023,1419,1322.6608416178867
2023,1436,1727.0047619488203
2023,1135,1520.3601484352898
2023,1307,1559.5510564170531
2023,1381,1617.9731962595095
2023,1361,1849.0575012568734
2023,1168,1637.8981812477407
2023,1304,1566.7646117960014
2023,1263,1449.0818503936316
2023,1196,1542.8634837394939
2023,1392,1350.3856150391891
2023,1195,1398.6544421080364
2023,1425,1655.2634913599948
2023,1191,1188.8597434749604
2023,1275,1376.9803052323555
2023,1181,1838.070327340718
2023,1239,1345.0020234516594
2023,1177,1356.1762431326063
2023,1259,1414.9433837525016
2023,1176,1356.337997978357
2023,1225,1254.0421758613047
2023,1173,1646.5645712865312
2023,1473,1327.3483094180062
2023,1166,1673.1372029642932
2023,1472,1493.6973035241447
2023,1163,1743.9401827775462
2023,1476,1404.876873791333
2023,1161,1518.7444784129045
2023,1205,1432.0502409857218
2023,1160,1542.6590663071424
2023,1415,1598.2930314666282
2023,1158,1811.4182703573779
2023,1151,1475.1510011678704
2023,1155,1656.5952728699806
2023,1154,1242.598404726613
2023,1198,1407.794533926592
2023,1223,1279.1007853576648
2023,1150,1531.2190684431553
2023,1164,1339.9735054243836
2023,1139,1432.716112698028
2023,1309,1396.5753142652418
2023,1138,1477.2941837464048
2023,1159,1731.6477271651318
2023,1132,1307.6072186499534
2023,1102,1405.398011868214
2023,1131,1441.1757103445009
2023,1318,1355.4297021857506
2023,1130,1546.6766983780672
2023,1165,1480.6248885848775
2023,1125,1602.9885649463106
2023,1325,1560.621384739071
2023,1124,1678.1065213637812
2023,1290,1210.8017547200832
2023,1120,1603.1038442085592
2023,1206,1628.909457167381
2023,1116,1616.39747981339
2023,1295,1565.8072171042743
2023,1113,1620.339492638013
2023,1470,1496.0450695944944
2023,1112,1807.013937977418
2023,1311,1393.0196934331416
2023,1104,1871.1812734015707
2023,1255,1510.694530790023
2023,1103,1612.3689607216427
2023,1355,1563.2422109608165
2023,1305,1620.2002326666304
2023,1469,1429.0090508988412
2023,1200,1655.37330287694
2023,1171,1402.3883852750876
2023,1140,1561.90619728237
2023,1226,1353.6169686690298
2023,1211,1851.4702609184699
2023,1316,1485.0497859159027
2023,1301,1648.3188604961304
2023,1122,1261.638059060592
2023,1298,1515.0814650154384
2023,1456,1390.740872016213
2023,1281,1711.1887156901241
2023,1475,1409.1983890364127
2023,1280,1646.027579521465
2023,1394,1636.3850785632935
2023,1279,1400.5037893145736
2023,1108,1525.3870361718302
2023,1278,1387.4515446405073
2023,1444,1263.6343824566468
2023,1277,1627.8282905646818
2023,1319,1442.1509163267972
2023,1276,1553.9341538368735
2023,1236,1412.2720490917368
2023,1274,1743.9062483934645
2023,1248,1404.0893781460225
2023,1272,1811.0397015280134
2023,1435,1716.750920912428
2023,1269,1405.9509833345232
2023,1148,1342.640847236275
2023,1268,1601.7566476959441
2023,1310,1433.520805553276
2023,1266,1868.2816461685493
2023,1347,1506.0353985068432
2023,1208,1404.84127006883
2023,1441,1506.1734534923278
2023,1260,1345.6127442003778
2023,1192,1450.452224387176
2023,1232,1575.0270317968532
2023,1453,1151.1447571035383
2023,1246,1685.9877375793071
2023,1224,1619.6634485082911
2023,1245,1775.626640503185
2023,1297,1656.0250177983737
2023,1243,1670.2279398235062
2023,1410,1394.4678495730445
2023,1242,1820.2780339481367
2023,1303,1292.598171147864
2023,1235,1612.775597071803
2023,1237,1205.5910862159126
2023,1234,1594.6486558783722
2023,1126,1344.806605384945
2023,1233,1771.1742023285542
2023,1335,1572.7151192239764
2023,1253,1439.6358980635073
2023,1465,1484.884740903361
2023,1231,1691.3599051647407
2023,1287,1571.5471816655286
2023,1228,1591.1451091613715
2023,1183,1270.0351287930387
2023,1222,1862.0845024320722
2023,1294,1398.6177630282982
2023,1220,1686.64656207886
2023,1343,1676.6620648478336
2023,1213,1679.9556968163256
2023,1286,1728.8773173213478
2023,1357,1400.5203134229696
2023,1216,1149.9603990650353
2023,1376,1396.8718175297165
2023,1354,1219.3262488361145
2023,1363,1651.3228989767715
2023,1204,1489.7795340907464
2023,1345,1801.0126156425176
2023,1454,1564.3169890617692
2023,1207,1301.4078964904475
2023,1187,1478.0296382681252
2023,1273,1379.3980181932034
2023,1182,1529.6917144202405
2023,1285,1521.9865206187076
2023,1344,1578.2390046086848
2023,1351,1488.8872096981904
2023,1252,1607.4390477334177
2023,1371,1508.1440908770028
2023,1284,1300.2113134294636
2023,1360,1337.512977526191
2023,1129,1710.8445957577428
2023,1468,1506.6485341632515
2023,1257,1258.6574959345082
2023,1265,1463.0510250263817
2023,1110,1390.3786418274146
2023,1261,1391.6857548563128
2023,1282,1300.2664714905404
2023,1241,1619.931511851846
2023,1214,1284.1833754686218
2023,1179,1804.9580616839253
2023,1172,1539.1292689753836
2023,1460,1475.636550148097
2023,1339,1403.841706728588
2023,1142,1223.0652867949736
2023,1372,1504.254551489853
2023,1258,1562.7312264346485
2023,1443,1519.4742249202984
2023,1184,1583.369995942858
2023,1461,1384.9909218085527
2023,1466,1521.590256843576
2023,1105,1403.8769170736734
2023,1149,1316.6202461442294
2023,1111,1445.1023132732175
2023,1153,1627.8754683434513
2023,1156,1594.609330627651
2023,1342,1126.8956930188772
2023,1262,1650.127698749812
2023,1141,1283.0544114372744
2023,1323,1332.8274938738289
2023,1379,1641.5960053671258
2023,1364,1721.1044720284508
2023,1201,1431.099424700281
2023,1320,1443.4345066380024
2023,1340,1320.9056354631132
2023,1296,1413.9610687971633
2023,1375,1627.8140148145812
2023,1306,1494.2197596803223
2023,1144,1483.4482673272264
2023,1427,1370.8381868877977
2023,1249,1242.1941256587236
2023,1418,1725.7315022691628
2023,1217,1419.416434741716
2023,1463,1666.511608479306
2023,1167,1334.1166442943693
2023,1414,1594.0664496547377
2023,1270,1371.3378754472872
2023,1133,1758.063707655471
2023,1194,1852.0232573377536
2023,1368,1455.6856123418688
2023,1324,1417.715926032075
2023,1178,1428.444170357736
2023,1313,1547.8417899375447
2023,1251,1706.2226720788772
2023,1174,1484.1085305970953
2023,1180,1456.9574185128915
2023,1367,1509.7050869232928
2023,1136,1443.2943142596616
2023,1244,1751.4326182902762
2023,1383,1350.2442728382955
2023,1190,1390.1985541406245
2023,1189,1308.794165043601
2023,1185,1326.0956442723489
2023,1422,1550.4899500933261
2023,1227,1349.379231639375
2023,1299,1331.4002741035442
2023,1218,1555.231440133766
2023,1212,1611.5241187122638
2023,1203,1505.945260418031
2023,1202,1730.1321410898913
2023,1386,1502.1532755784747
2023,1398,1457.337519873872
2023,1119,1460.8042241154542
2023,1308,1396.6311096147508
2023,1292,1584.6178911441016
2023,1169,1246.8512631628425
2023,1127,1421.8677324671248
2023,1137,1324.3102971105757
2023,1210,1506.9915356720414
2023,1209,1249.3907868756946
2023,1219,1372.3490844436706
2023,1459,1445.2703312228834
2023,1117,1365.8072878191495
2023,1188,1421.312457575898
2023,1123,1505.2851666251318
2023,1317,1737.188964727621
2023,1256,1456.8457700811707
2023,1407,1567.5691651365391
2023,1240,1459.125310866273
2023,1341,1380.199881653596
2023,1283,1553.6185752219676
2023,1359,1583.1623671269465
2023,1157,1271.9881539887776
2024,1101,1503.5193537314785
2024,1329,1433.8229222295413
2024,1387,1476.4508551586816
2024,1475,1230.472948766736
2024,1386,1626.8223047293066
2024,1248,1288.6884616171055
2024,1382,1597.45074655063
2024,1255,1585.324258026167
2024,1376,1757.1740865993777
2024,1367,1339.0697662653524
2024,1373,1144.4364513175315
2024,1221,1313.5563805825025
2024,1371,1626.8831001716726
2024,1389,1614.8253517836083
2024,1361,1703.74272255503
2024,1168,1412.5737777620805
2024,1350,1683.1066293829163
2024,1440,1157.0468306671903
2024,1348,1376.0991772158834
2024,1148,1542.3601438101405
2024,1345,1836.2128222157542
2024,1359,1763.7568098069048
2024,1344,1615.9691019599738
2024,1162,1380.7282501460923
2024,1390,1461.4490001127529
2024,1169,1460.6831363044284
2024,1343,1733.5196935178847
2024,1353,1454.2686456942333
2024,1339,1401.9043708933896
2024,1253,1586.7101575602433
2024,1338,1709.3353831115364
2024,1299,1233.150380962552
2024,1336,1540.3575708088542
2024,1175,1406.0298708450687
2024,1332,1694.3813740666153
2024,1208,1492.8188486513204
2024,1328,1580.1299320057549
2024,1141,1500.9290607904645
2024,1326,1643.3464854674999
2024,1324,1687.7833435685416
2024,1323,1519.1451351829548
2024,1310,1439.2513976492423
2024,1321,1617.8536733512642
2024,1127,1478.3314506100216
2024,1318,1403.0634306270133
2024,1131,1464.5678567098842
2024,1314,1805.0996381397806
2024,1347,1407.81739076252
2024,1307,1745.2501233652786
2024,1411,1503.0244858939104
2024,1340,1426.9869633300914
2024,1102,1316.910493003383
2024,1393,1593.3774514442096
2024,1306,1455.0667528282904
2024,1395,1619.4971630153623
2024,1380,1427.5112598168053
2024,1396,1545.149689206552
2024,1271,1273.8054548442274
2024,1471,1594.563464574215
2024,1176,1428.1711063448054
2024,1462,1525.9325852079464
2024,1352,1306.3370188475233
2024,1458,1657.0870563295407
2024,1117,1641.699275698425
2024,1455,1474.0825828564325
2024,1252,1541.7305337659106
2024,1452,1369.966515707366
2024,1283,1487.0135972558594
2024,1450,1690.2987373958401
2024,1225,1314.9225153676753
2024,1449,1544.1003322757715
2024,1468,1304.0811495557957
2024,1448,1606.8796678709987
2024,1189,1355.8937705398794
2024,1439,1575.1021626789416
2024,1164,1124.9411939054232
2024,1438,1656.2408725137964
2024,1470,1651.3555144147613
2024,1437,1568.3682345055756
2024,1110,1368.5591888529518
2024,1436,1779.6918422011
2024,1467,1548.7356298976272
2024,1428,1516.8931408784156
2024,1186,1628.0600618962521
2024,1427,1359.9835286119417
2024,1442,1549.7776725856233
2024,1426,1649.6114584431841
2024,1331,1327.5878470624884
2024,1425,1573.7270791125247
2024,1243,1611.1701464311584
2024,1418,1492.860561209618
2024,1464,1571.0789677621442
2024,1417,1515.2229108530412
2024,1384,1194.4709567743007
2024,1416,1581.3672348186021
2024,1198,1364.1069768594857
2024,1409,1477.579657632972
2024,1146,1256.4412758050446
2024,1408,1394.2170090512918
2024,1311,1591.8294611329209
2024,1405,1548.7251302094246
2024,1178,1136.8922171414097
2024,1401,1656.403863881719
2024,1477,1362.1052480680887
2024,1400,1636.7911185483392
2024,1230,1182.1391353530696
2024,1397,1760.9259792264245
2024,1399,1313.3025344387117
2024,1304,1686.9015292567613
2024,1473,1234.9676993680964
2024,1301,1699.9127234706832
2024,1154,1312.847737589674
2024,1358,1619.4564394300096
2024,1334,1140.8346589524754
2024,1292,1460.2065940692673
2024,1297,1538.0750971457267
2024,1174,1494.4548822334093
2024,1137,1436.3000073009405
2024,1173,1709.1424239214268
2024,1188,1405.1397724278365
2024,1167,1433.2368361861406
2024,1381,1323.5348517070802
2024,1165,1649.9544174138302
2024,1250,1471.2266671320904
2024,1163,1915.4660053734754
2024,1319,1393.4031599327639
2024,1161,1665.814878122588
2024,1256,1578.975870419562
2024,1160,1706.1554852447282
2024,1406,1555.1154205578932
2024,1159,1667.432887764893
2024,1135,1586.2166885679424
2024,1158,1788.8631296219964
2024,1233,1428.1758304124373
2024,1155,1610.680209269078
2024,1457,1411.8860395715542
2024,1153,1599.2657683698565
2024,1227,1389.7268975549564
2024,1150,1563.606257855418
2024,1263,1474.8010306148085
2024,1144,1391.0699821962498
2024,1298,1383.4356210627686
2024,1143,1466.1051779561813
2024,1472,1500.0957521446342
2024,1140,1687.427051799553
2024,1223,1193.6081138338393
2024,1139,1516.641604210927
2024,1185,1381.433328551484
2024,1133,1635.1877175798975
2024,1412,1704.3692254965874
2024,1295,1428.131524453944
2024,1444,1396.3888979599847
2024,1130,1568.7233501246014
2024,1193,1621.0664328099551
2024,1125,1595.431202539067
2024,1209,1396.592474695983
2024,1116,1526.8898882743813
2024,1108,1492.7783326483489
2024,1114,1622.9197231992828
2024,1402,1545.2926188522533
2024,1112,1710.2385543976573
2024,1288,1350.7389195488506
2024,1104,1684.195075287152
2024,1287,1679.0196267063413
2024,1103,1606.8840661761783
2024,1355,1650.514706577703
2024,1181,1702.4180481639148
2024,1171,1289.0786730686045
2024,1182,1764.4242400017401
2024,1156,1515.9090354606894
2024,1132,1496.6551512849705
2024,1152,1388.834052719183
2024,1192,1412.9332777009963
2024,1138,1171.181216525944
2024,1281,1267.2783420405497
2024,1115,1323.630314840442
2024,1279,1500.0882189151455
2024,1106,1301.4011699012974
2024,1278,1533.5752472648062
2024,1126,1483.6627253660558
2024,1274,1390.8728778977456
2024,1312,1282.4043253046839
2024,1272,1617.1481310725535
2024,1238,1428.2197272376277
2024,1270,1774.9713648123884
2024,1433,1670.5762329006432
2024,1267,1364.309916645748
2024,1474,1438.2743730673476
2024,1266,1750.933159978195
2024,1296,1339.3406694392277
2024,1265,1512.2074168264453
2024,1119,1239.240092682307
2024,1264,1245.9594997153815
2024,1136,1562.7809225447377
2024,1257,1299.3468146762568
2024,1420,1386.4033137738795
2024,1246,1741.0553305804108
2024,1308,1386.6877727739168
2024,1261,1555.3169983670693
2024,1290,1111.4942028462915
2024,1241,1788.146408911168
2024,1277,1619.787623022923
2024,1196,1727.8826104349312
2024,1259,1237.6030098206409
2024,1200,1432.6885349836432
2024,1447,1489.0102647986123
2024,1203,1373.7415257239613
2024,1476,1164.604271607585
2024,1242,1637.8387476740384
2024,1300,1450.2236299607014
2024,1210,1499.6641453615562
2024,1204,1384.9016001803273
2024,1213,1762.6076349764026
2024,1369,1262.1910920500675
2024,1206,1569.5678534082178
2024,1284,1515.593601546854
2024,1224,1526.3807115180334
2024,1214,1318.8753101342418
2024,1228,1811.246920121541
2024,1183,1345.7384257459464
2024,1235,1859.9709486155652
2024,1453,1485.8170296184703
2024,1222,1886.2048333883922
2024,1419,1350.1834001463492
2024,1191,1427.3405174440568
2024,1275,1433.6248385901404
2024,1385,1637.652619504846
2024,1392,1597.277020173429
2024,1269,1616.0594528268505
2024,1107,1362.241671441118
2024,1363,1306.302488150001
2024,1414,1662.2433230953975
2024,1342,1387.6282423936007
2024,1435,1417.684384282485
2024,1317,1550.810176607434
2024,1320,1637.8527575352932
2024,1305,1775.6266857257167
2024,1170,1375.5422621826704
2024,1276,1326.8051604137756
2024,1421,1604.4647781137387
2024,1247,1473.183740173605
2024,1180,1587.593973580943
2024,1236,1524.9751917889157
2024,1177,1191.971274910156
2024,1234,1609.9723772409036
2024,1315,1472.1564559586975
2024,1231,1628.0410332866318
2024,1195,1428.1984778037418
2024,1207,1294.2478693945982
2024,1478,1426.0358594905417
2024,1166,1728.7478774420756
2024,1197,1244.2058307452573
2024,1124,1706.7905625320097
2024,1120,1828.4436323697328
2024,1268,1476.6611936467377
2024,1291,1408.2201187560681
2024,1403,1711.865874863984
2024,1145,1455.9802283852512
2024,1374,1540.4008530729357
2024,1370,1535.5328856699803
2024,1341,1219.7676770630621
2024,1365,1560.328947371994
2024,1469,1362.1340950978408
2024,1424,1655.854606970762
2024,1335,1366.095972910834
2024,1325,1593.9451633287424
2024,1407,1541.400202409987
2024,1280,1643.3041836602924
2024,1113,1422.8713874882503
2024,1194,1701.2659223587452
2024,1260,1709.7360381158915
2024,1179,1809.4020991703578
2024,1360,1467.2940587227315
2024,1388,1806.9708314620348
2024,1303,1383.3293038330862
2024,1322,1272.5870035566727
2024,1413,1597.4382515130035
2024,1337,1369.9595723872862
2024,1456,1299.759654460407
2024,1466,1460.4955739464167
2024,1105,1398.8323416494304
2024,1378,1724.4814690806663
2024,1354,1429.8146866960212
2024,1430,1520.6961833096796
2024,1249,1520.315941000216
2024,1443,1560.103117388119
2024,1142,1151.136403217044
2024,1190,1582.3768322815613
2024,1362,1602.924449028344
2024,1245,1480.3273538859635
2024,1372,1482.3388851260245
2024,1316,1419.5024860177207
2024,1149,1367.786055414278
2024,1364,1434.3845097015164
2024,1273,1532.4238264083879
2024,1346,1599.3540772946176
2024,1220,1596.8706956134583
2024,1333,1395.6494909741834
2024,1285,1598.7787720356437
2024,1356,1508.2160228833366
2024,1293,1415.594151804824
2024,1465,1411.695194743003
2024,1239,1411.2855401516779
2024,1415,1514.1202091326636
2024,1422,1549.8039967915597
2024,1377,1313.707952487337
2024,1410,1169.5311001895486
2024,1226,1454.9967074723877
2024,1172,1412.0757885854875
2024,1460,1531.4339781349825
2024,1212,1600.4716816509901
2024,1151,1566.9182184706135
2024,1368,1395.8123772397519
2024,1205,1559.395826417704
2024,1232,1744.4448783660803
2024,1379,1399.7857852960874
2024,1254,1292.3422062210375
2024,1199,1566.04430489976
2024,1244,1331.3605066886375
2024,1202,1544.6756134651248
2024,1122,1546.6853891217122
2024,1351,1557.2218255345824
2024,1262,1597.1928356308918
2024,1251,1428.7162295774094
2024,1237,1154.2488278765131
2024,1434,1277.3109342915732
2024,1357,1434.7016993466268
2024,1217,1448.6975533270188
2024,1349,1348.4170751653899
2024,1211,1769.040760440661
2024,1463,1707.6629896897332
2024,1375,1458.5128669958058
2024,1286,1557.6404584703098
2024,1454,1582.4301254213826
2024,1229,1445.4034965788521
2024,1111,1714.8878524925499
2024,1423,1547.569994495161
2024,1391,1581.6454783162035
2024,1441,1586.9009519370081
2024,1461,1471.6193130321462
2024,1240,1350.868424390189
2024,1459,1516.1569391773119
2024,1219,1605.005172703194
2024,1404,1596.052813671925
2024,1123,1392.978460780081
2024,1330,1245.705866429744
2024,1429,1751.2876435440942
2024,1187,1445.1455080518738
2024,1394,1567.918293363587
2024,1201,1418.9435868213411
2024,1258,1343.9084343841628
2024,1451,1539.8354668060306
2024,1129,1688.296152871301
2024,1313,1520.8673279116072
2024,1431,1515.5078781565862
2024,1282,1499.4519928907478
2024,1294,1537.0020697284165
2024,1398,1459.7414912561344
2024,1157,1300.823180531093
2024,1218,1578.1931809361686
2024,1184,1471.5441011505027
2024,1309,1266.4616084286706
2025,1104,1819.7925949758142
2025,1421,1537.6066786551878
2025,1385,1889.5638637747395
2025,1200,1356.7405294005396
2025,1382,1599.3486325238516
2025,1169,1631.292444647355
2025,1379,1263.7263849471756
2025,1132,1424.3222932675635
2025,1377,1528.1899141957579
2025,1380,1485.782969896606
2025,1374,1632.1738660674912
2025,1470,1368.4802376465855
2025,1373,1395.0748772697239
2025,1135,1481.9022072181351
2025,1371,1286.1267400399026
2025,1389,1421.709708532281
2025,1365,1597.8566456675155
2025,1387,1604.822484166185
2025,1355,1515.4830865636252
2025,1270,1788.1753476358103
2025,1348,1441.7558026451652
2025,1193,1394.3384560655832
2025,1345,1672.5599735606793
2025,1394,1493.0219183479019
2025,1344,1369.170964122529
2025,1148,1641.3223556925336
2025,1343,1530.0558047789725
2025,1233,1571.6484896108066
2025,1338,1437.4105011489876
2025,1347,1543.3565295636256
2025,1336,1540.1386289780298
2025,1127,1374.3745319413538
2025,1335,1364.6051675953481
2025,1312,1248.2591096604415
2025,1333,1516.6278723403466
2025,1469,1217.337103804447
2025,1332,1744.5506865938044
2025,1415,1609.957424414316
2025,1329,1486.719753321182
2025,1453,1211.0030542540435
2025,1328,1638.7329980784245
2025,1473,1454.2228064228475
2025,1326,1553.4184699465684
2025,1400,1618.9681147726483
2025,1321,1560.1531435988356
2025,1250,1324.7338783532152
2025,1318,1484.6258270127607
2025,1131,1440.5366074388908
2025,1316,1377.0930810286138
2025,1376,1459.899465479514
2025,1314,1700.7243855391316
2025,1189,1419.9858204098332
2025,1386,1649.9939470964757
2025,1298,1525.1163449941314
2025,1388,1810.6077535614377
2025,1406,1660.848435727357
2025,1390,1585.2534178183112
2025,1176,1346.6789067800978
2025,1393,1472.441655446541
2025,1478,1240.9855129202845
2025,1466,1626.6590599842339
2025,1102,1209.7108695437046
2025,1465,1500.1128309368048
2025,1230,1473.4737563899298
2025,1463,1753.114205117199
2025,1346,1552.7881500611334
2025,1462,1676.587178354635
2025,1411,1404.622185508971
2025,1458,1766.215737126398
2025,1221,1279.9114500156177
2025,1455,1534.7290889499689
2025,1443,1464.99343635778
2025,1452,1582.764051508364
2025,1352,1744.9203181621772
2025,1450,1510.647049821752
2025,1340,1485.9715495359853
2025,1448,1619.5062587503253
2025,1164,1266.2231025984504
2025,1442,1358.1606692853454
2025,1363,1456.0473081903333
2025,1439,1428.0890848877377
2025,1175,1419.8193024699901
2025,1437,1585.5870440100423
2025,1248,1376.8069150196789
2025,1307,1726.305511019194
2025,1311,1547.873568205152
2025,1436,1585.698576657064
2025,1412,1659.2305179136354
2025,1433,1828.8902764058028
2025,1468,1190.2850858732577
2025,1425,1513.7634238202716
2025,1151,1710.7162021642341
2025,1424,1573.2228847094075
2025,1106,1567.5536385866515
2025,1422,1550.1845933608954
2025,1195,1524.58587608705
2025,1417,1680.9732280709793
2025,1351,1453.0604817806195
2025,1416,1505.1279075783527
2025,1401,1701.6773482571339
2025,1407,1666.3759590104607
2025,1405,1487.6078401832274
2025,1404,1357.7608886688424
2025,1229,1546.3499992792113
2025,1402,1433.8934494475604
2025,1185,1486.0008740823305
2025,1397,1835.8742327788095
2025,1205,1349.720115722064
2025,1396,1482.5227822293336
2025,1357,1455.151990615018
2025,1395,1481.0736759236065
2025,1197,1383.4857357526018
2025,1435,1617.273682998716
2025,1271,1193.7128120434286
2025,1305,1481.7105547951194
2025,1358,1448.9330403533704
2025,1428,1478.096596400923
2025,1108,1379.158198052854
2025,1301,1386.6997488367808
2025,1367,1195.634345514197
2025,1203,1575.9198944353932
2025,1479,1447.6008141313523
2025,1199,1487.9892662669063
2025,1297,1525.8358420579061
2025,1196,1941.409966775827
2025,1378,1361.720297802195
2025,1194,1553.183939236984
2025,1232,1424.060257105072
2025,1181,1923.6753750928126
2025,1263,1524.7493385145283
2025,1177,1456.0923314017227
2025,1475,1260.6656082844959
2025,1162,1303.2197896124098
2025,1259,1352.8734719977303
2025,1161,1821.3886473654575
2025,1315,1366.2933272647902
2025,1160,1505.8080131111071
2025,1186,1289.4459267402078
2025,1158,1630.9778705852646
2025,1356,1463.5861423827341
2025,1157,1240.784217252321
2025,1444,1437.497508399079
2025,1155,1816.5777119842594
2025,1149,1346.3495005019897
2025,1153,1534.9155831555383
2025,1115,1163.502328339206
2025,1150,1330.1474560734255
2025,1342,1441.675304671747
2025,1143,1435.2084281413215
2025,1167,1424.5474955668828
2025,1141,1385.6278599192449
2025,1375,1545.9767060953022
2025,1139,1479.1044066453678
2025,1283,1272.9411623727487
2025,1138,1274.543260126541
2025,1330,1442.435515220777
2025,1137,1555.6434183210915
2025,1174,1463.3766527672806
2025,1133,1724.1671508160089
2025,1369,1585.3975178294827
2025,1130,1358.5747097062256
2025,1154,1125.2351122477608
2025,1119,1405.3744477237906
2025,1107,1465.6102990876939
2025,1117,1617.0765198627194
2025,1103,1769.237091483476
2025,1112,1734.1561279689827
2025,1145,1187.864789412815
2025,1304,1493.9751790152209
2025,1410,1411.9298727548855
2025,1204,1466.4096001989365
2025,1296,1195.5573829955965
2025,1206,1743.876925930472
2025,1300,1392.833790097388
2025,1173,1677.5755290566578
2025,1384,1535.0015449536172
2025,1209,1445.2977726410122
2025,1123,1368.4186195509099
2025,1280,1622.426266919772
2025,1480,1244.582529598353
2025,1279,1717.4930880140528
2025,1254,1483.7928013851963
2025,1277,1847.5511206685997
2025,1284,1510.2815441253108
2025,1276,1798.3127083211875
2025,1156,1525.199290510366
2025,1275,1638.8756154048233
2025,1111,1440.8528099509156
2025,1208,1659.1584838855858
2025,1399,1375.5208371722968
2025,1272,1829.459999023235
2025,1281,1661.4679663270301
2025,1269,1395.7967573098435
2025,1306,1323.6477011367936
2025,1268,1772.6291196623513
2025,1264,1527.0877823404091
2025,1266,1658.2134210321967
2025,1392,1294.5522777117653
2025,1260,1657.860784788195
2025,1152,1195.0519555392698
2025,1257,1822.9027072880324
2025,1287,1326.7448995420075
2025,1252,1675.3533991432041
2025,1182,1473.326685875927
2025,1251,1778.8313208916204
2025,1434,1476.9466766515093
2025,1274,1324.5593433541796
2025,1192,1376.3911630435305
2025,1246,1732.1044463175792
2025,1460,1394.745336048843
2025,1211,1815.5300687866538
2025,1124,1609.3713976851432
2025,1245,1620.931479704039
2025,1418,1382.3435734761406
2025,1242,1635.235478858061
2025,1224,1308.4197648910704
2025,1241,1561.4669748168458
2025,1325,1438.7383686198086
2025,1235,1694.028106244006
2025,1290,1050.753296040342
2025,1234,1546.8510977308827
2025,1477,1259.1857085162776
2025,1228,1708.002151114024
2025,1183,1443.1034759221516
2025,1222,1951.0959569648016
2025,1238,1522.2169711941451
2025,1217,1523.1485735363037
2025,1265,1463.6196327091661
2025,1213,1718.391062801686
2025,1168,1213.170996994271
2025,1247,1409.5778770097136
2025,1110,1609.5605082539873
2025,1449,1408.5838118652155
2025,1413,1422.1820686298518
2025,1403,1749.9431437643257
2025,1126,1521.6494452491781
2025,1362,1689.8215088964307
2025,1142,1557.58220673619
2025,1349,1311.1903934622192
2025,1198,1357.572021733053
2025,1317,1655.182274699708
2025,1191,1401.3439579101146
2025,1140,1801.7058781959877
2025,1146,1303.7058406116535
2025,1113,1419.792078890704
2025,1226,1440.6518119808832
2025,1243,1545.2736127529092
2025,1309,1143.5466865686371
2025,1278,1497.953462503673
2025,1331,1246.7460352644446
2025,1438,1500.3409654436582
2025,1144,1423.9600764880702
2025,1429,1701.9446284666506
2025,1361,1656.5601246936542
2025,1471,1871.3477623319568
2025,1353,1534.7097948112973
2025,1447,1330.9376807099025
2025,1288,1389.6200465335162
2025,1360,1246.4325737870365
2025,1337,1426.2821784330647
2025,1323,1507.478592759316
2025,1476,1354.2851783885674
2025,1261,1458.1039243686969
2025,1419,1217.959196043821
2025,1166,1727.097339762606
2025,1219,1780.7746140953789
2025,1210,1579.0017303375257
2025,1207,1452.43224771332
2025,1370,1479.900705395419
2025,1163,1711.5641937432656
2025,1129,1736.0789682884022
2025,1324,1524.3879136137443
2025,1120,1837.7584671753805
2025,1116,1678.0570500405831
2025,1231,1628.6571595871983
2025,1188,1586.6505796202086
2025,1286,1473.8272298211139
2025,1225,1417.932995478929
2025,1320,1608.7928741901837
2025,1454,1574.025880458033
2025,1299,1263.9229825392472
2025,1310,1337.9863884976655
2025,1178,1223.2895378347425
2025,1295,1545.2970906081557
2025,1239,1525.1763051840105
2025,1341,1131.170856908545
2025,1240,1619.0527892606665
2025,1303,1667.075341435927
2025,1391,1236.757059585522
2025,1354,1568.368304751095
2025,1136,1658.0528743518942
2025,1456,1453.675805419887
2025,1293,1512.0241404055753
2025,1420,1319.0098171130962
2025,1253,1227.985557608893
2025,1236,1492.4881396562419
2025,1322,1544.779218835771
2025,1408,1598.0550659300861
2025,1414,1743.8891087136053
2025,1258,1462.3305125740503
2025,1423,1737.8464140637334
2025,1237,1324.3050324175117
2025,1472,1581.846412626407
2025,1474,1493.404668247508
2025,1441,1268.9273587519726
2025,1334,1273.1210996522534
2025,1223,1342.0339430965296
2025,1451,1317.467049646921
2025,1172,1443.3472112978554
2025,1285,1701.8983732143984
2025,1122,1387.48303313285
2025,1294,1635.5050422081965
2025,1398,1500.6787677111643
2025,1165,1585.2414055675436
2025,1359,1549.5285230148468
2025,1184,1514.5401961144084
2025,1190,1567.4451082987782
2025,1201,1231.779979903181
2025,1170,1181.560613417501
2025,1214,1516.7526259961503
2025,1202,1645.005428614144
2025,1125,1631.7937422650537
2025,1212,1343.8178440083218
2025,1291,1628.9835682469054
2025,1227,1487.4596730015494
2025,1220,1364.5945349525743
2025,1262,1373.7668381078213
2025,1381,1272.851011085048
2025,1364,1586.4600901512526
2025,1339,1391.2757767904432
2025,1313,1617.678290585245
2025,1457,1640.0852469736153
2025,1114,1450.7021637464632
2025,1409,1420.9815883296956
2025,1430,1688.3031754413814
2025,1431,1442.7446111384504
2025,1440,1418.7539757111447
2025,1464,1573.4695455948934
2025,1467,1538.2797130201534
2025,1308,1531.7714740145555
2025,1267,1571.1679808039864
2025,1244,1589.1702802463801
2025,1292,1633.0069520035543
2025,1101,1461.9429275880918
2025,1171,1492.1555045926245
2025,1187,1544.3113454630802
2025,1180,1553.698147734177
2025,1159,1414.9746861135673
2025,1350,1357.5276034573023
2025,1256,1528.066618203466
2025,1426,1391.2629987149144
2025,1255,1415.5957719369042
2025,1459,1596.582624094647
2025,1461,1307.1219878556876
2025,1368,1449.6568786513342
2025,1218,1413.6076994275745
2025,1179,1849.2956966308045
2025,1372,1394.8161286324344
2025,1249,1584.615663092086
2025,1273,1381.126696765575
2025,1282,1336.622253019792
2025,1319,1450.3964707419773
2025,1427,1378.5498965065117
2025,1105,1217.0837944259988
2026,1103,1819.9388875724665
2026,1241,1545.3957999720376
2026,1382,1455.303948241203
2026,1133,1612.2604237910134
2026,1378,1800.648535601624
2026,1197,1466.5242800933986
2026,1375,1532.1916927504249
2026,1405,1586.7497683303848
2026,1374,1569.0547193930634
2026,1470,1351.848802901314
2026,1373,1668.780359766287
2026,1136,1238.5015644658597
2026,1371,1604.4262213952966
2026,1389,1539.4469933678674
2026,1370,1542.0941507114542
2026,1176,1432.5243963489713
2026,1355,1372.8936069547221
2026,1467,1678.6527542073527
2026,1348,1439.4765458720265
2026,1391,1358.7122985955284
2026,1347,1408.8619767467235
2026,1442,1133.4876358334125
2026,1344,1515.0818885341655
2026,1221,1283.798448232261
2026,1338,1511.1233461591307
2026,1464,1418.4394878478495
2026,1336,1373.5465944156526
2026,1193,1586.6244743608415
2026,1333,1562.3929559117284
2026,1295,1694.6266305954578
2026,1328,1653.8708085057488
2026,1384,1216.1625510770339
2026,1326,1707.309222409938
2026,1237,1210.0577299834217
2026,1323,1422.10469529428
2026,1254,1611.7881416839427
2026,1321,1535.682602023547
2026,1479,1444.6075424978108
2026,1314,1742.9737941915325
2026,1146,1635.6598544884075
2026,1309,1474.550788071817
2026,1395,1729.836470128562
2026,1304,1707.5656682956146
2026,1480,1394.265389414976
2026,1301,1609.5394364909334
2026,1300,1353.5370042888737
2026,1298,1668.7050109492277
2026,1342,1403.0098839914428
2026,1385,1896.350653934309
2026,1346,1481.3909457974405
2026,1386,1673.2883303711044
2026,1248,1342.1402072717208
2026,1387,1706.7654511264213
2026,1369,1579.4590631313013
2026,1388,1807.279984059888
2026,1472,1578.8591462206605
2026,1469,1560.7493869085747
2026,1377,1409.4599453191859
2026,1465,1743.2377985056467
2026,1367,1311.2369249019214
2026,1462,1484.366394317468
2026,1265,1533.3473398587946
2026,1458,1773.1939057401773
2026,1144,1528.3344712316716
2026,1457,1614.052576025618
2026,1474,1625.5845782343195
2026,1454,1385.0483933296482
2026,1214,1386.7639269545577
2026,1449,1512.8161183407722
2026,1115,1339.6344601813778
2026,1448,1575.9540087703435
2026,1110,1370.2311803723744
2026,1444,1335.4409798951651
2026,1157,1588.3412502245517
2026,1443,1490.9929816254028
2026,1399,1407.8365847155555
2026,1438,1872.7712055416919
2026,1351,1216.0812787851603
2026,1296,1307.1411997001464
2026,1419,1159.94060537173
2026,1435,1759.6461420851645
2026,1252,1480.4983011231632
2026,1428,1351.759907820337
2026,1363,1340.4387071058732
2026,1425,1460.793335477618
2026,1142,1475.561983179747
2026,1417,1724.4913599729337
2026,1186,1515.8438098167935
2026,1416,1612.5254535023043
2026,1220,1728.9825305414784
2026,1412,1570.0109958126718
2026,1290,1120.0366998021473
2026,1408,1472.260611476921
2026,1359,1530.9900158953412
2026,1407,1637.3818026398058
2026,1245,1648.4290090963925
2026,1406,1596.9723689092903
2026,1259,1360.731163971757
2026,1401,1624.4469447809595
2026,1322,1326.6184772321828
2026,1397,1657.9539299483436
2026,1273,1489.7211776532818
2026,1393,1449.8046639224826
2026,1127,1257.0008519456278
2026,1433,1841.9145326865935
2026,1447,1457.118437291133
2026,1293,1506.2768887588243
2026,1303,1460.688133581024
2026,1439,1582.6234473966733
2026,1149,1399.2316257037082
2026,1279,1528.5034105519726
2026,1368,1322.3712001426102
2026,1177,1478.9683520344188
2026,1152,1292.7426137399734
2026,1163,1803.2853499342002
2026,1481,1383.2673095201028
2026,1161,1616.6510727307425
2026,1230,1318.9622617818413
2026,1160,1526.9100191645812
2026,1286,1483.7647315302693
2026,1155,1717.5793315466997
2026,1306,1240.6155323867506
2026,1153,1619.929134506566
2026,1441,1517.1968436540496
2026,1150,1516.8470078312205
2026,1232,1339.5501604657748
2026,1143,1582.5245032283574
2026,1167,1193.8180268991084
2026,1141,1367.9314918878902
2026,1111,1517.993239928891
2026,1140,1666.7495873303774
2026,1437,1709.4431837549052
2026,1138,1427.426024739885
2026,1379,1589.4007268898047
2026,1137,1296.610616764811
2026,1174,1372.1499458914832
2026,1132,1460.3287448671517
2026,1402,1567.349469056138
2026,1131,1518.8948064201165
2026,1318,1273.4006857173108
2026,1125,1681.0247565109019
2026,1102,1158.9367179298506
2026,1124,1527.2074062356237
2026,1410,1593.8452110796009
2026,1123,1447.778247444481
2026,1418,1412.8921539998523
2026,1120,1521.8672335940364
2026,1126,1491.468333082606
2026,1117,1550.0750445009242
2026,1325,1438.316992697701
2026,1116,1834.7529825857653
2026,1380,1477.2966769121047
2026,1112,1969.9224488320012
2026,1196,1852.3307363475303
2026,1104,1729.7068753471622
2026,1315,1514.4805286560345
2026,1281,1596.3824136362996
2026,1224,1598.2903109749861
2026,1179,1425.0096498440396
2026,1319,1257.6328455535033
2026,1182,1533.929528192341
2026,1310,1301.0007757819344
2026,1173,1704.9645053939835
2026,1145,1301.2971840170032
2026,1194,1496.7050857348443
2026,1130,1433.1963279930492
2026,1278,1508.3497105809938
2026,1205,1181.9442602194842
2026,1277,1766.931461551223
2026,1159,1447.7276209480597
2026,1276,1931.321249638409
2026,1324,1440.5373835572045
2026,1275,1813.9403497150267
2026,1330,1412.7252734436395
2026,1274,1759.770009469506
2026,1239,1337.9063205272662
2026,1268,1430.5740331014365
2026,1164,1274.8792227745134
2026,1267,1509.3247060989092
2026,1269,1469.5514615641257
2026,1266,1507.1598496338868
2026,1107,1310.3973710491673
2026,1260,1392.6061687709548
2026,1156,1333.0638195891001
2026,1185,1284.157433432202
2026,1209,1295.973265890292
2026,1242,1744.9869646885193
2026,1453,1519.0144198734288
2026,1235,1773.6657891083184
2026,1192,1302.1678099379892
2026,1257,1713.478632223671
2026,1354,1336.6978227260468
2026,1227,1573.3551928744937
2026,1178,1589.927730733716
2026,1225,1579.5688760850985
2026,1450,1393.520889127219
2026,1222,1823.0374380628205
2026,1250,1555.0125009242922
2026,1219,1767.6337899925818
2026,1202,1577.0488220672023
2026,1213,1595.2654608735622
2026,1236,1464.0179164012386
2026,1211,1866.7867947941163
2026,1411,1374.2772775566855
2026,1210,1340.2412271628352
2026,1271,1182.1240789086542
2026,1208,1646.1523894998566
2026,1468,1397.5914108293823
2026,1207,1531.5989979470653
2026,1288,1402.8002071035874
2026,1228,1726.1350215380676
2026,1238,1372.1456224807296
2026,1206,1556.9497932896593
2026,1459,1434.4377100721035
2026,1203,1516.1665609990382
2026,1263,1263.8844650787046
2026,1361,1683.7065527766647
2026,1253,1357.0459580831407
2026,1376,1428.34961747767
2026,1299,1335.379492951454
2026,1390,1611.587656820923
2026,1340,1505.1317142556159
2026,1345,1817.732742682842
2026,1191,1300.8794558031243
2026,1434,1547.897973091098
2026,1183,1367.6991898781612
2026,1452,1540.323410141716
2026,1291,1503.7577086326198
2026,1455,1696.8125491953342
2026,1421,1441.7099235362512
2026,1403,1706.4510362677909
2026,1473,1431.188081242764
2026,1332,1454.4115190549214
2026,1218,1667.8028821026169
2026,1404,1502.3919424146263
2026,1424,1587.375869498744
2026,1312,1400.1933167885447
2026,1200,1497.960448352388
2026,1305,1611.8230652237055
2026,1256,1557.2571537232955
2026,1246,1660.2323919104485
2026,1311,1429.7618191161073
2026,1243,1426.4019912927156
2026,1422,1449.1237332995963
2026,1234,1601.0845258933625
2026,1352,1626.334451911825
2026,1199,1685.775539363315
2026,1108,1298.440715527832
2026,1187,1412.923661071519
2026,1204,1580.5228069348536
2026,1181,2000.7263324196065
2026,1400,1559.6606383760575
2026,1113,1594.14626193506
2026,1381,1376.8070193866326
2026,1329,1565.9461023737906
2026,1331,1312.916437105768
2026,1413,1512.3680136564335
2026,1396,1406.7494989470301
2026,1175,1208.895091542824
2026,1201,1411.730079468497
2026,1353,1502.7777617428906
2026,1307,1623.5796083446685
2026,1477,1279.8663249763983
2026,1280,1430.442841816233
2026,1466,1262.8398155589393
2026,1258,1396.6498671507836
2026,1247,1362.869016766679
2026,1231,1545.6810956986906
2026,1105,1405.0064076261049
2026,1166,1493.0668635754262
2026,1139,1481.322342374879
2026,1475,1258.7426343398618
2026,1261,1410.4634228406733
2026,1148,1465.16830651608
2026,1394,1514.6168624809727
2026,1415,1341.6826764686962
2026,1478,1351.9967388150303
2026,1339,1441.6233361803208
2026,1320,1644.6437867877191
2026,1169,1547.2868304725364
2026,1229,1577.254282540261
2026,1101,1396.1625426269356
2026,1460,1671.808043897155
2026,1316,1242.0359028442363
2026,1154,1358.3199300239587
2026,1317,1557.3906590807246
2026,1212,1301.7524351980742
2026,1372,1734.9016793332144
2026,1365,1766.1917174928994
2026,1270,1797.7407364550702
2026,1356,1520.0931450142455
2026,1282,1091.1881499437425
2026,1255,1408.047883317708
2026,1349,1431.0194614007787
2026,1135,1341.297085899188
2026,1151,1349.8763250172265
2026,1429,1790.3368174656202
2026,1409,1692.4579130860839
2026,1337,1336.6045655242413
2026,1440,1138.653406133151
2026,1287,1608.4051865361373
2026,1463,1684.4140296260427
2026,1414,1649.8539319672452
2026,1358,1581.1390015179602
2026,1195,1437.9967123461126
2026,1162,1441.822955418436
2026,1172,1560.6179763757023
2026,1476,1338.8344916675496
2026,1357,1474.0583563566179
2026,1188,1463.3987766145362
2026,1427,1208.3350471846475
2026,1106,1263.7124921369154
2026,1262,1424.6396303250972
2026,1251,1615.8978676802687
2026,1158,1662.1662534737625
2026,1165,1550.2419099332042
2026,1233,1464.1390471774696
2026,1226,1313.8312934048952
2026,1360,1353.708435969422
2026,1297,1509.991490089459
2026,1392,1459.3806765669199
2026,1285,1485.2300124112096
2026,1180,1515.6312100646526
2026,1350,1364.8648156209379
2026,1364,1459.7053594970705
2026,1190,1553.9756742931777
2026,1119,1248.0526538064016
2026,1451,1449.0032703284494
2026,1341,1526.5844917852578
2026,1456,1539.161340298655
2026,1313,1361.2162464487672
2026,1461,1538.2290265963952
2026,1168,1585.4900589267384
2026,1471,1587.4161049241602
2026,1223,1370.0435319140631
2026,1426,1526.467413787334
2026,1334,1501.7931751701033
2026,1284,1618.7523456945237
2026,1343,1359.7442678734112
2026,1122,1578.7859190722681
2026,1398,1688.650905572282
2026,1129,1646.4036480139914
2026,1430,1705.4353964959776
2026,1198,1430.1466786477845
2026,1420,1659.612770503247
2026,1189,1377.4167882987913
2026,1272,1438.2466232063355
2026,1362,1512.5468086163646
2026,1244,1593.0887640220362
2026,1171,1366.0191761577712
2026,1264,1341.2355572977742
2026,1436,1552.0088424149951
2026,1335,1676.3221529634634
2026,1217,1578.019679290216
2026,1114,1349.9123021974965
2026,1249,1271.7824632009929
2026,1184,1320.2794854593492
2026,1423,1680.9078448013804
2026,1170,1299.8723043938926
2026,1283,1445.018350442945
2026,1431,1382.164462570217
2026,1292,1501.589011976887
2026,1240,1412.1598814067588
2026,1294,1531.934876333734
2026,1308,1470.1278395318027
