Season,Team1,Team2,SeedDiff,AvgScoringMarginDiff,WinRateDiff,EFGDifferentialDiff,Target,Team1MasseyRank,Team2MasseyRank,MasseyRankDiff
2003,1411,1421,0,9.208045977011494,0.1517241379310344,0.0459429844774722,0,250.4,251.6,-1.1999999999999886
2003,1112,1436,-15,10.30911330049261,0.2376847290640394,0.0443590268741523,1,2.6,156.8,-154.20000000000002
2003,1113,1272,3,-1.8965517241379315,-0.1724137931034483,-0.0241367094985988,1,34.8,20.8,13.999999999999996
2003,1141,1166,5,-8.805642633228839,-0.0856844305120166,-0.0207921916377749,1,40.8,23.0,17.799999999999997
2003,1143,1301,-1,0.3241379310344827,0.1241379310344827,-0.0077800644275026,1,33.8,47.0,-13.200000000000003
2003,1140,1163,7,0.1408602150537632,0.0419354838709677,-0.0225235375693422,0,30.4,24.4,6.0
2003,1161,1181,11,-10.233333333333333,-0.2333333333333334,0.0157430802018823,0,86.0,8.6,77.4
2003,1153,1211,-1,-3.049539170506913,-0.1347926267281106,-0.0366294058627305,0,43.8,44.6,-0.8000000000000043
2003,1228,1443,-9,7.355913978494623,0.0580645161290322,0.069842832735763,1,9.4,54.4,-45.0
2003,1242,1429,-13,9.1,0.0333333333333334,0.0572743699661797,1,5.6,97.8,-92.2
2003,1221,1266,11,0.4236453201970445,0.0406403940886699,-0.020769364093887,0,69.0,12.8,56.2
2003,1281,1356,-5,-1.1430107526881723,-0.1225806451612904,0.0309991809580377,1,23.2,47.0,-23.8
2003,1323,1454,-7,1.7365591397849451,-0.0569892473118279,0.0090020640685179,1,23.4,51.4,-28.0
2003,1328,1354,-15,9.466666666666669,0.1333333333333334,0.0391313799239555,1,6.4,208.6,-202.2
2003,1360,1390,9,-2.183179723502304,-0.1347926267281106,0.0026262205593998,0,86.0,24.6,61.4
2003,1173,1409,-9,-1.7753058954393772,0.1179087875417129,-0.0299567298688426,0,22.6,55.8,-33.199999999999996
2003,1451,1458,7,-5.000000000000001,0.1034482758620689,-0.0323711484705029,0,65.2,18.8,46.400000000000006
2003,1120,1386,3,-6.811494252873564,-0.1597701149425288,-0.0597593813508766,1,44.6,24.2,20.400000000000002
2003,1139,1280,7,-2.344827586206897,0.1275862068965517,0.0021947883085138,1,42.2,16.0,26.200000000000003
2003,1196,1358,-13,4.707287933094386,-0.003584229390681,-0.0015720939411156,1,9.2,117.0,-107.8
2003,1104,1231,3,0.7544642857142856,-0.0178571428571429,-0.0426679093588815,0,35.4,38.2,-2.8000000000000043
2003,1237,1246,15,-12.59375,-0.3125,-0.0989337260718662,0,141.8,1.0,140.8
2003,1122,1257,9,-11.366666666666667,-0.0592592592592593,-0.0542662767376725,0,97.2,11.2,86.0
2003,1268,1423,-5,2.1619047619047613,-0.1214285714285714,0.0190005547114363,1,24.8,49.4,-24.599999999999998
2003,1160,1277,3,-0.806451612903226,0.032258064516129,-0.010689310759177,0,36.2,32.6,3.6000000000000014
2003,1329,1335,-5,-4.260536398467433,-0.1251596424010216,-0.0361850521478467,1,26.8,51.2,-24.400000000000002
2003,1338,1447,-13,11.66989247311828,0.189247311827957,0.1105085161609363,1,3.2,158.8,-155.60000000000002
2003,1261,1345,-1,3.82258064516129,0.0345622119815667,0.0649047762921634,0,25.6,37.4,-11.799999999999997
2003,1264,1393,11,-1.793103448275863,-0.0344827586206896,-0.0254968726476074,0,61.6,12.8,48.8
2003,1400,1421,-15,17.419950738916256,0.3374384236453202,0.0645597790796234,1,7.4,251.6,-244.2
2003,1332,1428,-1,1.5166666666666666,-0.0479166666666667,-0.0054375598878873,0,34.6,37.4,-2.799999999999997
2003,1190,1448,13,-8.57088122605364,-0.197956577266922,-0.0497130896344901,0,128.8,10.6,118.20000000000002
2003,1407,1462,11,-3.466666666666667,0.0,-0.0255863513798578,0,71.2,16.2,55.0
2003,1112,1211,-8,6.0933179723502295,0.1509216589861751,0.0150671984334841,1,2.6,44.6,-42.0
2003,1163,1390,1,3.343010752688172,-0.0419354838709677,0.0496185928566107,1,24.4,24.6,-0.20000000000000284
2003,1141,1181,8,-5.463218390804597,-0.0068965517241379,0.0396751425686701,0,40.8,8.6,32.199999999999996
2003,1113,1242,8,-8.173563218390804,-0.1459770114942529,-0.0437215682008355,0,34.8,5.6,29.199999999999996
2003,1266,1281,-3,5.4239631336405525,0.1440092165898617,0.0179064734395594,1,12.8,23.2,-10.399999999999999
2003,1228,1323,-1,5.130107526881721,0.0903225806451613,0.0678705515892417,0,9.4,23.4,-13.999999999999998
2003,1143,1328,7,-6.275862068965517,-0.0758620689655172,-0.0385118691965252,0,33.8,6.4,27.4
2003,1409,1458,8,-3.7764182424916584,-0.0489432703003336,0.0334580191010465,0,55.8,18.8,37.0
2003,1120,1448,8,-6.259770114942528,-0.1942528735632184,-0.0113231434263172,1,44.6,10.6,34.0
2003,1139,1257,8,-5.711494252873564,0.0275862068965516,-0.0156280336991723,1,42.2,11.2,31.000000000000004
2003,1246,1428,-8,6.704166666666667,0.1395833333333332,0.0076147775044241,1,1.0,37.4,-36.4
2003,1268,1462,3,1.661904761904761,-0.1547619047619047,0.0379623318127181,1,24.8,16.2,8.600000000000001
2003,1196,1277,-5,4.967741935483872,0.1612903225806451,0.038840209782714,0,9.2,32.6,-23.400000000000002
2003,1231,1338,5,-12.235416666666667,-0.2416666666666667,-0.0867101190040102,0,38.2,3.2,35.0
2003,1329,1393,3,-3.6896551724137936,-0.1379310344827585,-0.0151467931048175,0,26.8,12.8,14.0
2003,1345,1400,8,-3.678571428571429,-0.1428571428571428,-0.0128892546940432,0,37.4,7.4,30.0
2003,1112,1323,-4,6.061059907834101,0.1831797235023041,0.0029601152225516,1,2.6,23.4,-20.799999999999997
2003,1181,1242,1,-3.4000000000000004,0.0333333333333333,-0.0298991218898541,0,8.6,5.6,3.0
2003,1246,1458,-4,1.4030172413793096,0.1476293103448276,0.031062035908374,1,1.0,18.8,-17.8
2003,1266,1338,1,-5.052380952380954,-0.0452380952380953,-0.0570791016367525,1,12.8,3.2,9.600000000000001
2003,1268,1277,-1,7.670506912442397,0.0656682027649769,0.044838533074398,0,24.8,32.6,-7.800000000000001
2003,1139,1328,11,-3.344827586206897,0.0275862068965516,-0.001458505680261,0,42.2,6.4,35.800000000000004
2003,1120,1393,7,-5.673563218390806,-0.1942528735632184,-0.0283287466696058,0,44.6,12.8,31.8
2003,1163,1400,4,-1.545238095238096,-0.0857142857142857,0.0614358850452592,0,24.4,7.4,17.0
2003,1112,1242,-1,-0.0023809523809532,0.1261904761904762,-0.004063149421632,0,2.6,5.6,-2.9999999999999996
2003,1246,1266,-2,2.7232142857142865,0.0848214285714286,0.0017815905315397,0,1.0,12.8,-11.8
2003,1328,1393,-2,0.7931034482758612,-0.0275862068965516,-0.0018036881738693,0,6.4,12.8,-6.4
2003,1277,1400,6,-3.920506912442397,-0.172811059907834,0.0082083292718987,0,32.6,7.4,25.200000000000003
2003,1242,1266,-1,4.252380952380953,-0.0547619047619046,-0.0094298704920123,1,5.6,12.8,-7.200000000000001
2003,1393,1400,2,0.0283251231527099,0.041871921182266,0.0359755895674017,1,12.8,7.4,5.4
2003,1242,1393,-1,4.759770114942528,-0.0609195402298849,-0.0058607038074486,0,5.6,12.8,-7.200000000000001
2004,1197,1250,0,-4.045238095238095,-0.1761904761904762,-0.0385428667299247,1,268.6,197.4,71.20000000000002
2004,1104,1356,-1,-3.620689655172413,-0.2758620689655172,0.0139423581982948,1,36.2,35.0,1.2000000000000028
2004,1163,1436,-13,10.851515151515152,0.0848484848484849,0.1188222174101955,1,7.8,136.8,-129.0
2004,1173,1177,3,0.6749999999999998,0.05,0.0157811503376424,0,47.8,43.6,4.199999999999996
2004,1106,1181,15,-13.947916666666666,-0.3104166666666667,-0.0694500068289649,0,263.4,1.8,261.59999999999997
2004,1211,1434,-13,15.586206896551726,0.3448275862068966,0.1007140568003051,1,8.2,131.6,-123.39999999999999
2004,1196,1264,-7,-3.0632183908045976,-0.160919540229885,0.0451295593937228,0,19.6,53.8,-34.199999999999996
2004,1268,1431,-9,-2.641379310344828,-0.125287356321839,-0.0310875983585278,1,18.4,50.0,-31.6
2004,1277,1305,-3,-5.2298850574712645,-0.1126436781609194,0.0044597452472917,0,39.8,30.6,9.199999999999996
2004,1102,1314,5,2.1428571428571432,0.1428571428571428,0.0876879558187793,0,48.4,14.8,33.599999999999994
2004,1112,1371,1,1.2820197044334982,0.0110837438423645,-0.0306476520570158,0,34.4,33.0,1.3999999999999986
2004,1251,1386,15,-14.543778801843317,-0.4158986175115208,-0.1271985674203243,0,179.8,4.4,175.4
2004,1390,1427,-15,13.447619047619046,0.3952380952380953,0.0739969528575589,1,5.8,204.2,-198.39999999999998
2004,1140,1393,7,0.7076719576719581,-0.0462962962962962,-0.0213055824666988,0,35.2,23.0,12.200000000000003
2004,1343,1400,11,-5.04102564102564,-0.0358974358974359,0.0383096384956282,0,107.4,15.8,91.60000000000001
2004,1150,1403,1,0.9278017241379306,0.0366379310344827,0.0322566117297764,0,34.0,31.2,2.8000000000000007
2004,1433,1448,9,-0.9452380952380954,0.0880952380952381,0.056450097347856,0,65.2,14.6,50.6
2004,1130,1428,-5,-2.290322580645161,-0.0231854838709677,-0.0470810181860893,1,32.0,38.2,-6.200000000000003
2004,1153,1190,-9,6.310344827586207,-0.0275862068965516,0.0318149711289309,1,13.0,60.2,-47.2
2004,1210,1320,-11,6.8157327586206895,0.0290948275862068,0.0555263910329488,1,9.8,74.6,-64.8
2004,1228,1293,-7,-1.666666666666668,-0.0333333333333333,-0.0119803672822929,1,16.0,57.6,-41.6
2004,1227,1242,9,0.8052995391705062,0.0599078341013824,-0.0550219598790932,0,62.4,19.4,43.0
2004,1197,1246,15,-12.2,-0.4,-0.0926171982453847,0,268.6,3.0,265.6
2004,1272,1376,-3,-0.508658008658009,0.0530303030303029,-0.0152521151208016,1,28.6,33.0,-4.399999999999999
2004,1280,1284,-13,8.946428571428571,0.2366071428571429,0.0584788487224479,1,6.8,166.6,-159.79999999999998
2004,1301,1418,-11,1.753315649867373,-0.0026525198938991,0.0182825255039986,1,10.8,67.8,-57.0
2004,1186,1329,13,-12.417487684729064,-0.3251231527093596,-0.0769931192863025,0,126.8,6.4,120.39999999999999
2004,1334,1344,7,-1.8119047619047624,0.0523809523809524,0.0188857747547604,1,68.2,21.6,46.6
2004,1338,1416,-11,4.470905172413794,0.0474137931034482,0.0270819195641695,1,6.8,81.8,-75.0
2004,1412,1449,1,4.3517241379310345,0.0563218390804598,0.0226195861448037,1,41.6,50.2,-8.600000000000001
2004,1435,1444,-5,-4.166666666666668,-0.1666666666666667,0.0057355579230156,1,26.2,26.6,-0.40000000000000213
2004,1350,1458,5,-6.435416666666667,-0.175,-0.0155096317669132,0,46.6,11.2,35.400000000000006
2004,1257,1462,3,4.318704284221525,-0.0073145245559038,0.0153148298330217,0,24.8,30.6,-5.800000000000001
2004,1104,1390,7,-8.47471264367816,-0.3804597701149426,-0.048047448613565,1,36.2,5.8,30.400000000000002
2004,1163,1177,-5,11.951515151515151,0.1181818181818182,0.0929243326848909,1,7.8,43.6,-35.800000000000004
2004,1181,1371,-7,6.959821428571429,0.1651785714285714,0.0155799602475433,1,1.8,33.0,-31.2
2004,1211,1305,-8,7.080459770114944,0.1977011494252873,0.0892876080712966,0,8.2,30.6,-22.400000000000002
2004,1386,1403,-7,9.316964285714285,0.2767857142857143,0.1193111278483468,1,4.4,31.2,-26.799999999999997
2004,1268,1393,-1,-0.5071428571428571,-0.1166666666666667,-0.0355367276090456,0,18.4,23.0,-4.600000000000001
2004,1314,1400,3,-3.1261904761904757,-0.1238095238095238,-0.0396047660791295,0,14.8,15.8,-1.0
2004,1264,1448,8,2.717980295566502,0.1490147783251231,0.0100026031308914,0,53.8,14.6,39.199999999999996
2004,1130,1210,3,-5.78125,0.0,-0.0642519181546052,0,32.0,9.8,22.2
2004,1153,1228,-1,4.2666666666666675,0.0,0.015960850436579,0,13.0,16.0,-3.0
2004,1242,1334,-8,1.3119047619047626,-0.0523809523809524,-0.0073570057176614,1,19.4,68.2,-48.800000000000004
2004,1272,1329,5,-6.667487684729063,-0.146551724137931,-0.0611526653200876,0,28.6,6.4,22.200000000000003
2004,1338,1458,-3,0.8145833333333332,0.0749999999999999,0.0542907106962856,1,6.8,11.2,-4.3999999999999995
2004,1246,1412,-8,2.7816091954022992,0.1770114942528735,0.043261570119469,0,3.0,41.6,-38.6
2004,1301,1435,-3,-0.9620689655172416,-0.0103448275862068,0.0116834441649327,0,10.8,26.2,-15.399999999999999
2004,1280,1462,-5,2.76082251082251,0.1958874458874459,0.0129688559641558,0,6.8,30.6,-23.8
2004,1104,1393,3,-1.3485221674876842,-0.1637931034482759,-0.0175726681189107,1,36.2,23.0,13.200000000000003
2004,1163,1435,-4,6.051515151515153,0.1181818181818182,0.0755518931298732,1,7.8,26.2,-18.4
2004,1329,1338,-1,1.5290948275862064,0.021551724137931,0.0043755303248103,1,6.4,6.8,-0.39999999999999947
2004,1386,1448,-3,8.107142857142856,0.2857142857142857,0.1043193501802441,1,4.4,14.6,-10.2
2004,1181,1228,-4,5.0479166666666675,0.0437499999999999,0.0271413300247694,1,1.8,16.0,-14.2
2004,1210,1305,-7,1.447916666666666,-0.0145833333333332,0.0591403921535061,1,9.8,30.6,-20.8
2004,1242,1412,-5,-0.8731527093596059,0.0246305418719211,0.0400891456771954,1,19.4,41.6,-22.200000000000003
2004,1400,1462,-4,2.672727272727272,0.0696969696969697,0.0023416276562875,0,15.8,30.6,-14.8
2004,1104,1163,6,-10.39289446185998,-0.2319749216300941,-0.0831421506058909,0,36.2,7.8,28.400000000000002
2004,1329,1386,1,-1.9753694581280783,-0.0677339901477832,-0.0373093140930227,1,6.4,4.4,2.0
2004,1181,1462,-6,6.7206439393939394,0.1467803030303029,0.0418705689729204,1,1.8,30.6,-28.8
2004,1210,1242,-1,4.102678571428571,0.0044642857142856,0.0328278141927259,1,9.8,19.4,-9.599999999999998
2004,1163,1181,1,0.3702651515151522,-0.0255681818181817,0.0337307249457522,1,7.8,1.8,6.0
2004,1210,1329,1,-3.5290948275862064,-0.177801724137931,0.0031465146827851,1,9.8,6.4,3.4000000000000004
2004,1163,1210,-1,4.370265151515152,0.0994318181818182,0.0221290515492373,1,7.8,9.8,-2.000000000000001
2005,1105,1324,0,4.413793103448276,0.1724137931034483,0.0293313116236362,0,263.4,188.2,75.19999999999999
2005,1112,1429,-11,-5.362658846529815,0.0439882697947214,-0.1046322134703172,1,11.0,44.4,-33.4
2005,1130,1335,-9,0.4642857142857144,0.1428571428571428,-0.0236457342241914,1,16.6,80.2,-63.6
2005,1153,1234,-3,5.8125,0.1179435483870967,0.0188998857388199,1,23.4,28.0,-4.600000000000001
2005,1211,1457,-11,2.1724137931034475,0.0344827586206896,0.0248369952762649,1,17.2,93.8,-76.6
2005,1192,1228,15,-14.044965786901273,-0.3567937438905181,-0.0967612371524339,0,186.6,1.4,185.2
2005,1184,1246,13,-8.944444444444445,-0.1296296296296296,-0.0067359354943609,0,137.6,10.0,127.6
2005,1305,1400,1,-1.3103448275862073,0.1379310344827586,-0.0248131022278773,1,45.2,34.4,10.800000000000004
2005,1310,1328,11,-5.387096774193548,-0.0845383759733036,-0.0858007312066415,0,117.4,14.2,103.2
2005,1334,1338,-1,-0.5307881773399004,0.1822660098522167,0.0279401906925463,1,34.0,25.0,9.0
2005,1403,1417,-5,5.395238095238096,0.0238095238095237,-0.0008912720455813,1,29.6,41.8,-12.199999999999996
2005,1261,1412,-5,-1.8097886540600667,0.0122358175750835,0.0116174620021451,0,27.6,51.6,-24.0
2005,1428,1431,-5,1.2770833333333336,0.0520833333333333,0.051424266985576,1,23.2,49.4,-26.2
2005,1151,1448,13,-8.401433691756273,-0.2090800477897252,-0.0655104341507383,0,147.4,4.6,142.8
2005,1285,1449,15,-12.556451612903226,-0.2672811059907835,-0.0098225149613588,0,174.6,6.6,168.0
2005,1166,1452,3,2.029325513196481,0.0195503421309873,0.0201736774092335,0,42.4,33.6,8.799999999999997
2005,1104,1454,-7,0.7851851851851848,-0.048148148148148,0.0386725180606091,0,16.0,43.2,-27.200000000000003
2005,1137,1242,11,-5.077864293659623,-0.0834260289210233,-0.0296518119585157,1,109.4,10.0,99.4
2005,1163,1416,-13,8.689655172413794,0.0344827586206896,0.015405586237697,1,12.0,156.4,-144.4
2005,1175,1181,15,-13.404166666666669,-0.2395833333333333,-0.1409832352745265,0,185.8,3.4,182.4
2005,1196,1325,-9,10.294623655913975,0.089247311827957,0.0857408168188582,1,13.8,78.4,-64.60000000000001
2005,1203,1210,7,2.043678160919539,0.125287356321839,-0.0296372320717387,0,40.4,22.8,17.599999999999998
2005,1235,1278,1,-1.3715239154616246,-0.0567296996662958,-0.0327736202033053,1,47.2,35.6,11.600000000000001
2005,1257,1418,-9,13.765294771968854,0.2157953281423804,0.1253404101564136,1,8.8,68.2,-59.400000000000006
2005,1277,1330,-7,4.9017857142857135,-0.0580357142857143,0.0328727839420053,1,11.8,53.8,-42.0
2005,1280,1390,1,4.370833333333334,0.0875,0.0280459802251136,1,35.0,41.2,-6.200000000000003
2005,1150,1301,-3,-1.1830357142857144,0.15625,-0.045779870808724,0,41.8,30.8,10.999999999999996
2005,1314,1324,-15,21.654060066740826,0.4916573971078977,0.1303721838411124,1,1.8,188.2,-186.39999999999998
2005,1329,1368,-13,7.241379310344827,0.0893997445721583,0.0489453871139661,1,7.8,134.6,-126.8
2005,1356,1388,-3,2.071572580645161,0.0393145161290322,-0.0082343099585218,1,30.6,39.2,-8.600000000000001
2005,1393,1436,-9,0.0606060606060605,0.0181818181818181,0.0210030606859229,0,15.2,60.6,-45.400000000000006
2005,1307,1437,7,-0.1679644048943274,0.0478309232480533,0.0426906194988582,0,37.4,15.6,21.799999999999997
2005,1320,1458,5,-1.833333333333333,-0.0666666666666666,0.0200978340164235,0,55.8,19.2,36.599999999999994
2005,1112,1412,-8,3.863147605083089,0.1407624633431086,0.0275448703715924,1,11.0,51.6,-40.6
2005,1228,1305,-8,10.268547544409614,0.1765935214211076,0.048605311497789,1,1.4,45.2,-43.800000000000004
2005,1153,1246,5,0.166666666666666,-0.0591397849462366,0.0169640677699453,0,23.4,10.0,13.399999999999999
2005,1211,1403,-3,1.929885057471264,0.1954022988505747,0.0476457387565816,0,17.2,29.6,-12.400000000000002
2005,1328,1428,-3,1.9537634408602145,-0.0591397849462366,0.004304871677485,0,14.2,23.2,-9.0
2005,1334,1449,7,-3.944382647385984,0.0578420467185761,0.0518728873161781,0,34.0,6.6,27.4
2005,1448,1452,-5,6.774193548387097,0.1612903225806452,0.0399669186378904,0,4.6,33.6,-29.0
2005,1130,1454,-8,-1.7076719576719572,0.0423280423280423,-0.0317773055416197,0,16.6,43.2,-26.6
2005,1181,1280,-8,7.529166666666667,0.1458333333333333,0.0736872786230353,1,3.4,35.0,-31.6
2005,1210,1257,1,-9.636559139784945,-0.2376344086021505,-0.050157636037369,0,22.8,8.8,14.0
2005,1277,1436,-8,4.0476190476190474,-0.0142857142857143,0.0169711931627225,1,11.8,60.6,-48.8
2005,1163,1301,-8,4.393318965517242,0.1648706896551723,0.0252353993911126,0,12.0,30.8,-18.8
2005,1235,1314,8,-14.274749721913237,-0.25027808676307,-0.0930018256155946,0,47.2,1.8,45.400000000000006
2005,1329,1356,-5,5.460129310344827,0.0118534482758621,0.0364917458952905,1,7.8,30.6,-22.8
2005,1196,1437,-1,3.0298850574712635,0.0080459770114943,0.0427445944543818,0,13.8,15.6,-1.799999999999999
2005,1137,1458,8,-2.404301075268817,-0.0236559139784945,0.0283810505590861,0,109.4,19.2,90.2
2005,1112,1329,1,-2.1201671891327063,0.0250783699059561,-0.0317718617972548,1,11.0,7.8,3.2
2005,1228,1454,-11,7.48821548821549,0.1548821548821549,0.045885501854006,1,1.4,43.2,-41.800000000000004
2005,1257,1449,3,5.096774193548386,0.032258064516129,0.0724618578195271,1,8.8,6.6,2.200000000000001
2005,1403,1452,-1,3.450537634408602,-0.010752688172043,-3.889989923566706e-06,0,29.6,33.6,-4.0
2005,1246,1428,-4,1.4000000000000004,0.0,-0.0225574520979189,1,10.0,23.2,-13.2
2005,1181,1277,-4,-0.7476190476190467,0.0476190476190476,0.0336218196261253,0,3.4,11.8,-8.4
2005,1314,1437,-4,7.412680756395995,0.1123470522803115,0.0358266565932431,1,1.8,15.6,-13.799999999999999
2005,1301,1458,4,-0.0645833333333332,-0.1395833333333332,0.0130730499189582,0,30.8,19.2,11.600000000000001
2005,1112,1228,2,-7.181818181818183,-0.1515151515151515,-0.06495651252368,0,11.0,1.4,9.6
2005,1257,1452,-3,13.387096774193548,0.1935483870967742,0.0967457931164126,1,8.8,33.6,-24.8
2005,1246,1277,-3,-2.8809523809523796,0.0476190476190476,-0.0162491498655459,0,10.0,11.8,-1.8000000000000007
2005,1314,1458,-5,10.98279569892473,0.1376344086021506,0.052997179233009,1,1.8,19.2,-17.4
2005,1228,1257,-3,-0.6001955034213076,0.0987292277614858,-0.0189404923726133,1,1.4,8.8,-7.4
2005,1277,1314,4,-3.8018433179723505,-0.0852534562211981,-0.0231791704800772,0,11.8,1.8,10.0
2005,1228,1314,0,-1.2130987292277595,0.0987292277614858,0.0064441417504393,0,1.4,1.8,-0.40000000000000013
2006,1214,1284,0,2.15625,-0.0463709677419355,-0.022191622294043,0,269.2,175.2,94.0
2006,1104,1266,3,-1.724137931034483,-0.0689655172413793,-0.0321236416468755,1,58.4,30.6,27.799999999999997
2006,1130,1334,-9,-2.481681034482758,0.0226293103448276,-0.0210371608348859,1,16.4,80.4,-64.0
2006,1181,1380,-15,12.287390029325511,0.2961876832844574,0.0522140458714824,1,1.4,184.8,-183.4
2006,1196,1375,-11,6.277951933124346,0.0250783699059561,0.0762344351299936,1,8.2,67.6,-59.39999999999999
2006,1203,1423,-1,3.5982142857142865,0.1473214285714286,0.0067252608724855,1,23.0,45.0,-22.0
2006,1211,1462,-11,-0.8827956989247303,0.2225806451612904,-0.0446516528449889,1,18.8,62.4,-43.599999999999994
2006,1102,1228,9,-2.942396313364055,-0.02073732718894,0.0195523341100486,0,51.6,9.8,41.8
2006,1231,1361,-5,-1.8574712643678168,-0.1126436781609194,0.028733338315994,1,35.8,53.6,-17.800000000000004
2006,1233,1261,9,-1.0999999999999996,0.0333333333333334,0.006840419704802,0,61.4,15.2,46.2
2006,1285,1305,7,-2.217443249701315,-0.060931899641577,1.1744805420099702e-05,1,81.8,25.8,56.0
2006,1397,1457,-13,-4.035714285714286,0.0,-0.0430845390248438,1,16.6,92.6,-76.0
2006,1393,1401,-7,-4.905679513184584,-0.0476673427991886,-0.0027319449260446,0,31.4,30.2,1.1999999999999993
2006,1125,1417,13,-3.5545454545454547,-0.1515151515151516,0.0072704286992809,0,152.2,10.0,142.2
2006,1429,1449,7,-5.833333333333333,-0.0666666666666667,0.0388697979621853,0,64.0,19.2,44.8
2006,1328,1454,-5,-2.2142857142857144,0.0,-0.0031231780614706,0,29.8,63.2,-33.400000000000006
2006,1371,1455,3,-5.394883203559511,-0.1212458286985539,-0.0523432464583406,0,56.4,33.4,23.0
2006,1112,1458,-1,-1.4290322580645158,-0.0204301075268816,-0.042332469594333,1,36.2,37.8,-1.5999999999999943
2006,1133,1242,9,-6.0569892473118285,-0.1075268817204301,-0.0550812333976698,1,41.8,10.0,31.799999999999997
2006,1116,1137,-1,-1.3971078976640712,-0.1523915461624025,-0.0505369653467314,0,22.0,48.0,-26.0
2006,1107,1163,15,-11.319354838709678,-0.2225806451612904,-0.0588368442768343,0,136.6,2.2,134.4
2006,1206,1277,5,5.129166666666666,0.1104166666666667,0.0630705746927877,1,43.2,23.4,19.800000000000004
2006,1207,1320,-3,0.3333333333333339,0.0,-0.0064671418635001,1,20.8,33.4,-12.599999999999998
2006,1246,1412,-1,-3.668756530825497,-0.1567398119122257,0.006671343708513,1,32.6,40.8,-8.199999999999996
2006,1272,1331,-15,8.514173998044967,0.2639296187683284,0.0549039219382443,1,6.0,119.0,-113.0
2006,1143,1301,-3,-3.5666666666666664,-0.0333333333333333,-0.0856847173071156,0,46.8,31.0,15.799999999999997
2006,1293,1314,11,-1.7931034482758612,0.0344827586206897,-0.0061082441702388,0,84.8,8.8,76.0
2006,1234,1322,-11,1.4639498432601885,-0.0010449320794148,0.0137399964057092,0,13.4,83.8,-70.39999999999999
2006,1172,1326,13,-5.792592592592592,-0.2037037037037037,-0.047988637724026,0,119.4,7.8,111.60000000000001
2006,1245,1338,7,-2.73991935483871,-0.0241935483870967,-0.0345018655868389,0,58.0,10.6,47.4
2006,1335,1400,13,-7.104377104377106,-0.1144781144781145,-0.0594981744968748,0,102.8,5.8,97.0
2006,1284,1437,15,-10.776939655172416,-0.2995689655172413,0.0164441419461389,0,175.2,3.4,171.79999999999998
2006,1356,1452,5,-0.5884315906562847,0.0545050055617353,-0.0012123775670999,0,44.2,23.2,21.000000000000004
2006,1130,1285,-8,0.8414351851851851,0.0034722222222222,-0.000357519337688,1,16.4,81.8,-65.4
2006,1181,1203,-7,1.2597402597402585,-0.0194805194805195,0.043481571373518,1,1.4,23.0,-21.6
2006,1196,1454,-8,6.699134199134199,0.1038961038961039,0.104771297606849,1,8.2,63.2,-55.0
2006,1211,1231,-3,2.357471264367817,0.2793103448275862,-0.0232423399616488,1,18.8,35.8,-16.999999999999996
2006,1261,1401,-8,0.7747126436781606,0.0091954022988505,0.0047522674981175,1,15.2,30.2,-15.0
2006,1104,1417,8,-6.626959247648903,-0.2319749216300941,-0.05407912602036,0,58.4,10.0,48.4
2006,1228,1449,-1,-1.0956989247311828,0.0064516129032257,0.0267939421553325,0,9.8,19.2,-9.399999999999999
2006,1397,1455,-5,0.8686635944700463,0.0080645161290322,-0.0306079295590975,0,16.6,33.4,-16.799999999999997
2006,1133,1338,8,-2.444086021505377,-0.1075268817204301,-0.0004785865430473,1,41.8,10.6,31.199999999999996
2006,1163,1246,-7,11.05151515151515,0.2636363636363636,0.0554958257036726,1,2.2,32.6,-30.400000000000002
2006,1206,1314,8,-0.9160919540229884,0.0080459770114943,0.0249063992347208,1,43.2,8.8,34.400000000000006
2006,1207,1326,5,-4.0666666666666655,-0.1333333333333334,-0.0196713214691743,1,20.8,7.8,13.0
2006,1137,1272,8,-4.375130616509928,-0.0470219435736677,0.0020831451051994,0,48.0,6.0,42.0
2006,1301,1400,8,-7.996969696969698,-0.1181818181818182,0.0021395485107111,0,31.0,5.8,25.2
2006,1112,1437,7,-6.749721913236931,-0.2491657397107897,-0.0578071292239708,0,36.2,3.4,32.800000000000004
2006,1322,1452,8,0.5517241379310347,0.1034482758620689,0.0178520685406757,0,83.8,23.2,60.599999999999994
2006,1181,1261,-3,4.012121212121212,0.1757575757575757,0.0478806183965322,0,1.4,15.2,-13.799999999999999
2006,1133,1272,12,-7.796969696969698,-0.2424242424242424,-0.0386607252602344,0,41.8,6.0,35.8
2006,1400,1452,-4,10.409613375130618,0.1630094043887148,0.0745721545238872,1,5.8,23.2,-17.4
2006,1211,1417,1,-1.8212121212121213,0.0818181818181817,-0.0397205295544435,0,18.8,10.0,8.8
2006,1163,1449,-4,2.9333333333333336,0.0999999999999999,0.0470670259464821,1,2.2,19.2,-17.0
2006,1196,1207,-4,7.351515151515151,0.1181818181818182,0.0594657560309725,1,8.2,20.8,-12.600000000000001
2006,1206,1455,4,3.7924731182795695,0.0247311827956989,0.0625924311996272,1,43.2,33.4,9.800000000000004
2006,1130,1437,3,-3.9644396551724146,-0.0808189655172413,0.027969225870052,0,16.4,3.4,12.999999999999998
2006,1261,1400,2,-6.496969696969698,-0.0848484848484849,-0.045330163577831,1,15.2,5.8,9.399999999999999
2006,1272,1417,-1,5.575757575757576,0.0909090909090908,0.0084134729452222,0,6.0,10.0,-4.0
2006,1196,1437,2,2.86415882967607,-0.043887147335423,0.0866352872470828,1,8.2,3.4,4.799999999999999
2006,1163,1206,-10,5.333333333333334,0.1333333333333333,-0.0085834391207404,0,2.2,43.2,-41.0
2006,1196,1206,-8,3.918181818181818,0.0515151515151515,0.0149276053707023,1,8.2,43.2,-35.0
2006,1261,1417,2,0.0787878787878781,-0.0848484848484849,-0.0278203502105803,0,15.2,10.0,5.199999999999999
2006,1196,1417,1,5.030303030303029,0.0,0.0401453010658668,1,8.2,10.0,-1.8000000000000007
2007,1197,1310,0,-3.720430107526882,-0.086021505376344,0.0273657748056591,0,219.2,148.8,70.39999999999998
2007,1130,1403,-3,1.8347996089931575,0.0087976539589442,0.0512718091153579,1,39.0,60.2,-21.200000000000003
2007,1139,1330,-7,3.38608870967742,0.0564516129032257,0.0408683669466998,1,36.4,60.6,-24.200000000000003
2007,1125,1207,13,-3.27116935483871,-0.1028225806451612,-0.0132605156994895,0,123.0,6.8,116.2
2007,1211,1231,3,0.2969696969696986,0.0303030303030303,0.022588704879251,0,51.2,28.4,22.800000000000004
2007,1257,1390,-5,5.220430107526882,0.1096774193548387,0.0030605510089031,1,21.6,56.0,-34.4
2007,1172,1268,9,-0.6159274193548381,0.1209677419354838,-0.0617960009656931,0,46.4,12.4,34.0
2007,1266,1277,-1,-0.9564393939393944,0.0520833333333333,-0.0546308258058228,0,27.8,26.8,1.0
2007,1184,1314,15,-16.31372549019608,-0.1901960784313725,-0.0560166114541584,0,170.0,1.8,168.2
2007,1148,1326,15,-9.909090909090908,-0.2424242424242424,-0.0737410320919464,0,160.0,2.8,157.2
2007,1338,1460,-11,5.737132352941176,0.0753676470588234,0.0488843006351492,1,11.0,84.4,-73.4
2007,1335,1401,11,-10.57730812013348,-0.082313681868743,-0.0876366689834353,0,95.2,8.6,86.60000000000001
2007,1417,1451,-13,10.65,0.2261904761904762,0.0184789251503948,1,6.6,160.2,-153.6
2007,1181,1433,-5,-1.3428030303030312,-0.1306818181818182,0.0530753376339676,0,14.0,52.6,-38.6
2007,1203,1435,5,2.6043010752688174,0.1086021505376344,0.0148362486970068,0,72.6,49.6,22.999999999999993
2007,1331,1450,11,-1.15625,-0.09375,0.001339601231711,0,93.0,22.2,70.8
2007,1140,1462,-1,-3.90625,0.0,-0.0085053567726176,0,39.4,34.6,4.799999999999997
2007,1196,1238,-15,19.037433155080215,0.2468805704099821,0.1751084715136884,1,4.0,232.8,-228.8
2007,1242,1310,-15,15.078431372549018,0.2156862745098039,0.1393398955972742,1,3.4,148.8,-145.4
2007,1246,1437,-1,-1.327620967741935,-0.0211693548387096,0.0595385279283696,1,18.8,19.0,-0.1999999999999993
2007,1272,1317,-13,13.142424242424244,0.2424242424242424,0.0675029260300314,1,7.8,155.4,-147.6
2007,1166,1305,3,-3.700604838709678,-0.1834677419354838,-0.0675201453892752,0,26.8,35.4,-8.599999999999998
2007,1275,1332,11,-8.298295454545455,-0.2253787878787878,0.0164083363969878,0,98.6,14.8,83.8
2007,1112,1345,-1,-0.9083333333333332,0.0104166666666666,-0.0248202312288716,0,21.8,35.6,-13.8
2007,1221,1356,9,0.9412878787878788,-0.0549242424242424,-0.021809685687942,0,84.4,18.2,66.2
2007,1253,1397,7,1.4145833333333335,0.0791666666666667,0.0205189529853191,0,94.2,28.0,66.2
2007,1308,1400,9,-4.710227272727273,0.0227272727272727,-0.0040808873099337,0,78.2,18.6,59.6
2007,1210,1424,3,1.459433040078201,-0.1730205278592376,0.0142896962289852,0,26.8,28.6,-1.8000000000000007
2007,1116,1425,7,-0.7058823529411766,-0.0588235294117647,-0.0247816270223388,0,37.4,40.2,-2.8000000000000043
2007,1107,1438,9,-1.9084051724137927,0.0635775862068965,-0.0073808223344667,0,119.6,47.2,72.39999999999999
2007,1228,1439,7,0.4497153700189749,0.0313092979127135,0.0061555762796342,0,33.8,33.2,0.5999999999999943
2007,1323,1457,-5,2.491935483870968,-0.0829493087557603,-0.0092713539963857,0,19.0,54.2,-35.2
2007,1394,1458,13,-4.1529411764705895,-0.0529411764705881,0.0169542313095228,0,94.8,6.0,88.8
2007,1139,1268,1,-0.5514112903225801,0.0564516129032257,-0.0221832037261371,1,36.4,12.4,24.0
2007,1130,1207,5,-6.819556451612903,-0.1673387096774193,-0.0867657938648068,0,39.0,6.8,32.2
2007,1277,1314,8,-9.75311942959002,-0.1568627450980392,-0.0049892424717003,0,26.8,1.8,25.0
2007,1326,1462,-8,1.8598484848484844,0.159090909090909,0.0107231502557315,1,2.8,34.6,-31.8
2007,1338,1433,-8,-1.3244206773618554,-0.0240641711229947,0.0483562572220416,1,11.0,52.6,-41.6
2007,1257,1401,3,-8.741935483870968,-0.096774193548387,-0.0927256310807806,0,21.6,8.6,13.000000000000002
2007,1231,1417,5,-2.666666666666668,-0.1666666666666667,-0.0027726326373514,0,28.4,6.6,21.799999999999997
2007,1435,1450,3,-3.1395833333333334,-0.1479166666666667,-0.0369784100579672,1,49.6,22.2,27.400000000000002
2007,1196,1345,-8,10.889705882352942,0.1966911764705882,0.1015644430657064,1,4.0,35.6,-31.6
2007,1242,1246,-7,11.255514705882351,0.2261029411764705,0.0390532717551114,1,3.4,18.8,-15.4
2007,1272,1305,-5,6.823069403714564,0.0381231671554251,-0.0046864718566247,1,7.8,35.4,-27.599999999999998
2007,1332,1457,-8,-0.795454545454545,-0.0692640692640692,-0.0366641562621082,1,14.8,54.2,-39.400000000000006
2007,1356,1439,-1,-0.965725806451613,0.1673387096774193,0.0054473921943964,1,18.2,33.2,-15.000000000000004
2007,1397,1438,1,-0.4709051724137927,0.0323275862068965,-0.0339582444335964,1,28.0,47.2,-19.200000000000003
2007,1424,1458,5,-4.731729055258468,-0.0347593582887699,-0.0285691043779464,1,28.6,6.0,22.6
2007,1400,1425,-1,3.8903743315508024,0.0508021390374331,-0.0376915314679473,0,18.6,40.2,-21.6
2007,1242,1356,-3,11.474264705882351,0.0698529411764705,0.0699059310178063,1,3.4,18.2,-14.799999999999999
2007,1272,1401,-1,0.1133919843597262,0.1026392961876833,-0.0425865563810236,1,7.8,8.6,-0.7999999999999998
2007,1326,1397,-4,8.266098484848484,0.221590909090909,0.0852357945384308,1,2.8,28.0,-25.2
2007,1338,1417,1,-2.6941176470588246,-0.0392156862745098,0.0017157421743872,0,11.0,6.6,4.4
2007,1139,1196,4,-6.409867172675522,-0.0464895635673624,-0.0752708535379672,0,36.4,4.0,32.4
2007,1207,1435,-4,7.327083333333333,0.1791666666666667,0.1083839381756979,1,6.8,49.6,-42.800000000000004
2007,1314,1425,-4,11.764705882352942,0.1470588235294117,0.0061551587924724,1,1.8,40.2,-38.400000000000006
2007,1332,1424,-4,2.333333333333334,-0.0303030303030303,0.009592350724171,1,14.8,28.6,-13.8
2007,1272,1326,1,3.757575757575758,0.0,0.0091711361010016,0,7.8,2.8,5.0
2007,1242,1417,-1,6.011764705882351,0.0490196078431371,0.0475904402092935,0,3.4,6.6,-3.1999999999999997
2007,1196,1332,-2,7.310160427807487,0.0650623885918003,0.105063208777378,1,4.0,14.8,-10.8
2007,1207,1314,1,-6.553308823529413,-0.0110294117647058,0.044193335447635,1,6.8,1.8,5.0
2007,1196,1417,-1,6.364705882352942,0.0196078431372548,0.0845063132589327,1,4.0,6.6,-2.5999999999999996
2007,1207,1326,1,-1.8910984848484844,-0.096590909090909,0.0465297749437783,0,6.8,2.8,4.0
2007,1196,1326,0,4.279857397504458,-0.0561497326203208,0.0613242881253111,1,4.0,2.8,1.2000000000000002
2008,1164,1291,0,-9.533088235294118,-0.150735294117647,-0.1110502175575258,0,277.4,171.6,105.79999999999998
2008,1125,1181,13,-9.78125,-0.09375,-0.0518517365383854,0,123.4,6.0,117.4
2008,1242,1340,-15,13.74848484848485,0.2090909090909091,0.0683121787788877,1,2.6,114.0,-111.4
2008,1243,1425,5,3.9250000000000007,-0.0229166666666666,-0.0737596874215974,1,34.8,23.8,10.999999999999996
2008,1246,1266,5,-8.327083333333334,-0.11875,0.0291333536337292,0,58.2,17.8,40.400000000000006
2008,1277,1396,-7,5.2727272727272725,0.1212121212121212,0.0099830004149437,1,17.8,58.0,-40.2
2008,1206,1323,7,-2.521016617790812,-0.0772238514173997,-0.0044867185219617,0,84.8,22.2,62.599999999999994
2008,1331,1338,9,-1.555760368663595,-0.0009216589861751,0.0226148303092956,0,69.8,17.8,52.0
2008,1124,1345,5,-1.2645833333333334,-0.0833333333333333,0.040042419945604,0,40.4,26.6,13.799999999999997
2008,1165,1390,11,-2.4452214452214456,0.0198135198135198,0.017660277934239,0,98.8,12.0,86.8
2008,1140,1401,-1,1.7593582887700538,0.0971479500891264,0.0306637200361984,0,34.6,24.6,10.0
2008,1290,1417,15,-18.993939393939392,-0.409090909090909,-0.0959185062207431,0,285.4,3.0,282.4
2008,1245,1424,1,0.3345588235294121,0.0422794117647058,0.0380428791849832,0,41.6,43.6,-2.0
2008,1450,1457,-9,3.709677419354839,0.1048387096774193,0.0285064547411157,1,15.2,111.6,-96.39999999999999
2008,1112,1452,3,-6.642992424242424,-0.134469696969697,0.0159066500657835,0,32.8,23.0,9.799999999999997
2008,1168,1458,11,-3.995112414467254,-0.136852394916911,-0.0593886233173422,0,88.6,6.4,82.19999999999999
2008,1208,1462,11,-12.09375,-0.3181818181818182,-0.0870640526729363,0,87.0,15.6,71.4
2008,1116,1231,1,-3.8314393939393936,-0.1145833333333333,-0.0118340133702666,1,37.2,21.4,15.800000000000004
2008,1139,1375,-3,0.658266129032258,0.0997983870967742,0.0050471937796581,1,21.6,62.2,-40.6
2008,1172,1211,3,0.943548387096774,0.0252016129032257,-0.0293977261054807,1,29.6,28.8,0.8000000000000007
2008,1207,1420,-13,6.395161290322581,0.1018145161290322,0.1257820841787867,1,7.6,124.2,-116.60000000000001
2008,1129,1257,11,-5.46875,0.0,-0.0081472059827398,0,100.6,12.8,87.8
2008,1272,1426,-15,16.52310924369748,0.3634453781512605,0.0501005792938087,1,2.8,172.0,-169.2
2008,1274,1388,-3,-6.659139784946237,-0.1225806451612904,-0.0585653303695694,1,40.4,41.4,-1.0
2008,1280,1332,-1,3.644153225806452,0.1068548387096773,0.0382591367273473,1,34.0,42.6,-8.600000000000001
2008,1291,1314,15,-13.408088235294118,-0.3786764705882353,-0.0073346984452936,0,171.6,2.0,169.6
2008,1328,1386,-5,-1.0303030303030305,0.0303030303030302,-0.0041931581499117,1,36.2,52.4,-16.199999999999996
2008,1163,1360,-9,7.09375,0.1439393939393939,0.0665746665344221,0,19.4,109.2,-89.80000000000001
2008,1373,1435,9,-0.4621212121212119,-0.1003787878787878,-0.0578809194161843,1,95.6,29.8,65.8
2008,1110,1397,13,-8.21875,-0.21875,0.0142999511913867,0,143.2,7.8,135.39999999999998
2008,1122,1400,13,-6.027629233511586,-0.1122994652406417,-0.071192353899862,0,138.4,8.0,130.4
2008,1155,1437,-7,6.15625,0.09375,0.0653315783246228,0,15.6,46.2,-30.6
2008,1179,1443,-7,-0.2505376344086034,0.0602150537634409,-0.037658368144338,0,18.0,50.8,-32.8
2008,1242,1424,-7,12.202651515151516,0.127840909090909,0.0908456993479376,1,2.6,43.6,-41.0
2008,1277,1338,1,0.3601731601731597,0.0147186147186146,0.0305203360451334,1,17.8,17.8,0.0
2008,1266,1390,3,1.5331439393939394,-0.0691287878787878,-0.0094148437441745,0,17.8,12.0,5.800000000000001
2008,1401,1417,8,-5.212121212121213,-0.212121212121212,0.0301907735595546,0,24.6,3.0,21.6
2008,1323,1450,1,0.0967741935483879,0.0241935483870967,-0.0075859104658215,0,22.2,15.2,7.0
2008,1181,1452,-5,3.388257575757576,0.1467803030303029,0.0248395809511576,0,6.0,23.0,-17.0
2008,1243,1458,8,-3.775757575757575,-0.2454545454545454,-0.0588421208301239,0,34.8,6.4,28.4
2008,1345,1462,3,-5.46875,-0.0681818181818182,-0.0816064365847644,0,26.6,15.6,11.000000000000002
2008,1172,1207,8,2.443548387096774,-0.0372983870967742,-0.0832601609462965,1,29.6,7.6,22.0
2008,1257,1328,-3,5.56344696969697,0.0833333333333333,0.0438719575724273,1,12.8,36.2,-23.400000000000002
2008,1272,1280,-7,11.027573529411764,0.2830882352941176,0.0053553895833606,1,2.8,34.0,-31.2
2008,1116,1314,8,-9.36452762923351,-0.2745098039215686,-0.001585001859055,0,37.2,2.0,35.2
2008,1139,1397,5,-0.9375,0.03125,0.0259969252406119,0,21.6,7.8,13.8
2008,1274,1400,5,-4.1652003910068425,-0.1407624633431086,-0.0292244384410841,0,40.4,8.0,32.4
2008,1373,1437,1,2.21875,0.0625,0.0161879154089807,0,95.6,46.2,49.39999999999999
2008,1360,1443,1,-9.483870967741936,-0.2003910068426196,-0.066521178640594,0,109.2,50.8,58.400000000000006
2008,1257,1397,1,-0.9375,-0.125,0.0465664393937437,1,12.8,7.8,5.000000000000001
2008,1314,1450,-3,5.970588235294118,0.1911764705882352,-0.0223396046837676,1,2.0,15.2,-13.2
2008,1417,1443,-11,2.9100684261974585,0.1026392961876833,-0.0248328476518725,1,3.0,50.8,-47.8
2008,1452,1462,4,-1.575757575757576,-0.1212121212121212,-0.0431378683207281,0,23.0,15.6,7.4
2008,1172,1458,7,0.6177908113391979,-0.072336265884653,-0.0153076663778098,1,29.6,6.4,23.200000000000003
2008,1242,1437,-11,15.983901515151516,0.284090909090909,0.1381525408454642,1,2.6,46.2,-43.6
2008,1272,1277,-4,9.755793226381462,0.21301247771836,0.0399253339894984,1,2.8,17.8,-15.0
2008,1390,1400,1,0.1212121212121211,-0.0303030303030303,0.004585748544599,0,12.0,8.0,4.0
2008,1257,1314,2,-5.376838235294118,-0.1911764705882352,0.0377257694299859,0,12.8,2.0,10.8
2008,1417,1462,-2,1.3939393939393945,0.0909090909090908,-0.039968793191432,1,3.0,15.6,-12.6
2008,1172,1242,9,-5.321603128054742,-0.1026392961876833,-0.0547322993661854,0,29.6,2.6,27.0
2008,1272,1400,-1,9.119429590017823,0.1524064171122994,0.0511907827756338,1,2.8,8.0,-5.2
2008,1242,1314,0,3.544563279857398,-0.0320855614973262,0.0703176881314834,1,2.6,2.0,0.6000000000000001
2008,1272,1417,0,4.66488413547237,0.0614973262032085,0.0616710699745713,1,2.8,3.0,-0.20000000000000018
2008,1242,1272,0,0.4563279857397511,-0.0614973262032085,0.0105505175807324,1,2.6,2.8,-0.19999999999999973
2009,1106,1287,0,5.240301724137931,0.1584051724137931,0.0894658032426883,0,193.2,172.8,20.399999999999977
2009,1151,1163,15,-14.82358870967742,-0.3709677419354839,-0.1000175986341577,0,188.6,3.4,185.2
2009,1127,1181,13,-9.445098039215686,-0.0901960784313725,-0.0078927843442341,0,132.2,5.2,126.99999999999999
2009,1103,1211,9,-11.32156862745098,-0.1862745098039215,-0.0928748616086446,0,98.4,11.4,87.0
2009,1139,1261,1,-0.6242424242424232,0.0454545454545455,0.028377726733397,0,35.4,34.4,1.0
2009,1143,1268,-3,3.6875,0.0814393939393939,0.0602886654286,0,34.0,45.4,-11.399999999999999
2009,1169,1272,13,-13.59026369168357,-0.3600405679513184,-0.0539210528614782,0,135.4,3.6,131.8
2009,1155,1276,-3,7.210685483870968,0.1481854838709677,0.0409528021631654,0,22.2,45.6,-23.400000000000002
2009,1314,1347,-15,14.274749721913237,0.25027808676307,0.0157981786859728,1,1.6,144.6,-143.0
2009,1288,1328,13,-6.011363636363637,-0.1770833333333333,-0.0646274344583568,0,147.6,12.2,135.4
2009,1320,1345,7,-6.083778966131907,-0.0383244206773618,-0.0344674330186378,0,72.4,17.6,54.800000000000004
2009,1278,1400,3,-2.16911045943304,0.010752688172043,0.0084169361595793,0,40.4,31.8,8.599999999999998
2009,1140,1401,-1,7.076612903225806,0.0554435483870967,0.0816243680544334,0,26.4,41.4,-15.0
2009,1417,1433,-5,4.09090909090909,0.0303030303030302,-0.0098502783763647,1,14.4,64.6,-50.199999999999996
2009,1110,1437,11,-3.513196480938416,-0.013685239491691,0.0476645252956371,0,97.8,12.8,85.0
2009,1228,1443,-7,2.838709677419355,-0.0146627565982404,0.0435326442769954,0,21.6,83.8,-62.199999999999996
2009,1280,1449,9,-4.333333333333334,-0.1105169340463457,0.0300289184555699,0,56.8,16.0,40.8
2009,1112,1428,7,-3.75,-0.15625,-0.0781602957313828,1,44.4,30.2,14.2
2009,1113,1396,-5,3.909090909090908,0.0606060606060606,0.0440201874921702,1,17.4,47.2,-29.800000000000004
2009,1156,1448,9,-5.941666666666666,-0.1125,-0.0635529512185697,1,65.4,14.6,50.800000000000004
2009,1173,1452,5,-4.764705882352942,0.1114081996434936,-0.0009675876457788,1,59.2,15.2,44.0
2009,1242,1295,-11,1.1791666666666671,-0.01875,0.0434389274029223,1,12.0,74.8,-62.8
2009,1257,1287,-15,11.677083333333334,0.3172348484848485,0.085465271027252,1,4.4,172.8,-168.4
2009,1266,1429,-5,-1.0606060606060606,-0.1515151515151515,-0.0766113770335914,1,21.4,48.4,-27.0
2009,1277,1352,-13,3.2941176470588234,0.1066176470588234,-0.0243629904687125,1,10.4,124.4,-114.0
2009,1165,1281,11,-6.405679513184584,-0.1338742393509127,0.0098891682690796,0,112.6,11.0,101.6
2009,1329,1397,-1,0.7878787878787881,0.0303030303030302,0.0310044066883792,1,30.2,32.6,-2.400000000000002
2009,1190,1338,15,-5.610887096774194,-0.1834677419354838,-0.0303213504983594,0,121.6,3.2,118.39999999999999
2009,1326,1373,-1,-2.5738636363636367,-0.1003787878787878,0.0448668793632225,0,30.0,47.8,-17.799999999999997
2009,1372,1393,11,-1.9106753812636168,0.0054466230936818,-0.0179009660055513,0,98.8,11.4,87.39999999999999
2009,1130,1425,-3,-0.3939393939393945,0.0303030303030302,-0.0169898209266501,0,49.2,32.8,16.400000000000006
2009,1199,1458,-7,-1.7694497153700186,0.1223908918406072,0.0316692274904987,0,22.4,36.2,-13.800000000000004
2009,1340,1462,9,-4.613911290322581,-0.0715725806451612,-0.0582879844093274,0,125.6,22.0,103.6
2009,1163,1401,-8,7.97983870967742,0.1522177419354838,0.0702727351409635,1,3.4,41.4,-38.0
2009,1181,1400,-5,5.532976827094474,0.1568627450980392,0.0132619371958941,1,5.2,31.8,-26.6
2009,1211,1443,-8,12.07204301075269,0.0913978494623656,0.0941589182724056,1,11.4,83.8,-72.39999999999999
2009,1268,1272,8,-14.176470588235292,-0.3057040998217468,-0.0966546520401669,0,45.4,3.6,41.8
2009,1261,1314,7,-7.09188660801564,-0.083088954056696,-0.0083130306903246,0,34.4,1.6,32.8
2009,1276,1328,8,-7.84375,-0.25,-0.0825228494016469,0,45.6,12.2,33.400000000000006
2009,1345,1449,1,0.901960784313724,-0.0222816399286986,0.0413620534155286,1,17.6,16.0,1.6000000000000014
2009,1417,1437,3,3.1818181818181817,-0.0303030303030302,0.0215430950100837,0,14.4,12.8,1.5999999999999996
2009,1112,1156,-1,-1.375,-0.09375,0.0140894002398223,1,44.4,65.4,-21.000000000000007
2009,1173,1242,8,-5.3125,0.0066287878787878,-0.0697333033873817,0,59.2,12.0,47.2
2009,1257,1373,-8,4.696969696969697,0.0606060606060606,0.0540147196316721,1,4.4,47.8,-43.4
2009,1277,1425,-8,4.121212121212121,0.1761363636363636,-0.0197805691668529,1,10.4,32.8,-22.4
2009,1266,1281,3,-5.253119429590017,-0.0962566844919785,-0.0579634908915177,0,21.4,11.0,10.399999999999999
2009,1329,1338,7,-6.639296187683285,-0.2043010752688172,-0.0272877599904807,0,30.2,3.2,27.0
2009,1113,1393,3,1.42602495543672,-0.0080213903743315,0.02128301427807,0,17.4,11.4,5.999999999999998
2009,1458,1462,8,-4.581653225806452,-0.1683467741935483,-0.0734072263974768,0,36.2,22.0,14.200000000000003
2009,1163,1345,-4,3.119544592030362,0.135673624288425,0.0185355798203792,1,3.4,17.6,-14.200000000000001
2009,1272,1281,-1,2.5294117647058822,0.088235294117647,0.0232076970024364,0,3.6,11.0,-7.4
2009,1338,1462,-3,3.579637096774194,0.0897177419354838,-0.0243077268263451,1,3.2,22.0,-18.8
2009,1181,1437,-1,2.8663101604278083,0.035650623885918,-0.0051121278676047,0,5.2,12.8,-7.6000000000000005
2009,1112,1257,11,-8.583333333333334,-0.2547348484848485,-0.0551485695558114,0,44.4,4.4,40.0
2009,1242,1277,1,2.3125,-0.03125,0.0651945528383456,0,12.0,10.4,1.5999999999999996
2009,1211,1314,3,0.7172043010752702,-0.0376344086021505,0.0681926772359947,0,11.4,1.6,9.8
2009,1328,1393,-1,3.3161764705882355,0.1084558823529411,0.0161690043097419,1,12.2,11.4,0.7999999999999989
2009,1163,1281,-2,-1.292220113851991,0.047438330170778,0.0200673125012875,1,3.4,11.0,-7.6
2009,1338,1437,-2,4.002932551319649,0.083088954056696,0.023895910284795,0,3.2,12.8,-9.600000000000001
2009,1257,1277,-1,3.333333333333334,0.0359848484848485,0.0538367317698607,0,4.4,10.4,-6.0
2009,1314,1328,-1,5.141129032258064,0.0272177419354838,-0.0380764884115523,1,1.6,12.2,-10.6
2009,1163,1277,-1,4.35483870967742,0.0584677419354838,0.0606941292657291,0,3.4,10.4,-7.0
2009,1314,1437,-2,6.970674486803519,0.083088954056696,0.0138325018249702,1,1.6,12.8,-11.200000000000001
2009,1277,1314,1,-7.516129032258064,-0.0584677419354838,-0.0291697521899514,0,10.4,1.6,8.8
2010,1115,1457,0,-0.9145833333333332,-0.0354166666666666,0.031429498917665,1,233.2,195.2,38.0
2010,1124,1358,-11,2.5898617511520747,0.0241935483870967,0.0592949227995717,1,11.8,95.2,-83.4
2010,1139,1431,-7,-1.53125,0.0625,-0.0311798184883617,1,17.6,35.0,-17.4
2010,1140,1196,-3,10.757575757575756,0.2121212121212121,0.075369723518979,1,12.8,50.8,-38.0
2010,1242,1250,-15,12.876838235294116,0.2536764705882353,0.087536421233468,1,1.2,170.6,-169.4
2010,1243,1317,-13,6.683333333333334,0.0479166666666667,0.0035403474660213,1,7.4,138.2,-130.79999999999998
2010,1190,1246,15,-11.33422459893048,-0.3654188948306595,-0.096572041097368,0,160.2,3.4,156.79999999999998
2010,1293,1435,9,7.417338709677419,0.1330645161290322,0.0581584532266156,1,57.0,27.0,30.0
2010,1285,1307,11,-2.2998955067920592,-0.1891327063740856,0.0522320553551677,0,109.4,28.8,80.60000000000001
2010,1320,1424,1,0.25,0.125,-0.0320199166583458,1,26.8,40.0,-13.2
2010,1207,1325,-11,3.23885918003565,0.1087344028520499,0.0603773433532536,0,11.0,104.8,-93.8
2010,1323,1330,-5,-3.235294117647059,-0.0882352941176469,0.0112003209279194,0,34.6,39.2,-4.600000000000001
2010,1350,1388,-3,-5.474509803921569,-0.0686274509803922,-0.0279159570837695,0,36.2,35.6,0.6000000000000014
2010,1361,1397,5,-1.2453567937438912,-0.0156402737047898,-0.0014013579630424,0,38.4,23.4,15.0
2010,1352,1437,13,-6.8538899430740035,-0.0977229601518026,-0.0374766761624672,0,162.8,11.2,151.60000000000002
2010,1400,1448,-1,7.0282131661442,0.0721003134796238,0.0210405650243887,0,23.2,48.6,-25.400000000000002
2010,1266,1449,-5,-1.09090909090909,-0.0606060606060606,0.0002626956935766,0,30.4,31.0,-0.6000000000000014
2010,1143,1257,-1,2.825757575757576,0.071969696969697,0.017249325527298,1,23.4,39.6,-16.200000000000003
2010,1165,1396,7,1.8265720081135903,0.0091277890466531,0.0227329008509131,1,53.8,16.2,37.599999999999994
2010,1115,1181,15,-16.545955882352942,-0.3216911764705882,-0.0709438189846144,0,233.2,2.6,230.6
2010,1210,1329,3,0.2054924242424238,-0.0511363636363636,0.0283486071573017,1,35.8,38.4,-2.6000000000000014
2010,1199,1211,1,-1.32258064516129,-0.096774193548387,-0.003706779825303,0,28.0,42.4,-14.399999999999999
2010,1222,1268,9,-7.506060606060606,-0.1878787878787878,-0.1078659904058121,0,97.2,15.2,82.0
2010,1277,1308,-7,8.4375,0.09375,0.0285940491140332,1,23.2,88.6,-65.39999999999999
2010,1155,1281,-3,-2.298387096774194,-0.0100806451612903,0.0020207735757074,0,28.2,32.6,-4.400000000000002
2010,1326,1364,-13,11.422268907563025,0.1155462184873948,0.0565215260267912,1,8.6,125.2,-116.60000000000001
2010,1324,1338,11,-3.21875,0.0,-0.0571469043941728,0,95.2,20.8,74.4
2010,1345,1373,-9,0.0056818181818183,0.0255681818181817,0.0203492843542038,1,11.2,50.0,-38.8
2010,1393,1436,-15,8.329044117647058,0.1397058823529411,0.070736272912851,1,4.4,122.8,-118.39999999999999
2010,1401,1429,-7,-6.910068426197459,-0.0782013685239491,-0.0690719165534212,1,19.4,34.4,-15.0
2010,1288,1452,13,-2.6818181818181817,-0.0681818181818182,-0.0033674941403453,0,135.2,6.2,129.0
2010,1458,1459,-9,4.1388074291300105,-0.0156402737047898,0.0311328699465262,1,13.0,78.4,-65.4
2010,1278,1462,5,-2.086397058823529,-0.1323529411764705,0.0009610490871116,0,39.4,22.0,17.4
2010,1124,1330,-8,-0.2210626185958251,0.0094876660341556,0.0639488882857839,1,11.8,39.2,-27.400000000000002
2010,1139,1293,-8,-5.0,0.0,-0.0595092197248285,1,17.6,57.0,-39.4
2010,1140,1243,5,6.689393939393938,0.0672348484848485,0.0506693993249902,0,12.8,7.4,5.4
2010,1246,1448,-8,9.453346855983773,0.2860040567951318,0.0508086705612372,1,3.4,48.6,-45.2
2010,1242,1320,-8,8.939338235294116,0.0661764705882352,0.0860413462523555,0,1.2,26.8,-25.6
2010,1388,1437,8,2.8559139784946233,0.0591397849462366,0.0415171959477885,1,35.6,11.2,24.400000000000002
2010,1325,1397,8,-3.8146167557932262,-0.1693404634581105,-0.0240684598794693,0,104.8,23.4,81.4
2010,1307,1449,-8,-0.2727272727272716,0.1515151515151515,-0.0156596625856209,0,28.8,31.0,-2.1999999999999993
2010,1165,1458,8,-0.6696329254727473,0.1201334816462735,0.031800748129235,1,53.8,13.0,40.8
2010,1143,1181,7,-6.688948306595366,-0.1559714795008911,-0.0137495907624846,0,23.4,2.6,20.799999999999997
2010,1268,1277,-1,2.2958333333333325,-0.0166666666666667,0.0265919284727363,0,15.2,23.2,-8.0
2010,1210,1326,8,-6.605169340463458,-0.1577540106951871,-0.0205374416333674,0,35.8,8.6,27.199999999999996
2010,1345,1401,-1,3.703629032258065,0.1340725806451612,0.0111963127480649,1,11.2,19.4,-8.2
2010,1211,1393,7,-4.94858870967742,-0.0685483870967742,-0.0320315869759036,0,42.4,4.4,38.0
2010,1281,1452,8,2.5681818181818183,-0.1306818181818182,0.0301655026954216,0,32.6,6.2,26.400000000000002
2010,1338,1462,-3,-4.25,0.0,-0.0178279655137005,0,20.8,22.0,-1.1999999999999993
2010,1139,1393,4,-4.53125,0.0,-0.0553783684887397,1,17.6,4.4,13.200000000000001
2010,1243,1462,-4,-0.71875,0.03125,-0.0313176496415303,1,7.4,22.0,-14.6
2010,1165,1246,11,-3.349898580121703,-0.0791075050709939,-0.0075114499554256,0,53.8,3.4,50.4
2010,1449,1452,9,0.6666666666666661,-0.0909090909090909,0.0148285659248282,0,31.0,6.2,24.8
2010,1124,1388,-7,-2.3720430107526873,-0.0591397849462366,0.000717069467317,1,11.8,35.6,-23.8
2010,1181,1345,-3,6.077205882352942,0.0091911764705882,0.0246230725064117,1,2.6,11.2,-8.6
2010,1277,1320,-4,-0.09375,-0.125,0.015308204457565,1,23.2,26.8,-3.6000000000000014
2010,1326,1397,-4,4.332442067736185,0.0365418894830659,0.037312284225578,0,8.6,23.4,-14.799999999999999
2010,1139,1243,3,-0.1875,0.09375,0.0193165431972069,1,17.6,7.4,10.200000000000001
2010,1246,1452,-1,4.788770053475936,0.122994652406417,0.0781968446651794,0,3.4,6.2,-2.8000000000000003
2010,1124,1181,2,-6.103415559772296,-0.0787476280834914,0.0355528557449728,0,11.8,2.6,9.200000000000001
2010,1277,1397,-1,0.2405303030303027,-0.0075757575757575,-0.0028874466271023,1,23.2,23.4,-0.1999999999999993
2010,1139,1277,0,1.125,0.125,0.0066564619103196,1,17.6,23.2,-5.599999999999998
2010,1181,1452,-1,7.08288770053476,0.0347593582887699,0.04730756997675,1,2.6,6.2,-3.6
2010,1139,1181,4,-6.202205882352942,0.0220588235294117,-0.0076367543692146,0,17.6,2.6,15.000000000000002
2011,1155,1412,0,0.7458333333333336,-0.0770833333333332,-0.0012727268178456,1,35.4,52.2,-16.800000000000004
2011,1114,1421,0,-4.2727272727272725,-0.0365726227795193,-0.0411160647455177,0,197.6,151.2,46.400000000000006
2011,1106,1427,0,-2.6336206896551726,-0.0829741379310344,-0.0289701436224805,0,284.4,208.4,75.99999999999997
2011,1425,1433,0,-0.0276292335115861,-0.1007130124777183,0.0330014464705114,0,56.8,70.0,-13.200000000000003
2011,1139,1330,-1,-0.0615835777126108,-0.1085043988269794,0.0082243801768517,1,47.8,34.6,13.199999999999996
2011,1140,1459,-11,7.454545454545454,0.2424242424242424,0.0197216924099247,1,10.0,94.2,-84.2
2011,1153,1281,-5,0.7575757575757578,0.0700757575757575,0.0082379990414869,1,20.0,34.2,-14.200000000000003
2011,1137,1163,11,0.3047619047619045,0.0147186147186146,0.0342950612160632,0,87.6,13.0,74.6
2011,1196,1364,-13,6.381400208986415,0.2361546499477533,-0.0100099162147999,1,15.6,143.6,-128.0
2011,1211,1385,5,7.03125,0.0625,0.0701921392619553,1,38.4,27.6,10.799999999999997
2011,1243,1429,-7,-6.700604838709677,-0.2288306451612903,-0.0622747327851422,1,28.0,21.0,7.0
2011,1246,1343,-9,7.00909090909091,-0.0424242424242424,0.0306500109253995,1,10.6,71.8,-61.199999999999996
2011,1257,1287,-9,3.896584440227703,0.0256166982922201,0.060132860952631,0,13.6,98.0,-84.4
2011,1338,1421,-15,10.09375,0.2920258620689655,0.0618378235472211,1,4.8,151.2,-146.39999999999998
2011,1350,1435,7,0.6007130124777174,0.0971479500891264,0.0190594353765729,1,35.2,30.8,4.400000000000002
2011,1294,1361,13,-7.745689655172414,-0.2823275862068966,-0.056576728257117,0,125.8,5.6,120.2
2011,1336,1396,3,-8.175189393939394,-0.2054924242424242,-0.0486834813882595,0,37.2,33.0,4.200000000000003
2011,1277,1417,3,-2.03125,-0.125,-0.0365421047436464,0,39.0,45.2,-6.200000000000003
2011,1155,1452,7,1.860887096774194,0.0110887096774193,0.0224144457804379,0,35.4,20.2,15.2
2011,1125,1458,9,8.540796963946867,0.1404174573055028,0.0507313788552252,0,32.0,13.4,18.6
2011,1112,1272,-7,5.117647058823529,0.0588235294117646,0.0232775392239152,1,23.0,64.6,-41.599999999999994
2011,1181,1214,-15,11.761859582542694,0.1404174573055028,0.0605872150434381,1,3.0,175.6,-172.6
2011,1199,1401,3,-0.064516129032258,-0.0645161290322581,0.038013298829596,1,41.0,33.6,7.399999999999999
2011,1206,1437,-1,4.65625,0.15625,0.0439090722905213,1,31.8,33.0,-1.1999999999999993
2011,1228,1424,1,-3.21875,-0.15625,0.0175041744726212,1,31.0,25.2,5.800000000000001
2011,1131,1242,15,-15.176470588235295,-0.3235294117647058,-0.1117800572564661,0,151.4,2.2,149.20000000000002
2011,1266,1462,5,-1.0351043643263758,-0.1859582542694496,-0.0385866526706633,1,40.2,27.2,13.000000000000004
2011,1276,1397,-1,-0.4583333333333335,0.0179924242424242,0.0264882604595142,1,37.4,53.8,-16.4
2011,1254,1314,13,-0.1903409090909082,0.0558712121212121,0.0115177111116774,0,92.6,10.4,82.19999999999999
2011,1103,1323,13,-6.727941176470589,-0.1654411764705882,-0.0412681686931981,0,114.4,7.0,107.4
2011,1326,1427,-15,17.50608519269777,0.3894523326572008,0.0699113153813273,1,1.2,208.4,-207.20000000000002
2011,1345,1389,-11,9.733901515151516,0.1751893939393939,0.0134718961993439,1,9.4,108.8,-99.39999999999999
2011,1232,1393,11,-9.210227272727272,-0.1941287878787878,-0.0402741796212956,0,101.6,9.8,91.8
2011,1324,1400,9,-4.983957219251337,-0.0668449197860961,-0.0156002624515187,0,62.8,9.2,53.599999999999994
2011,1207,1433,-5,0.8472485768500952,0.0009487666034154,0.0732871147806333,0,25.4,70.0,-44.6
2011,1208,1449,3,-8.589962121212121,-0.040719696969697,-0.0317516934344258,0,52.2,24.2,28.000000000000004
2011,1139,1338,7,-5.609879032258065,-0.1340725806451612,-0.0550864197478471,1,47.8,4.8,43.0
2011,1140,1211,-8,2.736742424242424,0.1600378787878787,-0.0075558882495599,1,10.0,38.4,-28.4
2011,1153,1163,3,2.7290043290043293,0.0147186147186146,0.0069126796287484,0,20.0,13.0,7.0
2011,1196,1417,-5,4.297348484848484,0.1003787878787878,-0.0040867637687862,1,15.6,45.2,-29.6
2011,1246,1452,-1,7.12414467253177,0.1124144672531769,0.055345315129877,1,10.6,20.2,-9.6
2011,1287,1350,1,-2.3377609108159385,-0.0844402277039847,-0.069488679107858,0,98.0,35.2,62.8
2011,1361,1396,-5,3.34375,0.15625,0.0276561340821359,1,5.6,33.0,-27.4
2011,1243,1458,1,-3.290322580645161,-0.0645161290322581,-0.0106768411735631,0,28.0,13.4,14.6
2011,1112,1400,1,-4.470588235294118,0.0,-0.0226341005555533,1,23.0,9.2,13.8
2011,1181,1276,-7,13.919117647058822,0.2886029411764705,0.0681180705209617,1,3.0,37.4,-34.4
2011,1199,1323,8,-3.310483870967742,-0.1350806451612903,-0.0056386576425529,1,41.0,7.0,34.0
2011,1228,1242,8,-11.084558823529411,-0.3474264705882353,-0.0558736066897439,0,31.0,2.2,28.8
2011,1266,1393,8,-3.243315508021391,-0.1996434937611407,-0.055765955024323,1,40.2,9.8,30.400000000000002
2011,1314,1449,-5,-4.212121212121213,0.0909090909090908,-0.0479468740246243,1,10.4,24.2,-13.799999999999999
2011,1206,1326,7,-5.452205882352942,-0.1286764705882352,0.0017441297541446,0,31.8,1.2,30.6
2011,1345,1433,-8,7.130514705882353,0.1047794117647058,0.0458759680672689,0,9.4,70.0,-60.6
2011,1112,1181,4,-7.735294117647058,-0.088235294117647,-0.0378511378857289,1,23.0,3.0,20.0
2011,1139,1458,4,-2.387096774193549,-0.032258064516129,-0.0158926956554457,1,47.8,13.4,34.4
2011,1163,1361,1,-5.0964285714285715,-0.1946428571428571,-0.0411473585628232,1,13.0,5.6,7.4
2011,1140,1196,1,4.9393939393939394,0.0909090909090909,0.0114053764123902,0,10.0,15.6,-5.6
2011,1242,1350,-11,7.97058823529412,0.1470588235294118,0.0403335891866965,1,2.2,35.2,-33.0
2011,1246,1326,3,-4.688948306595366,-0.1836007130124777,0.0075036558015593,1,10.6,1.2,9.4
2011,1266,1314,9,-1.879679144385026,-0.1996434937611407,-0.0165282594603978,0,40.2,10.4,29.800000000000004
2011,1199,1433,-1,2.9762808349146113,0.0009487666034154,0.0643509505879771,0,41.0,70.0,-29.0
2011,1139,1196,6,-1.0009775171065494,-0.0782013685239491,-0.0196407082820101,1,47.8,15.6,32.199999999999996
2011,1112,1163,2,2.030252100840336,0.0512605042016806,0.0315625915250809,0,23.0,13.0,10.0
2011,1246,1314,2,3.666666666666668,-0.0303030303030302,0.0527772973608215,1,10.6,10.4,0.1999999999999993
2011,1242,1433,-10,13.058823529411766,0.2647058823529411,0.1252561420659536,0,2.2,70.0,-67.8
2011,1139,1433,-3,3.3956356736242883,0.0332068311195445,0.0168510273591321,1,47.8,70.0,-22.200000000000003
2011,1163,1246,-1,-5.547186147186148,-0.0147186147186146,-0.0551367073376701,1,13.0,10.6,2.4000000000000004
2011,1139,1163,5,0.4552995391705066,-0.0331797235023041,-0.0066142315313253,0,47.8,13.0,34.8
2012,1140,1233,0,0.086693548387096,-0.0393145161290322,-0.0089801702831622,1,48.8,58.8,-10.0
2012,1290,1443,0,2.5757575757575757,0.1818181818181818,-0.0103297190417422,0,219.8,185.8,34.0
2012,1143,1378,0,8.378787878787879,0.1335227272727273,0.0221132950632362,0,35.6,56.6,-21.0
2012,1249,1436,0,0.0147058823529411,-0.0202205882352941,-0.0378535491097412,0,119.8,137.4,-17.60000000000001
2012,1124,1355,-11,-0.75,0.0066287878787878,0.0148997371145712,1,12.6,64.8,-52.199999999999996
2012,1160,1424,5,-6.875,-0.09375,-0.0476100991084385,1,70.2,31.4,38.800000000000004
2012,1211,1452,-3,5.305443548387096,0.2127016129032257,0.0745468390461459,1,27.2,42.8,-15.599999999999998
2012,1231,1308,-9,2.424242424242424,0.0303030303030302,0.0411025872260762,1,11.4,66.6,-55.199999999999996
2012,1163,1235,1,-1.7414772727272725,-0.0814393939393939,0.0120092419408766,0,37.8,30.2,7.599999999999998
2012,1243,1379,-1,3.193548387096774,-0.0645161290322581,0.0773823537972496,1,26.4,60.4,-34.0
2012,1246,1443,-15,20.615864527629235,0.4866310160427807,0.1436229004858515,1,1.6,185.8,-184.20000000000002
2012,1172,1257,9,1.7944700460829486,0.0313364055299538,-0.0083922082428627,0,66.0,15.8,50.2
2012,1140,1266,11,1.055443548387096,-0.0393145161290322,-0.0023986833752465,0,48.8,14.2,34.599999999999994
2012,1161,1293,5,-9.179723502304148,-0.3191244239631337,-0.0567767242279551,0,67.8,39.0,28.799999999999997
2012,1253,1307,7,-3.744959677419354,-0.0705645161290322,-0.0370700983898686,0,49.2,18.8,30.400000000000002
2012,1259,1326,13,-11.924632352941176,-0.0441176470588234,-0.0651770328331006,0,112.4,4.0,108.4
2012,1393,1421,-15,7.981818181818181,0.2393939393939395,0.0668280768907927,1,4.4,109.2,-104.8
2012,1433,1455,7,-5.543643263757117,-0.015180265654649,-0.0906440942934685,1,42.6,11.2,31.400000000000002
2012,1217,1435,7,2.093306288032455,0.1561866125760648,0.0031934020549942,0,44.8,17.2,27.599999999999998
2012,1285,1458,9,-1.9655172413793096,0.0658307210031348,0.0012120644498828,0,92.2,12.6,79.60000000000001
2012,1153,1400,-5,1.0811051693404634,0.0998217468805704,0.0002379333781889,1,29.8,38.4,-8.599999999999998
2012,1104,1166,1,-3.672348484848485,-0.1922348484848485,-0.0345858491947,0,33.0,24.0,9.0
2012,1196,1438,-3,0.8553274682306942,-0.0127077223851417,-0.0087818273908887,1,22.0,32.2,-10.200000000000003
2012,1199,1382,-11,1.746823069403714,0.0821114369501466,0.0372029074583633,1,17.8,61.8,-44.0
2012,1125,1207,11,4.545454545454545,0.0545454545454545,-0.001737474999766,0,42.6,18.6,24.0
2012,1178,1242,13,-10.151515151515152,-0.2121212121212121,-0.1246916867879918,0,111.0,6.0,105.0
2012,1181,1250,-13,-1.1581439393939394,0.0369318181818182,0.0205261115679698,0,10.4,92.6,-82.19999999999999
2012,1254,1277,15,-8.483957219251337,-0.0365418894830659,-0.0557395510382326,0,130.4,3.6,126.80000000000001
2012,1301,1361,5,-0.5180265654648961,-0.1271347248576849,-0.0015837904194787,1,41.0,40.6,0.3999999999999986
2012,1281,1313,-13,11.746323529411764,0.1323529411764705,0.0375101148878161,0,6.2,176.0,-169.8
2012,1314,1436,-15,8.382352941176471,0.176470588235294,0.0129499836887736,1,4.0,137.4,-133.4
2012,1276,1325,-9,-3.045454545454546,-0.0691287878787878,0.0304215114173883,0,19.0,62.8,-43.8
2012,1345,1388,3,-4.751515151515152,-0.196969696969697,-0.0453470917052998,1,29.4,36.0,-6.600000000000001
2012,1378,1396,7,-4.629032258064516,-0.1804435483870967,-0.0106185387489506,1,56.6,29.4,27.200000000000003
2012,1272,1387,-1,0.4373814041745731,-0.0094876660341556,0.0392035241197418,0,13.8,24.4,-10.599999999999998
2012,1323,1462,-3,1.6363636363636362,0.0303030303030302,-0.0075677890691442,0,36.4,54.6,-18.200000000000003
2012,1124,1160,-8,6.28125,0.1316287878787878,0.030068050724686,1,12.6,70.2,-57.6
2012,1231,1433,-8,3.1096256684491976,-0.0659536541889482,0.0662592857540553,1,11.4,42.6,-31.200000000000003
2012,1235,1246,7,-11.207720588235292,-0.2536764705882353,-0.0711794003584074,0,30.2,1.6,28.599999999999998
2012,1257,1307,-1,-5.2491071428571425,-0.0696428571428571,-0.0409192347385373,1,15.8,18.8,-3.0
2012,1266,1293,-3,-2.1383928571428577,-0.1830357142857143,-0.0361697496125296,1,14.2,39.0,-24.8
2012,1211,1326,5,-4.93168880455408,0.0123339658444022,0.005227983073796,0,27.2,4.0,23.2
2012,1243,1393,7,-6.472140762463343,-0.2619745845552298,-0.044128063324159,0,26.4,4.4,22.0
2012,1435,1458,1,-3.0588235294117645,-0.0213903743315507,-0.00517679072944,0,17.2,12.6,4.6
2012,1153,1199,3,-0.1007130124777182,-0.0213903743315507,-0.0585106621684261,1,29.8,17.8,12.0
2012,1196,1313,-8,7.429924242424242,-0.0530303030303029,0.0145006632780129,1,22.0,176.0,-154.0
2012,1242,1345,-8,6.90909090909091,0.1818181818181818,0.0944714449027362,1,6.0,29.4,-23.4
2012,1277,1387,-8,1.3197343453510442,0.0199240986717267,0.0253078250035239,1,3.6,24.4,-20.799999999999997
2012,1207,1301,-8,3.980392156862746,0.0862745098039214,0.0457106403704639,0,18.6,41.0,-22.4
2012,1166,1314,7,-4.632798573975045,-0.0044563279857396,0.0414041928291636,0,24.0,4.0,20.0
2012,1325,1378,1,6.045454545454546,0.1941287878787878,-0.0207895172553367,1,62.8,56.6,6.199999999999996
2012,1250,1462,5,6.885416666666666,0.1448863636363636,-0.0058420949281757,0,92.6,54.6,37.99999999999999
2012,1196,1266,4,0.5236742424242422,-0.0842803030303029,0.0072767171336728,1,22.0,14.2,7.800000000000001
2012,1257,1277,3,-5.372268907563025,-0.0512605042016806,-0.0498402969303394,1,15.8,3.6,12.200000000000001
2012,1153,1326,4,-8.382352941176471,-0.0882352941176469,-0.0434024259073849,0,29.8,4.0,25.8
2012,1393,1458,-3,3.1818181818181817,0.2121212121212121,0.0012587546012362,1,4.4,12.6,-8.2
2012,1124,1462,-7,5.666666666666666,0.1515151515151515,0.0092302780073771,1,12.6,54.6,-42.0
2012,1242,1301,-9,7.737967914438504,0.1711229946524064,0.0656730074747309,1,6.0,41.0,-35.0
2012,1231,1246,3,-5.949197860962567,-0.1836007130124777,-0.0470892483136927,0,11.4,1.6,9.8
2012,1314,1325,-12,7.572192513368983,0.0650623885918003,0.030838108139944,1,4.0,62.8,-58.8
2012,1196,1257,3,2.5852813852813847,-0.0458874458874458,0.0100973011097912,0,22.0,15.8,6.199999999999999
2012,1326,1393,1,1.524064171122994,-0.1452762923351159,-0.0176253122364423,1,4.0,4.4,-0.40000000000000036
2012,1242,1314,1,-2.0267379679144373,-0.0347593582887699,0.0521305327263842,1,6.0,4.0,2.0
2012,1124,1246,2,-8.676470588235293,-0.1532976827094474,-0.0641555253737827,0,12.6,1.6,11.0
2012,1242,1326,0,-2.614973262032084,0.0240641711229947,0.0389358810638005,1,6.0,4.0,2.0
2012,1246,1257,-3,10.019327731092435,0.1983193277310924,0.0700821473620093,1,1.6,15.8,-14.200000000000001
2012,1242,1246,1,-4.585561497326202,-0.122994652406417,-0.0165738102568263,0,6.0,1.6,4.4
2013,1251,1299,0,-3.6121323529411766,-0.1544117647058823,0.0025727157006449,0,264.6,225.2,39.400000000000034
2013,1292,1388,0,1.892045454545455,0.0359848484848485,0.0013586342182565,0,40.2,26.2,14.000000000000004
2013,1241,1254,0,-2.237076648841355,-0.017825311942959,-0.0370337815741971,1,172.8,173.4,-0.5999999999999943
2013,1129,1247,0,-1.845977011494253,-0.0448275862068965,-0.0125815936472941,0,49.6,51.8,-2.1999999999999957
2013,1112,1125,-5,-2.6729166666666675,-0.01875,-0.0452071347434651,1,21.2,47.6,-26.400000000000002
2013,1137,1139,5,4.653409090909091,0.0861742424242424,0.0314612399572367,0,59.4,35.6,23.799999999999997
2013,1143,1424,7,-4.353861192570871,-0.0821114369501466,-0.0167378168692858,1,55.6,32.2,23.4
2013,1161,1281,-1,-1.3509286412512225,0.0449657869012707,-0.0478362025674427,1,28.6,27.8,0.8000000000000007
2013,1211,1380,-15,9.140086206896552,0.2478448275862068,0.038131176650067,1,3.8,197.4,-193.6
2013,1217,1307,11,-2.325708061002179,-0.1862745098039215,0.029489467143708,1,100.2,13.4,86.8
2013,1257,1299,-15,15.382352941176473,0.3235294117647058,0.0483064280988031,1,1.8,225.2,-223.39999999999998
2013,1172,1266,11,4.835685483870968,0.0393145161290322,0.0321643761477265,0,63.4,21.2,42.2
2013,1272,1388,-5,-0.8566176470588243,0.0698529411764705,0.0055916400425013,1,22.6,26.2,-3.599999999999998
2013,1276,1355,-9,5.147177419354839,0.0715725806451612,0.0396927002673044,1,10.8,97.6,-86.8
2013,1277,1434,-11,-0.75,-0.03125,-0.0432389927248063,1,9.2,62.4,-53.2
2013,1329,1332,-7,1.413602941176471,-0.0147058823529411,0.0166720034867102,0,23.6,40.0,-16.4
2013,1308,1387,9,-5.424242424242425,-0.1212121212121212,-0.003737967070145,0,74.8,15.6,59.199999999999996
2013,1285,1393,9,-6.429556650246306,0.0502463054187192,0.0005624193013182,0,120.8,14.0,106.8
2013,1103,1433,7,-2.8519924098671723,0.0417457305502846,0.0605010193200901,0,53.0,22.8,30.2
2013,1338,1455,-1,5.420955882352942,-0.0147058823529411,0.0321065980966591,0,17.0,33.2,-16.200000000000003
2013,1153,1166,3,-4.415329768270945,-0.1274509803921568,-0.1007959790261185,0,38.0,19.0,19.0
2013,1107,1181,13,-8.757352941176471,-0.1378676470588234,-0.06887721349387,0,137.6,4.4,133.2
2013,1195,1207,13,-3.807459677419354,-0.1189516129032257,-0.0435915391818216,1,119.0,10.4,108.6
2013,1196,1322,-11,12.42087542087542,0.0841750841750841,0.1138247926276018,1,8.0,129.4,-121.4
2013,1160,1228,3,1.162878787878788,0.0198863636363636,0.0342650269684353,0,47.6,37.0,10.600000000000001
2013,1231,1241,-15,16.72192513368984,0.2299465240641711,0.125541896848306,1,3.6,172.8,-169.20000000000002
2013,1235,1323,3,1.188948306595365,-0.0686274509803922,0.0002721472064466,1,40.6,24.6,16.0
2013,1242,1443,-15,13.205882352941178,0.2941176470588235,0.1070805413058771,1,6.0,169.2,-163.2
2013,1243,1247,-9,0.8060606060606057,0.0878787878787878,-0.0047501559808172,0,22.0,51.8,-29.799999999999997
2013,1274,1334,-13,7.398674242424242,0.1931818181818182,0.0558500258875598,1,11.0,119.0,-108.0
2013,1278,1417,5,0.9558823529411766,-0.1102941176470588,0.0123256044791885,1,29.6,36.0,-6.399999999999999
2013,1279,1458,7,1.0,0.0882352941176469,-0.0341683178078965,1,33.4,15.2,18.2
2013,1314,1437,-1,4.5606060606060606,0.103219696969697,0.0113430722994812,1,23.8,47.2,-23.400000000000002
2013,1233,1326,13,-6.424242424242424,-0.1818181818181817,-0.0467959027935269,0,102.0,5.6,96.4
2013,1328,1361,3,-2.1645161290322577,-0.021505376344086,-0.0380191567356458,0,49.4,36.6,12.799999999999997
2013,1301,1396,-1,2.8143382352941178,-0.0128676470588234,0.069819414204144,0,30.0,52.6,-22.6
2013,1112,1217,-8,4.890046296296297,0.1145833333333333,-0.0122326786455577,1,21.2,100.2,-79.0
2013,1161,1257,7,-6.878557874762809,-0.1110056925996204,-0.0486883760941024,0,28.6,1.8,26.8
2013,1139,1266,3,-1.3489736070381229,0.0156402737047898,-0.0038971525387072,0,35.6,21.2,14.400000000000002
2013,1276,1433,-1,-1.0919117647058822,0.0165441176470588,0.0522368754625801,1,10.8,22.8,-12.0
2013,1272,1277,3,2.5808823529411757,0.1323529411764705,0.018391503270678,0,22.6,9.2,13.400000000000002
2013,1332,1387,8,-2.458110516934047,-0.0534759358288771,-0.0225199725359075,1,40.0,15.6,24.4
2013,1143,1393,8,-8.095852534562212,-0.0976958525345622,-0.0194383391248427,0,55.6,14.0,41.6
2013,1211,1455,-8,8.577205882352942,0.1727941176470588,0.0700376751585736,0,3.8,33.2,-29.400000000000002
2013,1166,1181,5,-0.5808823529411757,-0.0496323529411765,0.0446785753078061,0,19.0,4.4,14.6
2013,1195,1361,8,-2.0687499999999996,0.0208333333333333,-0.0004707603022235,1,119.0,36.6,82.4
2013,1196,1278,-8,11.189393939393938,0.1628787878787878,0.0944076630805981,1,8.0,29.6,-21.6
2013,1231,1396,-8,12.889204545454549,0.0994318181818182,0.1074690836424962,1,3.6,52.6,-49.0
2013,1242,1314,-7,6.851158645276293,0.1559714795008911,0.1034408150574399,1,6.0,23.8,-17.8
2013,1247,1279,1,-4.150980392156862,-0.0647058823529411,-0.0049483859619359,1,51.8,33.4,18.4
2013,1228,1274,5,-6.03030303030303,-0.1818181818181818,-0.0762039888514988,0,37.0,11.0,26.0
2013,1235,1326,8,-2.939393939393939,-0.1212121212121212,0.0018925983074511,0,40.6,5.6,35.0
2013,1266,1274,1,-2.98435972629521,-0.0762463343108504,-0.0215691991257642,1,21.2,11.0,10.2
2013,1112,1326,4,-1.769886363636363,-0.0066287878787878,-0.0080613668883545,0,21.2,5.6,15.6
2013,1231,1393,-3,6.288311688311689,0.0753246753246753,0.05640221744763,0,3.6,14.0,-10.4
2013,1247,1455,4,-2.268627450980391,-0.0647058823529411,-0.0205855847220929,0,51.8,33.2,18.599999999999994
2013,1181,1277,-1,4.75,0.09375,0.0292029961064914,1,4.4,9.2,-4.799999999999999
2013,1195,1196,12,-12.908143939393938,-0.1003787878787878,-0.0879983386717023,0,119.0,8.0,111.0
2013,1257,1332,-11,7.470588235294118,0.088235294117647,0.0269649085735492,1,1.8,40.0,-38.2
2013,1242,1276,-3,2.4742647058823533,0.0716911764705882,0.0535789552948506,0,6.0,10.8,-4.800000000000001
2013,1266,1393,-1,-4.999078341013826,-0.0009216589861751,-0.0108067596980509,0,21.2,14.0,7.199999999999999
2013,1326,1455,-7,2.6283422459893053,0.0231729055258467,0.0137459015080834,0,5.6,33.2,-27.6
2013,1181,1257,1,-2.7132352941176467,-0.0091911764705882,0.0319342150437766,0,4.4,1.8,2.6000000000000005
2013,1196,1276,-1,6.501893939393938,0.0066287878787878,0.0654141083983275,0,8.0,10.8,-2.8000000000000007
2013,1257,1455,-8,6.852941176470589,0.088235294117647,0.0122385426203036,1,1.8,33.2,-31.400000000000002
2013,1276,1393,0,0.180357142857142,0.0383928571428571,0.0093182788411,1,10.8,14.0,-3.1999999999999993
2013,1257,1276,-3,4.150735294117647,0.0716911764705882,-0.0101458352831396,1,1.8,10.8,-9.0
2014,1107,1291,0,3.90625,0.0625,0.0216364555823324,1,185.6,207.2,-21.599999999999994
2014,1301,1462,0,-2.949197860962567,-0.0187165775401069,-0.0043503394895405,1,54.0,46.0,8.0
2014,1142,1411,0,-4.827083333333333,-0.1958333333333333,-0.0459210306467665,1,198.2,253.6,-55.400000000000006
2014,1234,1397,0,2.78125,0.0,0.005681399953491,0,33.2,30.4,2.8000000000000043
2014,1163,1386,-3,4.401960784313725,0.0374331550802138,0.0122379768349809,1,23.0,41.6,-18.6
2014,1173,1326,5,-4.2718360071301245,-0.0383244206773618,-0.0193247838759347,1,51.4,18.6,32.8
2014,1107,1196,15,-10.606617647058824,-0.3786764705882353,-0.0707070962284239,0,185.6,2.0,183.6
2014,1153,1217,-7,-1.7439916405433635,-0.043887147335423,-0.0292373310459855,0,22.2,38.4,-16.2
2014,1257,1264,-9,13.772058823529411,0.0716911764705882,0.0485404147981006,1,6.8,71.6,-64.8
2014,1276,1459,-13,6.754440961337513,0.1713688610240334,0.0593240775533455,1,11.2,181.6,-170.4
2014,1174,1277,9,-6.235294117647058,-0.0294117647058822,-0.0682056323344352,0,95.0,9.6,85.4
2014,1295,1328,7,1.0044642857142856,0.0669642857142857,0.0237467473098635,1,58.0,24.6,33.4
2014,1140,1332,3,-1.177083333333333,-0.0520833333333333,-0.0218674372217947,0,47.8,28.2,19.599999999999998
2014,1160,1338,-1,-7.205882352941176,-0.0588235294117647,-0.0489264124308892,0,49.0,21.0,28.0
2014,1308,1361,9,-1.3690702087286528,-0.135673624288425,0.0678000350228988,0,84.6,18.8,65.8
2014,1301,1387,7,-6.934535104364326,-0.1888045540796963,-0.0325432114258911,0,54.0,34.2,19.799999999999997
2014,1393,1444,-11,4.591733870967742,0.1340725806451612,-0.0514830945714834,1,14.0,100.0,-86.0
2014,1113,1400,3,2.065340909090909,-0.040719696969697,0.0489218476405698,0,43.8,36.4,7.399999999999999
2014,1437,1454,-13,12.452651515151516,0.2689393939393939,0.0696711191482575,1,5.2,150.2,-145.0
2014,1110,1458,13,-3.657196969696969,-0.1628787878787878,0.0477765651292998,0,127.4,9.0,118.4
2014,1112,1451,-15,11.161764705882351,0.2752100840336134,0.0195611253570058,1,2.2,169.4,-167.20000000000002
2014,1124,1304,-5,3.2649071358748776,0.053763440860215,0.0218048003518125,1,28.4,45.0,-16.6
2014,1166,1418,-11,8.50830889540567,0.1427174975562072,0.0944119328212549,1,10.2,114.0,-103.8
2014,1211,1329,-1,0.0303030303030311,0.1818181818181818,0.0420801849402888,1,21.0,26.8,-5.800000000000001
2014,1235,1300,-11,-3.9980449657869017,-0.050830889540567,-0.0012805230425958,1,13.6,88.2,-74.60000000000001
2014,1184,1242,13,-3.699902248289346,-0.0175953079178885,-0.0591782894499668,0,127.6,8.4,119.19999999999999
2014,1243,1246,1,-5.264705882352942,-0.0808823529411765,-0.0111884424454485,0,47.2,21.2,26.000000000000004
2014,1203,1272,1,-0.1461693548387099,0.0403225806451612,0.0066284836299373,0,42.2,37.0,5.200000000000003
2014,1181,1273,-11,1.8168880455407963,0.0227703984819733,-0.0238438452831376,0,10.0,95.8,-85.8
2014,1314,1344,-5,3.573529411764706,0.0422794117647058,0.0417868417033078,1,25.4,39.4,-14.0
2014,1372,1433,7,2.688804554079697,0.1707779886148007,0.0196457506493486,1,66.4,21.2,45.2
2014,1307,1390,-3,3.3939393939393945,0.1818181818181818,0.0289945386493101,0,24.8,37.0,-12.2
2014,1269,1397,-5,-3.78125,0.125,0.008259080260248,0,42.4,30.4,12.0
2014,1409,1417,9,-5.331550802139037,-0.1283422459893047,-0.0125922225558074,0,79.6,14.6,65.0
2014,1157,1438,15,-9.147058823529411,-0.2235294117647058,-0.060432922160054,0,205.6,5.8,199.79999999999998
2014,1142,1455,15,-17.793939393939393,-0.6333333333333333,-0.1006002271545022,0,198.2,6.6,191.6
2014,1163,1437,5,-3.202205882352942,-0.1102941176470588,0.0002400125424223,1,23.0,5.2,17.8
2014,1173,1393,8,-2.898674242424242,-0.1467803030303029,0.0321004513616933,1,51.4,14.0,37.4
2014,1196,1338,-8,2.6764705882352953,0.2058823529411764,0.0345158033987181,1,2.0,21.0,-19.0
2014,1257,1387,-1,12.88899430740038,0.0464895635673624,0.0445391083303074,1,6.8,34.2,-27.400000000000002
2014,1276,1400,-5,4.93939393939394,0.0606060606060605,0.0441118802874725,1,11.2,36.4,-25.2
2014,1217,1277,8,1.520283975659229,0.0973630831643002,-0.0207029210897728,0,38.4,9.6,28.799999999999997
2014,1295,1361,8,-3.2304147465437785,-0.0852534562211981,0.0255711112029236,0,58.0,18.8,39.2
2014,1332,1458,5,-1.1259469696969688,-0.0691287878787878,-0.0140682331807626,0,28.2,9.0,19.2
2014,1112,1211,-7,3.63903743315508,0.0641711229946523,-0.0163678024701913,1,2.2,21.0,-18.8
2014,1124,1166,3,-6.7272727272727275,-0.1212121212121212,-0.0843415897292742,1,28.4,10.2,18.2
2014,1235,1314,-3,1.7196969696969688,0.0691287878787878,0.0339025534877175,1,13.6,25.4,-11.799999999999999
2014,1246,1455,7,-5.7959001782531185,-0.2941176470588235,-0.0251935701252321,1,21.2,6.6,14.6
2014,1242,1390,-8,4.272727272727273,0.0909090909090909,0.0384764823126075,0,8.4,37.0,-28.6
2014,1273,1397,3,0.616935483870968,0.1169354838709677,0.0397553776288553,0,95.8,30.4,65.4
2014,1372,1417,8,1.7476280834914617,0.1707779886148007,-0.0202048005331256,0,66.4,14.6,51.800000000000004
2014,1272,1438,7,-3.9696394686907017,-0.1138519924098671,-0.0282273766558998,0,37.0,5.8,31.2
2014,1112,1361,-3,4.395635673624289,0.0113851992409866,0.069783597623057,1,2.2,18.8,-16.6
2014,1173,1390,1,0.8787878787878789,0.0606060606060606,-0.0038581639290009,1,51.4,37.0,14.399999999999999
2014,1196,1417,-3,1.7352941176470598,0.1764705882352941,0.0328263197635823,1,2.0,14.6,-12.6
2014,1124,1458,4,-3.5757575757575752,-0.1212121212121212,-0.0276290022460189,0,28.4,9.0,19.4
2014,1163,1235,4,-0.2344028520499108,-0.0231729055258467,0.0074781296038751,1,23.0,13.6,9.4
2014,1246,1257,4,-11.882352941176473,-0.1470588235294117,-0.0541895384412692,1,21.2,6.8,14.399999999999999
2014,1276,1397,-9,-0.0946969696969688,0.1325757575757575,0.0241204715828063,1,11.2,30.4,-19.2
2014,1277,1438,3,-0.0294117647058822,-0.0588235294117647,0.0153147057940691,1,9.6,5.8,3.8
2014,1173,1196,10,-7.0365418894830665,-0.2442067736185382,-0.0440288403198991,0,51.4,2.0,49.4
2014,1112,1458,-1,5.942067736185384,0.0944741532976827,0.0377808719996045,0,2.2,9.0,-6.8
2014,1163,1277,3,-1.882352941176471,0.0,-0.0084960694462845,1,23.0,9.6,13.4
2014,1246,1276,6,0.2344028520499108,-0.051693404634581,-0.0112788644333504,1,21.2,11.2,10.0
2014,1163,1196,6,-4.058823529411766,-0.1764705882352941,-0.0011504944477462,1,23.0,2.0,21.0
2014,1246,1458,6,0.2950089126559732,-0.0819964349376113,-0.00882606430687,1,21.2,9.0,12.2
2014,1163,1246,-1,-0.529411764705884,0.0588235294117646,0.0275995413416954,1,23.0,21.2,1.8000000000000007
2015,1214,1264,0,-3.2234848484848486,-0.1089015151515151,-0.0236627743126104,1,252.8,142.6,110.20000000000002
2015,1140,1279,0,3.78125,0.09375,0.0207548748675682,0,32.6,49.6,-17.0
2015,1129,1173,0,1.6324535679374392,-0.0156402737047898,0.0047291314928583,0,48.0,42.8,5.200000000000003
2015,1316,1352,0,4.146627565982405,0.0694037145650048,0.0367346815412011,0,141.8,175.0,-33.19999999999999
2015,1112,1411,-13,17.08823529411765,0.2647058823529411,0.0876296657019177,1,3.6,195.8,-192.20000000000002
2015,1116,1459,-7,2.069852941176471,-0.0477941176470588,-0.0298307243141812,1,22.6,83.0,-60.4
2015,1139,1400,-5,0.8295454545454541,0.0814393939393939,-0.0489850620157003,1,23.4,26.4,-3.0
2015,1153,1345,-1,1.6089015151515156,0.0511363636363636,0.0067670249200237,1,47.4,42.2,5.199999999999996
2015,1186,1207,9,-0.967741935483871,0.0645161290322581,-0.0100218602655909,0,127.8,21.8,106.0
2015,1124,1209,-11,0.625,0.0,-0.0285567129772911,0,14.8,85.2,-70.4
2015,1214,1246,15,-21.789661319073083,-0.5151515151515151,-0.1277087757807547,0,252.8,1.2,251.60000000000002
2015,1261,1301,1,0.9990530303030304,0.0814393939393939,0.0181234035937986,0,42.0,34.6,7.399999999999999
2015,1217,1314,9,-4.551322751322751,0.0550264550264549,-0.0491017939256486,0,73.6,11.8,61.8
2015,1318,1323,11,-9.588235294117649,-0.176470588235294,-0.0549786502348706,0,114.8,9.2,105.6
2015,1326,1433,3,6.452813852813852,-0.0458874458874458,0.0846745890889032,1,23.0,29.4,-6.399999999999999
2015,1235,1412,-11,8.272727272727273,0.2121212121212121,0.0629130618484669,0,11.4,137.0,-125.6
2015,1374,1417,-5,5.71780303030303,0.2064393939393939,0.0624320388072623,0,22.6,41.2,-18.6
2015,1372,1428,7,-1.0172043010752692,0.1247311827956989,-0.0557156374102543,0,47.8,14.2,33.599999999999994
2015,1248,1437,15,-14.317836812144211,-0.3282732447817836,-0.0644612623924629,0,168.8,3.4,165.4
2015,1279,1462,5,-0.7867647058823533,0.0073529411764705,-0.0153852631973124,0,49.6,30.0,19.6
2015,1173,1344,5,2.5757575757575752,0.0909090909090909,0.0512185884361536,1,42.8,25.4,17.4
2015,1181,1352,-15,13.757575757575758,0.303030303030303,0.0747693970685748,1,5.4,175.0,-169.6
2015,1211,1295,-13,14.82121212121212,0.2393939393939395,0.1336163702321756,1,7.2,141.6,-134.4
2015,1172,1234,3,2.5687499999999996,0.1104166666666667,0.0421990471452163,0,32.0,26.2,5.800000000000001
2015,1242,1308,-13,-1.6963946869070217,0.0872865275142315,-0.0025534264487518,1,10.0,114.2,-104.2
2015,1257,1414,-9,6.33266129032258,0.1370967741935483,-0.0161722234093904,1,15.0,103.8,-88.8
2015,1268,1434,-9,-2.424242424242424,-0.0151515151515151,-0.0109111677938401,1,22.2,63.0,-40.8
2015,1208,1277,3,-4.314338235294118,-0.0202205882352941,-0.034295694961038,0,35.6,19.4,16.200000000000003
2015,1320,1461,-7,6.5606060606060606,0.190340909090909,0.0573083431937755,1,19.2,87.6,-68.39999999999999
2015,1107,1328,11,-3.90625,0.0625,-0.0515864273642847,0,122.6,14.0,108.6
2015,1329,1332,1,-0.396969696969697,-0.1606060606060606,-0.0017180210237331,0,42.0,35.6,6.399999999999999
2015,1361,1385,-1,4.95210166177908,0.1124144672531769,0.0071859867174102,1,34.6,38.8,-4.199999999999996
2015,1125,1438,13,-10.980846774193548,-0.2288306451612903,-0.0434556134333395,0,133.2,4.6,128.6
2015,1138,1452,7,-0.375,0.0,0.062681646705943,0,59.0,22.2,36.8
2015,1231,1455,3,-6.745845552297165,-0.2649071358748778,-0.0145458364126188,0,46.8,17.4,29.4
2015,1157,1458,15,-9.93711967545639,-0.2221095334685597,-0.0513333440168626,0,147.4,3.2,144.20000000000002
2015,1112,1326,-8,4.399286987522283,0.2147950089126559,0.0132287368468269,1,3.6,23.0,-19.4
2015,1153,1246,7,-13.847426470588236,-0.3125,-0.0615043036399247,0,47.4,1.2,46.199999999999996
2015,1301,1437,7,-10.412655971479502,-0.3351158645276292,-0.0574257193631105,1,34.6,3.4,31.200000000000003
2015,1116,1314,1,-1.6319327731092432,0.0789915966386554,-0.0451346536127661,0,22.6,11.8,10.8
2015,1139,1323,3,-4.8014705882352935,-0.1654411764705882,-0.0827592157064281,0,23.4,9.2,14.2
2015,1412,1417,3,-3.1515151515151514,-0.0606060606060606,-0.001757346334832,0,137.0,41.2,95.8
2015,1207,1428,-1,-8.419354838709678,-0.0645161290322581,-0.0850801661164114,0,21.8,14.2,7.600000000000001
2015,1209,1462,8,2.2757352941176467,0.1011029411764705,0.0399234994455644,0,85.2,30.0,55.2
2015,1181,1361,-7,6.787878787878789,0.1212121212121212,0.055389534096272,1,5.4,34.6,-29.200000000000003
2015,1211,1234,-5,9.58996212121212,0.2831439393939394,0.1218268583712657,1,7.2,26.2,-19.0
2015,1257,1320,-1,-1.3731060606060606,-0.159090909090909,-0.0676046949925611,1,15.0,19.2,-4.199999999999999
2015,1277,1438,5,-6.123161764705882,-0.2297794117647058,-0.0139504308116764,1,19.4,4.6,14.799999999999999
2015,1173,1328,8,-1.8844696969696972,0.0700757575757575,-0.0008610649075473,0,42.8,14.0,28.799999999999997
2015,1268,1452,-1,-0.8513257575757578,0.0994318181818182,0.1156476088095229,0,22.2,22.2,0.0
2015,1242,1455,-5,-6.277039848197344,-0.1062618595825427,-0.0062840650989668,0,10.0,17.4,-7.399999999999999
2015,1332,1458,7,-11.73440285204991,-0.1844919786096256,-0.0356881325272955,0,35.6,3.2,32.4
2015,1112,1462,-4,11.911764705882351,0.2941176470588235,0.0643082383363735,1,3.6,30.0,-26.4
2015,1246,1452,-4,13.847426470588236,0.28125,0.1816985714903501,1,1.2,22.2,-21.0
2015,1323,1455,-4,0.3700189753320675,-0.0180265654648956,0.0500054153197839,1,9.2,17.4,-8.2
2015,1314,1458,3,-6.250420168067228,-0.2260504201680672,-0.0176040489686697,0,11.8,3.2,8.600000000000001
2015,1181,1428,-4,0.5464320625610952,0.136852394916911,-0.0338325154200926,1,5.4,14.2,-8.799999999999999
2015,1211,1417,-9,13.151515151515152,0.3333333333333333,0.1416208347000568,1,7.2,41.2,-34.0
2015,1257,1301,-4,4.71780303030303,0.1439393939393939,0.0031378287972486,1,15.0,34.6,-19.6
2015,1277,1328,4,-0.7169117647058822,-0.0110294117647058,0.0243930653521118,1,19.4,14.0,5.399999999999999
2015,1246,1323,-2,7.764705882352942,0.1470588235294118,0.0155104510991658,1,1.2,9.2,-7.999999999999999
2015,1112,1458,1,2.0588235294117645,0.0,0.0138757011439998,0,3.6,3.2,0.3999999999999999
2015,1181,1211,-1,-2.09090909090909,-0.0606060606060606,-0.0534950203686158,1,5.4,7.2,-1.7999999999999998
2015,1257,1277,-3,1.2169117647058822,0.0735294117647058,-0.0376646722533526,0,15.0,19.4,-4.399999999999999
2015,1181,1277,-6,6.559714795008913,0.2023172905525846,0.0137401085552302,1,5.4,19.4,-13.999999999999998
2015,1246,1458,0,5.1764705882352935,0.088235294117647,0.0419568999160875,0,1.2,3.2,-2.0
2015,1181,1458,0,-0.7344028520499108,-0.0329768270944741,0.0162626142879338,1,5.4,3.2,2.2
2016,1192,1195,0,-4.401557285873192,-0.0033370411568409,-0.034708234720211,0,246.6,186.6,60.0
2016,1435,1455,0,-4.303427419354838,-0.1481854838709677,0.0529819288955494,0,37.0,29.6,7.399999999999999
2016,1221,1380,0,-6.204301075268817,-0.1886608015640273,-0.0635952897256803,1,262.4,229.4,32.99999999999997
2016,1276,1409,0,1.919843597262952,-0.0087976539589442,0.0172916688705263,1,46.8,63.6,-16.800000000000004
2016,1114,1345,7,-3.2115749525616692,0.1062618595825427,-0.0210275708844558,1,61.0,11.2,49.8
2016,1139,1403,1,6.870967741935484,0.064516129032258,0.0249995740776279,1,35.4,41.0,-5.600000000000001
2016,1160,1163,-1,-5.5735294117647065,-0.0496323529411765,-0.0631108524406127,0,45.0,30.8,14.2
2016,1181,1423,-9,3.027272727272728,-0.0696969696969697,0.0014567824332517,1,18.6,73.8,-55.199999999999996
2016,1211,1371,5,5.6893939393939394,0.0236742424242424,0.0525828369400872,1,28.8,23.2,5.600000000000001
2016,1151,1231,7,-5.6875,0.0625,-0.0707717086069483,0,86.4,16.2,70.2
2016,1233,1235,9,-0.9375,0.03125,-0.0196120372629699,0,91.0,22.2,68.8
2016,1122,1242,15,-15.06060606060606,-0.3939393939393939,-0.1275844056128631,0,214.0,1.2,212.8
2016,1246,1392,-9,1.1450980392156858,-0.0352941176470589,0.0291160527888076,1,9.2,92.0,-82.8
2016,1138,1274,11,-8.145833333333334,-0.2054924242424242,-0.0612101736627618,0,121.6,11.8,109.8
2016,1195,1314,15,-9.981744421906694,-0.2718052738336713,-0.015724121436676,0,186.6,3.2,183.4
2016,1344,1425,1,-1.8484848484848488,0.0606060606060606,-0.0540838316016897,1,38.8,45.0,-6.200000000000003
2016,1201,1428,11,-4.016098484848484,-0.0388257575757575,-0.0800633434181715,0,89.2,18.2,71.0
2016,1214,1438,15,-9.796969696969697,-0.1212121212121212,-0.0664955764377649,0,209.0,4.0,205.0
2016,1112,1455,-5,-1.4975562072336253,0.0156402737047898,0.0236701324819769,0,16.0,29.6,-13.600000000000001
2016,1124,1463,-7,-4.275462962962964,-0.1215277777777777,-0.0556221556776295,0,23.8,55.0,-31.2
2016,1143,1218,-9,-2.709090909090909,-0.1363636363636363,0.0081241201894287,0,22.6,64.4,-41.800000000000004
2016,1234,1396,-3,8.168346774193548,0.0211693548387096,0.041159106756005,1,24.6,70.4,-45.800000000000004
2016,1268,1355,-7,2.092741935483871,-0.0241935483870967,0.052809363441416,1,20.4,80.6,-60.199999999999996
2016,1277,1292,-13,12.285578747628085,0.1432637571157494,0.1012726389884171,0,3.4,112.8,-109.39999999999999
2016,1320,1400,5,1.355113636363637,0.0113636363636363,0.0286096849908775,1,80.4,29.6,50.800000000000004
2016,1276,1323,5,1.1174242424242422,-0.0198863636363636,-0.0045629883951319,0,46.8,33.0,13.799999999999997
2016,1167,1328,13,-1.4859913793103452,-0.0571120689655172,-0.034508310651484,0,114.4,8.2,106.2
2016,1221,1332,15,-13.484848484848484,-0.393939393939394,-0.0866893818512866,0,262.4,8.8,253.59999999999997
2016,1372,1452,11,2.6974789915966397,0.0567226890756302,0.0437602252427237,1,57.4,8.2,49.2
2016,1153,1386,1,2.6360294117647056,-0.1066176470588234,0.0033574514656329,0,38.4,32.2,6.199999999999996
2016,1173,1393,-3,2.875,0.1875,0.0218593015811217,0,39.4,45.0,-5.600000000000001
2016,1401,1453,-11,7.685383244206774,0.1283422459893047,0.0568235045902663,1,15.0,116.4,-101.4
2016,1333,1433,-3,-8.47843137254902,-0.1058823529411765,-0.0136347738353534,0,52.4,38.2,14.199999999999996
2016,1421,1437,13,-7.813092979127136,-0.2077798861480075,-0.0676312800661414,0,130.6,4.8,125.8
2016,1338,1458,3,2.752016129032258,0.0201612903225806,0.0034851128795303,0,39.6,36.4,3.200000000000003
2016,1451,1462,13,-4.247983870967742,-0.1018145161290322,0.0417709843472604,0,137.0,10.8,126.2
2016,1181,1463,-8,-1.5690235690235692,-0.0808080808080807,-0.0195352954169884,1,18.6,55.0,-36.4
2016,1211,1428,8,5.265151515151516,0.0236742424242424,0.0242322339096686,1,28.8,18.2,10.600000000000001
2016,1231,1246,1,1.9632352941176467,0.0165441176470588,0.0030263637783903,1,16.2,9.2,7.0
2016,1114,1235,8,3.060483870967742,0.2147177419354838,0.0001085052627774,0,61.0,22.2,38.8
2016,1163,1242,8,-2.3734402852049907,-0.1729055258467022,-0.0275813133932356,0,30.8,1.2,29.6
2016,1274,1455,-8,-4.897177419354838,0.0393145161290322,0.0084786857296609,1,11.8,29.6,-17.8
2016,1314,1344,-8,8.463458110516934,0.1265597147950088,0.0539525403826623,1,3.2,38.8,-35.599999999999994
2016,1139,1438,8,-1.2776148582600193,-0.1104594330400782,-0.0262224844089338,0,35.4,4.0,31.4
2016,1218,1268,8,1.6750000000000007,0.0833333333333333,-0.0140845025292912,0,64.4,20.4,44.00000000000001
2016,1323,1372,-8,-10.160714285714286,-0.1651785714285714,-0.0157645894306781,1,33.0,57.4,-24.4
2016,1328,1433,-8,0.0569852941176467,0.0753676470588234,0.062519103210208,1,8.2,38.2,-30.000000000000004
2016,1332,1386,-7,1.475044563279858,0.0240641711229947,-0.0011671739871839,1,8.8,32.2,-23.400000000000002
2016,1292,1393,5,-0.403225806451613,0.1159274193548387,0.0034897163300458,0,112.8,45.0,67.8
2016,1320,1401,8,-5.745989304812834,-0.1283422459893047,0.0033544143877285,0,80.4,15.0,65.4
2016,1234,1437,5,-3.877609108159394,-0.1755218216318785,-0.0366233652179208,0,24.6,4.8,19.8
2016,1458,1462,5,-6.0,-0.21875,-0.0303233897677241,1,36.4,10.8,25.599999999999998
2016,1242,1268,-4,3.5719696969696972,0.1287878787878787,0.0166145578670575,1,1.2,20.4,-19.2
2016,1328,1401,-1,-0.413602941176471,0.0165441176470588,0.037533123269699,1,8.2,15.0,-6.800000000000001
2016,1181,1332,3,0.2424242424242422,-0.1212121212121212,0.009214433822862,0,18.6,8.8,9.8
2016,1274,1437,1,-4.452205882352942,-0.0716911764705882,-0.0203857824865599,0,11.8,4.8,7.000000000000001
2016,1231,1314,4,0.6691176470588243,-0.0422794117647058,0.0436973204099543,0,16.2,3.2,13.0
2016,1323,1458,-1,0.8125,0.03125,0.0375611293182354,1,33.0,36.4,-3.3999999999999986
2016,1211,1393,1,8.25,0.1875,0.07231404637617,0,28.8,45.0,-16.2
2016,1235,1438,3,-3.8219696969696977,-0.1316287878787878,0.0155229517597383,0,22.2,4.0,18.2
2016,1328,1332,1,0.8172348484848477,-0.0369318181818182,0.0480271937041581,1,8.2,8.8,-0.6000000000000014
2016,1242,1437,-1,-0.5677361853832448,0.0258467023172905,0.0264734519971326,0,1.2,4.8,-3.5999999999999996
2016,1314,1323,-5,7.580882352941176,0.1672794117647058,0.0039129856546787,1,3.2,33.0,-29.8
2016,1393,1438,9,-6.196969696969697,-0.1941287878787878,-0.0278643147345838,1,45.0,4.0,41.0
2016,1314,1393,-9,8.205882352941176,0.2297794117647058,0.0171894773120691,1,3.2,45.0,-41.8
2016,1328,1437,0,-3.295955882352942,-0.0716911764705882,0.0011582281978212,0,8.2,4.8,3.3999999999999995
2016,1314,1437,-1,-0.5588235294117663,-0.0294117647058823,-0.0330744710452592,0,3.2,4.8,-1.5999999999999996
2017,1243,1448,0,0.037878787878788,0.012310606060606,0.0164249175799767,1,37.4,35.2,2.1999999999999957
2017,1291,1309,0,-1.5861344537815123,-0.0483193277310923,0.0118811353608946,1,194.6,184.2,10.400000000000006
2017,1300,1413,0,8.933333333333334,0.1083333333333332,0.0638393367213112,0,178.8,197.8,-19.0
2017,1344,1425,0,-1.8901515151515156,-0.1022727272727272,-0.0064146348197285,0,50.6,48.2,2.3999999999999986
2017,1112,1315,-13,6.430672268907563,0.2037815126050419,0.0341747600718893,1,13.4,155.8,-142.4
2017,1139,1457,-9,-0.1967741935483866,-0.0580645161290322,-0.0336224122726579,1,21.2,101.4,-80.2
2017,1190,1196,9,-1.53125,0.03125,0.018186194694524,0,70.4,12.0,58.400000000000006
2017,1195,1199,11,-5.115151515151515,0.0090909090909091,-0.0152079381323855,0,96.6,17.0,79.6
2017,1211,1355,-15,24.486742424242426,0.4696969696969697,0.1669004302641312,1,2.8,182.4,-179.6
2017,1235,1305,-7,-0.1506238859180033,-0.1265597147950088,0.0107301085294931,1,17.8,46.8,-28.999999999999996
2017,1278,1292,-7,-4.727272727272727,-0.1515151515151515,-0.0322132789098417,0,29.2,49.0,-19.8
2017,1321,1435,-1,2.911764705882353,0.1176470588235294,-0.007601692237124,1,39.6,41.2,-1.6000000000000014
2017,1323,1343,-7,0.0084033613445377,-0.0504201680672268,0.0039391504250843,1,19.8,64.0,-44.2
2017,1345,1436,-9,2.423295454545455,-0.0672348484848485,0.0177493610038693,1,15.0,60.2,-45.2
2017,1388,1433,-3,7.235294117647058,0.1102941176470588,0.0872465644467285,1,21.2,43.8,-22.599999999999998
2017,1291,1437,15,-15.147058823529411,-0.3529411764705882,-0.0845131808578008,0,194.6,1.2,193.4
2017,1423,1438,7,-1.9375,0.15625,-0.0515967866401569,0,55.6,14.0,41.6
2017,1137,1452,9,-6.852941176470587,0.0,0.0438896972364928,0,77.0,10.8,66.2
2017,1439,1458,1,-5.685661764705882,-0.0477941176470588,0.0170822017274573,0,36.6,22.8,13.8
2017,1268,1462,-5,1.7352941176470589,0.1242884250474383,0.0570036221214053,0,36.2,37.8,-1.5999999999999943
2017,1116,1371,-1,2.6691176470588234,0.0790441176470588,0.0208352353682759,1,33.6,41.2,-7.600000000000001
2017,1124,1308,-11,-0.7860215053763451,-0.0591397849462366,0.0207462957285527,1,12.8,95.8,-83.0
2017,1153,1243,-5,8.859180035650624,0.2468805704099821,0.0347664713163485,1,19.4,37.4,-18.0
2017,1181,1407,-13,7.2109243697479,0.1831932773109243,0.0550186084546905,1,8.2,144.0,-135.8
2017,1242,1413,-15,9.84375,0.25,0.0770585149834333,1,5.4,197.8,-192.4
2017,1246,1297,-13,11.321691176470589,0.1654411764705882,0.0276598571167592,1,3.2,132.6,-129.4
2017,1240,1257,13,-10.8125,-0.1875,-0.0313614291464646,0,181.4,7.2,174.20000000000002
2017,1276,1329,-3,2.031336405529955,0.0728110599078341,0.042058753445729,1,23.0,29.4,-6.399999999999999
2017,1274,1277,-1,2.323863636363636,0.0804924242424242,-0.0361175188948992,0,32.6,44.8,-12.199999999999996
2017,1314,1411,-15,10.836007130124775,0.1114081996434936,0.0446717000912582,1,5.0,184.0,-179.0
2017,1233,1332,11,-9.185383244206774,-0.2014260249554367,-0.0563416024514008,0,114.2,14.6,99.60000000000001
2017,1166,1348,-5,0.454545454545455,0.0,0.0211428381677675,0,25.4,40.6,-15.200000000000003
2017,1266,1376,3,0.580645161290323,-0.064516129032258,0.0391945523002038,0,35.4,37.4,-2.0
2017,1245,1417,11,-11.942067736185384,-0.2611408199643493,-0.1262421498550666,0,131.2,13.0,118.19999999999999
2017,1374,1425,-5,9.19073083778966,0.1550802139037432,0.0683826079803034,0,12.0,48.2,-36.2
2017,1173,1455,-3,-10.103030303030303,-0.112121212121212,-0.0417555882974162,0,38.0,16.4,21.6
2017,1112,1388,-5,-4.6764705882352935,0.0073529411764705,-0.0615733988371298,1,13.4,21.2,-7.799999999999999
2017,1139,1292,-8,-3.0058651026392953,-0.136852394916911,-0.0298993339545274,1,21.2,49.0,-27.8
2017,1196,1438,-1,0.75,0.0625,-0.0135695083725349,1,12.0,14.0,-2.0
2017,1211,1321,-7,17.394830659536545,0.2932263814616755,0.1280454385162443,1,2.8,39.6,-36.800000000000004
2017,1235,1345,1,-4.089962121212121,-0.0842803030303029,-0.0314822536261711,0,17.8,15.0,2.8000000000000007
2017,1323,1452,1,-6.852941176470587,-0.0294117647058822,0.0195786919450451,0,19.8,10.8,9.0
2017,1437,1458,-7,4.352941176470589,0.176470588235294,0.0537170126683914,0,1.2,22.8,-21.6
2017,1199,1462,-8,7.91711229946524,0.1399286987522281,0.0672333938920157,0,17.0,37.8,-20.799999999999997
2017,1124,1425,-8,3.0654936461388065,0.0469208211143694,0.0522191417849899,1,12.8,48.2,-35.400000000000006
2017,1242,1277,-8,6.980113636363637,0.2992424242424242,0.0035696759491689,1,5.4,44.8,-39.4
2017,1246,1455,-8,-4.950089126559716,-0.0258467023172905,-0.0474362959056211,1,3.2,16.4,-13.2
2017,1257,1276,-5,2.430357142857142,0.0642857142857142,0.0101315599825851,0,7.2,23.0,-15.8
2017,1116,1314,7,-7.6301247771836,-0.0525846702317289,-0.004408088951944,0,33.6,5.0,28.6
2017,1332,1348,-8,4.818181818181818,0.1212121212121212,0.0351199988483594,1,14.6,40.6,-26.0
2017,1181,1376,-5,3.893087557603687,0.0940092165898618,0.0559147769300192,0,8.2,37.4,-29.2
2017,1153,1417,3,-1.38324420677362,-0.0258467023172905,-0.0420927460743136,0,19.4,13.0,6.399999999999999
2017,1211,1452,-3,7.777183600713014,0.2049910873440286,0.1340207165151161,1,2.8,10.8,-8.0
2017,1242,1345,-3,-2.625,0.09375,-0.0102368576915963,1,5.4,15.0,-9.6
2017,1276,1332,4,-4.045887445887445,-0.1627705627705628,-0.0422805667895573,0,23.0,14.6,8.4
2017,1112,1462,-9,7.558823529411765,0.2647058823529411,0.0676569314814373,0,13.4,37.8,-24.4
2017,1196,1458,-4,1.1893382352941178,0.0147058823529411,0.014320761707751,1,12.0,22.8,-10.8
2017,1246,1417,-1,-0.6773618538324424,-0.0258467023172905,-0.0529455852910312,1,3.2,13.0,-9.8
2017,1139,1314,3,-5.521016617790811,-0.04594330400782,0.0015006277539064,0,21.2,5.0,16.2
2017,1124,1376,-4,1.64516129032258,0.0967741935483871,0.0571904686892916,0,12.8,37.4,-24.599999999999998
2017,1211,1462,-10,20.159536541889484,0.3520499108734403,0.1667954270837854,1,2.8,37.8,-35.0
2017,1242,1332,-2,-2.9592803030303028,0.0265151515151514,-0.0147856470516639,0,5.4,14.6,-9.2
2017,1246,1314,1,0.9286987522281648,0.0650623885918003,0.0211622435411217,0,3.2,5.0,-1.7999999999999998
2017,1196,1376,-3,4.783266129032258,0.0725806451612903,0.0414733980311177,0,12.0,37.4,-25.4
2017,1211,1376,-6,16.488758553274685,0.2922776148582601,0.1473698196794187,1,2.8,37.4,-34.6
2017,1314,1332,-2,0.1212121212121211,-0.0606060606060606,-0.0569786910225155,1,5.0,14.6,-9.6
2017,1211,1314,0,10.000000000000002,0.1818181818181818,0.126945984358577,0,2.8,5.0,-2.2
2018,1254,1347,0,-2.183712121212121,-0.1098484848484848,0.0242522503432366,0,236.2,164.6,71.6
2018,1382,1417,0,1.3125,0.125,-0.0105307739184311,1,52.8,46.4,6.399999999999999
2018,1113,1393,0,5.193548387096774,0.0391006842619745,0.0268285287875016,0,48.2,49.0,-0.7999999999999972
2018,1300,1411,0,1.765654648956357,0.0749525616698292,0.0318165673399781,0,297.2,254.0,43.19999999999999
2018,1104,1439,1,-5.586397058823529,-0.0974264705882352,-0.0317454399586957,1,47.6,34.2,13.399999999999999
2018,1112,1138,-9,1.524064171122994,0.0365418894830659,0.0093196160272669,0,17.0,67.4,-50.400000000000006
2018,1181,1233,-13,11.393939393939394,0.1818181818181817,0.0797501212810598,1,4.8,133.4,-128.6
2018,1196,1382,-5,-0.28125,-0.15625,-0.0127818880779636,1,27.2,52.8,-25.599999999999998
2018,1211,1422,-9,8.575901328273245,0.1081593927893738,0.0649675558459429,1,11.8,78.6,-66.8
2018,1222,1361,-5,3.869990224828935,0.1104594330400782,0.0492099302345909,1,19.6,56.4,-36.8
2018,1242,1335,-15,4.4620493358633775,0.0521821631878557,0.0352887136967668,1,7.2,109.0,-101.8
2018,1172,1246,7,2.4338235294117645,-0.0496323529411765,0.0166543588094361,0,58.6,15.6,43.0
2018,1260,1274,5,3.527217741935484,0.1340725806451612,0.0630980519194335,1,43.0,30.0,13.0
2018,1276,1285,-11,0.859582542694497,0.0199240986717267,0.0269313968927878,1,10.4,84.2,-73.8
2018,1326,1355,-7,1.3916666666666666,-0.05,0.0175853547269241,1,15.6,72.2,-56.6
2018,1328,1348,3,-4.765120967741936,-0.2006048387096773,0.0119838942643926,0,43.2,34.6,8.600000000000001
2018,1301,1371,1,1.0625,0.0,-0.0111663255741678,0,44.2,26.4,17.800000000000004
2018,1397,1460,-11,2.6619318181818183,0.0388257575757575,0.0321541346014526,1,10.8,125.4,-114.60000000000001
2018,1372,1403,11,-0.7787878787878775,0.0727272727272727,-0.0221261801008775,0,110.8,13.6,97.2
2018,1347,1437,15,-14.113970588235292,-0.2573529411764705,-0.1052738275910653,0,164.6,1.8,162.79999999999998
2018,1120,1158,-9,4.643145161290323,0.0070564516129032,-0.0030423001390915,1,16.2,100.0,-83.8
2018,1116,1139,-3,-0.7745098039215685,0.070409982174688,0.0217619661215803,0,27.6,30.6,-3.0
2018,1153,1209,-13,10.667279411764708,0.1948529411764705,0.0180492196318751,1,5.8,110.6,-104.8
2018,1155,1308,-7,-3.397916666666667,-0.1145833333333333,-0.011897629925213,1,18.2,61.0,-42.8
2018,1199,1281,1,2.096774193548387,0.032258064516129,-0.0283719191669046,1,37.8,41.6,-3.8000000000000043
2018,1166,1243,-1,4.35386119257087,-0.021505376344086,0.0405705309861912,0,34.0,38.0,-4.0
2018,1267,1455,9,-7.141098484848484,-0.0842803030303029,-0.0084483072667497,1,102.2,18.6,83.6
2018,1137,1277,11,-7.887700534759359,-0.1434937611408199,-0.0881876391457739,0,90.4,5.2,85.2
2018,1305,1400,-3,6.69073083778966,0.2183600713012476,0.0383115754601328,1,28.0,40.4,-12.399999999999999
2018,1252,1314,13,-6.477832512315271,-0.0246305418719211,-0.0211842823699159,0,149.8,8.0,141.8
2018,1168,1345,13,-14.5,-0.202839756592292,-0.0754011822411642,0,137.6,5.6,132.0
2018,1393,1395,5,-4.0625,-0.0501893939393939,-0.0375084337541351,1,49.0,23.0,26.0
2018,1344,1401,3,-4.158088235294118,-0.0073529411764705,-0.0526309454610511,0,48.6,28.2,20.400000000000002
2018,1420,1438,15,-12.635386119257088,-0.2619745845552298,-0.0912532522889492,1,154.0,1.2,152.8
2018,1293,1452,7,0.7271805273833678,0.1217038539553752,0.0763847476826529,0,62.8,16.0,46.8
2018,1411,1462,15,-11.876114081996434,-0.4073083778966132,-0.0637097940692767,0,254.0,8.6,245.4
2018,1181,1348,-5,6.809659090909092,0.0066287878787878,0.0852764863116766,1,4.8,34.6,-29.8
2018,1211,1326,-1,8.257352941176471,0.1323529411764705,0.0479680742611793,1,11.8,15.6,-3.799999999999999
2018,1242,1371,-7,4.8713235294117645,0.1378676470588234,0.0671680994510477,1,7.2,26.4,-19.2
2018,1138,1246,8,1.7406417112299462,0.051693404634581,0.0153175441388744,0,67.4,15.6,51.800000000000004
2018,1260,1397,8,1.8380681818181817,0.0861742424242424,0.0657535654467174,1,43.0,10.8,32.2
2018,1222,1276,3,2.3975044563279866,-0.0062388591800356,0.020288799865011,0,19.6,10.4,9.200000000000001
2018,1196,1403,3,-3.920454545454545,-0.1022727272727272,-0.0392727218110501,0,27.2,13.6,13.6
2018,1104,1437,8,-13.794117647058822,-0.3235294117647058,-0.0607499945441582,0,47.6,1.8,45.800000000000004
2018,1120,1155,-1,2.59375,0.0625,-0.028460439362599,0,16.2,18.2,-2.0
2018,1199,1462,8,-2.497556207233626,-0.2033235581622678,-0.0070517530465659,1,37.8,8.6,29.199999999999996
2018,1243,1420,-7,2.96871945259042,-0.010752688172043,0.0380228700851723,1,38.0,154.0,-116.0
2018,1153,1305,-5,7.117647058823531,0.088235294117647,0.0303733503381578,0,5.8,28.0,-22.2
2018,1139,1345,8,-9.166666666666668,-0.2174688057040997,-0.0950107022006151,0,30.6,5.6,25.0
2018,1277,1393,-8,13.181818181818183,0.2727272727272727,0.1478370316543711,0,5.2,49.0,-43.8
2018,1314,1401,-5,3.6696428571428577,0.0892857142857143,-0.0248032216621007,0,8.0,28.2,-20.2
2018,1267,1452,8,-6.102495543672013,-0.0089126559714795,0.0456079769819877,0,102.2,16.0,86.2
2018,1199,1211,5,-10.09203036053131,-0.2371916508538899,-0.0588081756422594,1,37.8,11.8,25.999999999999996
2018,1243,1246,4,-1.956327985739751,-0.0392156862745098,-0.0086011136992963,1,38.0,15.6,22.4
2018,1260,1305,4,-0.5496323529411757,0.0496323529411765,0.0482796757397129,1,43.0,28.0,15.0
2018,1276,1401,-4,4.930147058823529,0.1691176470588234,0.0130330409144376,1,10.4,28.2,-17.799999999999997
2018,1181,1393,-9,12.090909090909092,0.1818181818181817,0.0957873723611749,1,4.8,49.0,-44.2
2018,1155,1242,4,-3.0900735294117645,-0.0753676470588234,-0.0448348472418739,0,18.2,7.2,11.0
2018,1345,1403,-1,4.954545454545455,0.0962566844919785,0.0531628120436276,0,5.6,13.6,-8.0
2018,1437,1452,-4,5.5588235294117645,0.176470588235294,0.0979164588736302,1,1.8,16.0,-14.2
2018,1243,1260,-2,-5.171401515151516,-0.1770833333333333,-0.0658244574209099,0,38.0,43.0,-5.0
2018,1199,1276,6,-2.827324478178368,-0.1489563567362428,-0.0107566773514347,0,37.8,10.4,27.4
2018,1181,1242,1,4.532085561497327,-0.0062388591800356,0.0036261247635206,0,4.8,7.2,-2.4000000000000004
2018,1403,1437,2,-5.6310160427807485,-0.1550802139037432,-0.0446131497710662,0,13.6,1.8,11.799999999999999
2018,1260,1276,8,-0.461397058823529,0.0496323529411765,0.0447794190063258,0,43.0,10.4,32.6
2018,1242,1437,0,-5.617647058823529,-0.088235294117647,-0.0082186868035505,0,7.2,1.8,5.4
2018,1276,1437,2,-6.0588235294117645,-0.088235294117647,-0.043987204460669,0,10.4,1.8,8.6
2019,1125,1396,0,8.5125,0.1145833333333333,0.0919046524180382,1,50.0,58.4,-8.399999999999999
2019,1192,1341,0,0.1368523949169113,-0.0557184750733137,0.0500281733484325,1,191.8,198.8,-7.0
2019,1113,1385,0,2.022727272727273,0.0511363636363636,0.0067028969942689,1,53.4,65.8,-12.399999999999999
2019,1295,1300,0,-1.2849462365591398,0.0161290322580645,-0.0003423828812952,1,201.2,283.2,-82.0
2019,1120,1308,-7,-2.5496323529411757,-0.1397058823529411,-0.0295698026384301,1,13.4,49.4,-36.0
2019,1124,1393,1,0.4384469696969697,-0.012310606060606,0.00218777081337,1,47.4,35.4,12.0
2019,1196,1305,3,-9.382352941176473,-0.319964349376114,-0.0485945958001611,1,36.4,24.0,12.399999999999999
2019,1199,1436,-9,-1.7683823529411766,-0.0183823529411765,0.0003967614520902,1,11.8,70.4,-58.60000000000001
2019,1192,1211,15,-21.529814271749757,-0.3284457478005864,-0.1246017328970828,0,191.8,5.2,186.60000000000002
2019,1242,1318,-9,-0.524064171122995,0.0383244206773618,-0.0089289692190197,1,17.0,81.2,-64.2
2019,1101,1246,13,-4.475444096133751,-0.0250783699059561,-0.0335976584453631,0,138.0,7.4,130.6
2019,1261,1463,-11,1.1651785714285712,0.0625,-0.0741218200759095,1,16.0,77.6,-61.599999999999994
2019,1125,1268,5,5.918749999999999,0.1458333333333333,0.0297478577448879,0,50.0,25.2,24.8
2019,1276,1285,-13,4.4797794117647065,0.0735294117647058,0.012327084899559,1,6.2,115.4,-109.2
2019,1133,1277,13,-12.112299465240644,-0.24777183600713,-0.1005868647208876,0,158.8,4.6,154.20000000000002
2019,1257,1278,-3,5.109625668449198,-0.0115864527629233,0.0529530015850284,0,23.2,42.0,-18.8
2019,1266,1293,-7,-4.570532915360502,-0.134796238244514,-0.0057001836090366,0,25.6,45.2,-19.6
2019,1330,1345,11,-4.051470588235294,0.0459558823529411,-0.0118521441666822,0,93.4,13.0,80.4
2019,1388,1437,5,1.163101604278074,-0.0686274509803922,0.0189326811904487,0,40.8,24.6,16.199999999999996
2019,1371,1459,3,-11.212121212121213,-0.2606060606060606,-0.0703701130448973,0,49.0,20.0,29.0
2019,1113,1138,5,-9.068181818181818,-0.221590909090909,-0.0391501413926444,0,53.4,18.4,35.0
2019,1181,1295,-15,17.392789373814043,0.3368121442125237,0.0862441996514836,1,1.8,201.2,-199.39999999999998
2019,1209,1222,11,-11.632352941176473,-0.1930147058823529,-0.054707022322131,0,96.2,12.4,83.8
2019,1153,1234,-3,4.833333333333333,0.1568627450980392,-0.0009295452217003,0,24.2,33.4,-9.2
2019,1251,1280,7,2.6911045943304,0.1094819159335287,0.0287266882303158,1,72.6,21.4,51.199999999999996
2019,1233,1314,15,-11.90246212121212,-0.2869318181818182,-0.0392038718754629,0,198.6,4.4,194.2
2019,1235,1326,-5,5.693404634581105,0.1007130124777183,0.040795060790747,0,20.2,44.2,-24.000000000000004
2019,1279,1328,-1,2.09375,0.03125,-0.0071719618646049,0,45.0,35.2,9.799999999999997
2019,1332,1458,7,-0.0935064935064939,-0.0398268398268398,-0.0187949174631177,1,46.0,16.6,29.4
2019,1159,1397,13,-6.757575757575758,-0.1515151515151515,-0.0261475971198874,0,120.2,6.2,114.0
2019,1297,1403,11,-6.0625,-0.0625,-0.0471509902528152,0,92.8,10.6,82.2
2019,1243,1414,-9,-2.2771836007130126,-0.0953654188948306,-0.0636128970275177,0,20.6,63.2,-42.6
2019,1416,1433,1,-2.005040322580645,-0.0393145161290322,-0.0032455261089454,1,41.2,37.8,3.4000000000000057
2019,1205,1438,15,-14.42641129032258,-0.2610887096774194,-0.0762368004773303,0,160.2,1.6,158.6
2019,1387,1439,9,-8.591964285714285,-0.0928571428571428,-0.0759180474758023,0,92.0,14.2,77.8
2019,1429,1449,-1,6.498217468805704,0.0534759358288771,0.0323423955806491,0,35.0,42.6,-7.600000000000001
2019,1120,1242,1,5.000000000000001,0.0,-0.0216241068574169,1,13.4,17.0,-3.5999999999999996
2019,1199,1293,-8,-5.412778904665315,-0.0679513184584178,-0.0527686458269695,1,11.8,45.2,-33.400000000000006
2019,1124,1211,8,-19.31912878787879,-0.315340909090909,-0.1315499730151693,0,47.4,5.2,42.199999999999996
2019,1246,1459,-5,-2.3636363636363633,-0.0484848484848484,-0.013781159857237,1,7.4,20.0,-12.6
2019,1261,1268,-3,2.0625,0.125,-0.0448547557755744,1,16.0,25.2,-9.2
2019,1196,1276,8,-7.2058823529411775,-0.2647058823529411,-0.0635861533878323,0,36.4,6.2,30.2
2019,1277,1278,-8,11.676470588235295,0.2058823529411764,0.1291779045310773,1,4.6,42.0,-37.4
2019,1345,1437,-3,1.992647058823529,-0.0165441176470588,-0.0020034005812479,1,13.0,24.6,-11.600000000000001
2019,1181,1416,-8,8.10246679316888,0.1110056925996204,0.0159818480618064,1,1.8,41.2,-39.400000000000006
2019,1222,1326,-8,10.958110516934047,0.3360071301247771,0.0746928824721377,1,12.4,44.2,-31.800000000000004
2019,1314,1449,-8,7.680035650623886,0.0534759358288771,-0.0028869407380544,1,4.4,42.6,-38.2
2019,1332,1414,-1,-1.310084033613446,-0.195798319327731,-0.0287497495221483,1,46.0,63.2,-17.200000000000003
2019,1234,1397,8,-7.515151515151515,-0.1818181818181818,-0.0692179355544093,0,33.4,6.2,27.2
2019,1138,1403,3,0.0056818181818183,0.096590909090909,-0.0470361813582718,0,18.4,10.6,7.799999999999999
2019,1328,1438,8,-13.84375,-0.3125,-0.0904505057707496,0,35.2,1.6,33.6
2019,1251,1439,8,-2.003024193548388,0.0564516129032257,-0.0019591438597137,0,72.6,14.2,58.39999999999999
2019,1199,1211,3,-15.993761140819966,-0.1149732620320855,-0.1192759266501548,0,11.8,5.2,6.6000000000000005
2019,1345,1397,1,-2.8068181818181817,-0.1297348484848485,-0.0466415009619293,1,13.0,6.2,6.8
2019,1276,1403,-1,-1.9889705882352935,0.0110294117647058,-0.0292940342846328,0,6.2,10.6,-4.3999999999999995
2019,1332,1438,11,-9.238392857142856,-0.2491071428571428,-0.0729332807307164,0,46.0,1.6,44.4
2019,1120,1314,4,-2.827094474153297,-0.0828877005347593,-0.0215755865724658,1,13.4,4.4,9.0
2019,1181,1439,-3,4.0349264705882355,0.1029411764705882,0.0127258393212915,1,1.8,14.2,-12.399999999999999
2019,1222,1246,1,3.079322638146168,0.0935828877005346,0.0354331235114642,0,12.4,7.4,5.0
2019,1261,1277,1,-4.950367647058824,-0.0110294117647058,-0.1064563032568731,0,16.0,4.6,11.4
2019,1211,1403,-2,9.975378787878787,0.096590909090909,0.0453747186276428,0,5.2,10.6,-5.3999999999999995
2019,1345,1438,2,-7.40625,-0.1875,-0.0893998383917306,0,13.0,1.6,11.4
2019,1120,1246,3,-1.0089126559714785,-0.0828877005347593,-0.0382193957350912,1,13.4,7.4,6.0
2019,1181,1277,-1,2.6470588235294112,0.0294117647058823,-0.0333364397224024,0,1.8,4.6,-2.8
2019,1277,1403,-1,-0.5183823529411757,0.0110294117647058,0.0125746043858207,0,4.6,10.6,-6.0
2019,1120,1438,4,-6.487132352941176,-0.1709558823529411,-0.0978131371297837,0,13.4,1.6,11.8
2019,1403,1438,2,-2.96875,-0.09375,-0.0132106228332192,0,10.6,1.6,9.0
2021,1179,1455,0,8.553606237816764,0.115009746588694,0.0558189400200257,1,50.8,56.4,-5.600000000000001
2021,1111,1313,0,-4.654761904761904,-0.125,-0.0487864883181893,0,188.8,193.0,-4.199999999999989
2021,1291,1411,0,-2.069169960474308,-0.1067193675889328,0.0131722443455827,0,190.6,188.6,2.0
2021,1277,1417,0,-5.864672364672364,-0.0982905982905982,-0.0124690770842315,0,53.2,40.8,12.400000000000006
2021,1116,1159,-11,-6.019047619047621,-0.1476190476190476,-0.075011124416153,1,12.0,33.0,-21.0
2021,1124,1216,-15,15.349637681159418,0.2644927536231883,0.0566025926874662,1,2.8,165.4,-162.6
2021,1196,1439,-3,-2.4886128364389233,-0.1055900621118012,0.0082177809953269,1,40.4,44.2,-3.8000000000000043
2021,1156,1222,13,-17.115384615384617,-0.1538461538461538,-0.0655145766341913,0,128.4,6.6,121.80000000000001
2021,1180,1228,15,-7.540834845735027,-0.161524500907441,-0.0432072954768509,0,143.2,2.8,140.39999999999998
2021,1210,1260,1,-9.172307692307692,-0.1661538461538461,-0.0807216276705827,0,32.6,22.6,10.0
2021,1317,1345,9,2.825185185185185,-0.0266666666666666,0.0553624640581396,1,83.2,19.0,64.2
2021,1251,1329,9,6.821428571428571,0.0773809523809523,0.0445452350838834,0,106.6,21.0,85.6
2021,1326,1331,-13,4.540579710144927,0.1347826086956521,0.0106634578580567,0,8.0,152.6,-144.6
2021,1333,1397,7,-9.412087912087912,-0.1208791208791209,-0.0598039943158428,1,67.6,22.4,45.199999999999996
2021,1155,1353,-3,1.5735785953177257,0.1187290969899665,-0.0083283380460828,0,35.2,35.2,0.0
2021,1361,1393,-5,7.303076923076923,0.2061538461538461,0.0376949450587961,0,15.4,44.2,-28.800000000000004
2021,1403,1429,-5,-0.8518518518518512,-0.074074074074074,-0.0235769017376857,1,31.4,51.8,-20.4
2021,1437,1457,-7,-4.340909090909092,-0.231060606060606,-0.0300071290948449,1,17.4,65.0,-47.6
2021,1287,1452,11,-1.0780423280423284,0.0833333333333333,0.0640407340246296,0,107.2,23.2,84.0
2021,1314,1458,-1,0.9753694581280784,0.0566502463054188,-0.0162575621873127,0,29.4,24.0,5.399999999999999
2021,1101,1400,11,8.142140468227424,0.0953177257525084,0.0128778740475861,1,81.6,17.0,64.6
2021,1104,1233,-13,3.5058823529411773,0.0941176470588235,0.0044160654345372,1,6.4,144.8,-138.4
2021,1160,1207,-7,9.086666666666668,0.2133333333333332,0.0282012320652383,1,18.8,54.6,-35.8
2021,1166,1364,-7,-1.654761904761905,-0.119047619047619,0.0353589519063824,1,23.4,56.4,-33.0
2021,1199,1422,-9,2.4184952978056433,0.0031347962382445,0.0768678368297243,1,19.4,93.2,-73.80000000000001
2021,1211,1313,-15,18.42857142857143,0.3333333333333333,0.113377761394689,1,1.0,193.0,-192.0
2021,1213,1234,13,-2.227586206896552,-0.0241379310344828,0.018092207422438,0,104.6,7.6,97.0
2021,1186,1242,11,1.575757575757576,-0.0218855218855219,0.038168260354183,0,112.0,16.8,95.2
2021,1261,1382,-1,-3.3722222222222227,-0.1333333333333334,-0.0073406099173017,1,25.8,26.6,-0.8000000000000007
2021,1163,1268,-3,5.444805194805195,0.146103896103896,-0.0078331718951924,0,24.4,39.4,-15.0
2021,1276,1411,-15,7.396739130434783,0.1811594202898551,0.0808716292744171,1,3.4,188.6,-185.2
2021,1325,1438,9,-1.1212121212121202,-0.0681818181818182,-0.0344779268439831,1,85.4,18.8,66.60000000000001
2021,1281,1328,1,-3.8,0.04,0.0049057441833278,0,36.8,43.2,-6.400000000000006
2021,1140,1417,-5,4.373846153846155,0.1061538461538461,0.0711002556286909,0,20.6,40.8,-20.199999999999996
2021,1179,1425,5,1.530012771392082,0.0932311621966794,-0.0068438962931726,0,50.8,12.6,38.199999999999996
2021,1116,1403,-3,2.084656084656084,0.156084656084656,0.0200658879264063,1,12.0,31.4,-19.4
2021,1124,1458,-8,12.647988505747126,0.3304597701149425,0.0691037508904992,1,2.8,24.0,-21.2
2021,1222,1353,-8,16.26923076923077,0.3076923076923077,0.059304724919582,1,6.6,35.2,-28.6
2021,1228,1260,-7,-2.5198938992042432,-0.053050397877984,-0.0064535756152355,0,2.8,22.6,-19.8
2021,1196,1331,-8,2.304347826086956,0.0434782608695653,0.0173121066524232,0,40.4,152.6,-112.19999999999999
2021,1329,1333,-8,4.321428571428572,0.1428571428571429,0.0674482136202873,0,21.0,67.6,-46.599999999999994
2021,1393,1452,8,-0.065185185185185,-0.0266666666666666,0.0376900042170776,1,44.2,23.2,21.000000000000004
2021,1317,1437,8,-0.7690909090909086,-0.0872727272727272,0.0730458713817076,0,83.2,17.4,65.80000000000001
2021,1104,1268,-8,7.335714285714286,0.2642857142857143,0.0191021189895077,1,6.4,39.4,-33.0
2021,1166,1325,-8,1.633116883116883,0.0324675324675325,0.041519890270733,1,23.4,85.4,-62.00000000000001
2021,1160,1199,1,1.1757575757575758,0.0060606060606059,-0.0347753729026725,0,18.8,19.4,-0.5999999999999979
2021,1211,1328,-7,17.48,0.4,0.11646507923807,1,1.0,43.2,-42.2
2021,1261,1276,7,-4.097222222222222,-0.1666666666666667,-0.0570505813397954,0,25.8,3.4,22.400000000000002
2021,1234,1332,-5,4.86604774535809,-0.0450928381962865,0.0209520436877559,0,7.6,26.0,-18.4
2021,1101,1417,3,10.2190635451505,0.1722408026755852,0.061805545105766,0,81.6,40.8,40.8
2021,1242,1425,-3,-3.32183908045977,-0.0549169859514686,-0.0407224258424135,0,16.8,12.6,4.200000000000001
2021,1116,1331,-12,9.888198757763975,0.2204968944099379,0.0071560762932155,1,12.0,152.6,-140.6
2021,1124,1437,-4,9.549242424242424,0.1893939393939393,0.0738426748255633,1,2.8,17.4,-14.599999999999998
2021,1222,1393,-9,12.88,0.2446153846153845,0.0614475244763018,1,6.6,44.2,-37.6
2021,1260,1333,-4,14.835164835164834,0.2747252747252747,0.1141597622412086,0,22.6,67.6,-44.99999999999999
2021,1166,1211,4,-14.321428571428571,-0.2857142857142857,-0.0469694349502017,0,23.4,1.0,22.4
2021,1199,1276,3,-2.2840909090909083,-0.106060606060606,-0.0216727405791274,0,19.4,3.4,15.999999999999998
2021,1104,1417,-9,5.453846153846155,0.1461538461538462,0.0469335710830929,0,6.4,40.8,-34.4
2021,1332,1425,1,-2.6936339522546415,0.0106100795755968,-0.0255905130568886,0,26.0,12.6,13.4
2021,1116,1124,2,-6.244047619047619,-0.1309523809523809,-0.0447175932892007,0,12.0,2.8,9.2
2021,1222,1333,-10,18.142857142857142,0.3131868131868132,0.1013925270997903,1,6.6,67.6,-60.99999999999999
2021,1211,1425,-5,13.344827586206897,0.2413793103448276,0.0675308338058308,1,1.0,12.6,-11.6
2021,1276,1417,-10,6.528846153846154,0.1794871794871795,0.087162475024662,0,3.4,40.8,-37.4
2021,1124,1222,-1,-0.0416666666666678,0.032051282051282,2.960345382874152e-05,1,2.8,6.6,-3.8
2021,1211,1417,-10,18.653846153846153,0.3461538461538461,0.1222839068380207,1,1.0,40.8,-39.8
2021,1124,1211,0,-5.041666666666668,-0.0833333333333333,-0.0512433481288684,1,2.8,1.0,1.7999999999999998
2022,1231,1461,0,-0.6420454545454541,-0.1439393939393939,0.0042422063402703,1,43.0,50.6,-7.600000000000001
2022,1394,1411,0,-1.0333333333333332,0.0333333333333333,-0.0558536171793167,0,220.6,198.4,22.19999999999999
2022,1323,1353,0,2.903225806451613,0.096774193548387,0.0367189587802359,1,50.2,70.4,-20.200000000000003
2022,1136,1460,0,-0.4787878787878785,0.0939393939393938,0.0165837939873684,0,159.0,176.4,-17.400000000000006
2022,1116,1436,-9,-5.6685606060606055,-0.0861742424242424,-0.0790117564741051,1,16.8,57.8,-41.0
2022,1124,1313,-15,5.949074074074074,0.0347222222222222,-0.0123087989681983,1,5.8,146.8,-141.0
2022,1166,1361,1,-4.521994134897361,-0.0752688172043011,0.0131004997161419,1,45.0,26.8,18.2
2022,1209,1211,15,-21.402758620689653,-0.296551724137931,-0.2096904904120319,0,140.0,2.0,138.0
2022,1242,1411,-15,6.707843137254902,0.2235294117647058,0.0336778395678995,1,3.4,198.4,-195.0
2022,1129,1272,-1,0.2101661779081132,0.1104594330400782,-0.0317694013313772,0,28.0,32.2,-4.200000000000003
2022,1161,1276,-5,4.218020022246941,0.2791991101223582,0.0337475027649143,0,27.0,41.2,-14.200000000000003
2022,1293,1362,-3,4.6875,0.2122844827586206,-0.0128569968260255,1,29.0,28.2,0.8000000000000007
2022,1163,1308,-7,3.824353448275862,-0.0743534482758621,-0.0282559268737223,0,20.0,65.8,-45.8
2022,1266,1314,1,-2.2717497556207236,-0.1143695014662756,0.0364769618916387,0,45.6,28.8,16.8
2022,1344,1355,-9,-6.16875,-0.0416666666666666,-0.0461417539068413,1,28.2,53.4,-25.2
2022,1234,1350,-7,9.057142857142855,0.0857142857142857,0.0279572741462674,0,14.4,72.6,-58.199999999999996
2022,1231,1388,7,-2.809384164222874,-0.1681329423264906,0.0132209773229233,0,43.0,20.0,23.0
2022,1246,1389,-13,9.523510971786834,0.167189132706374,0.0304661493629302,0,6.8,122.2,-115.4
2022,1255,1397,11,-3.245670995670995,-0.0021645021645021,-0.0307984762010851,0,121.8,5.8,116.0
2022,1103,1417,9,-6.433467741935484,-0.0715725806451612,0.0064100679685057,0,111.6,11.4,100.19999999999999
2022,1112,1460,-15,13.48395721925134,0.3057040998217468,0.1083345471309229,1,1.6,176.4,-174.8
2022,1120,1240,-13,7.308189655172414,0.1885775862068965,0.0004489600068516,1,7.0,140.2,-133.2
2022,1168,1181,13,-10.132860040567952,-0.1683569979716024,-0.1025527781697364,0,145.2,12.8,132.39999999999998
2022,1222,1412,-7,5.1286764705882355,0.0716911764705882,0.0504123491544492,1,7.2,47.2,-40.0
2022,1151,1228,9,-0.816532258064516,0.0715725806451612,-0.0359091340527059,0,62.4,18.6,43.8
2022,1235,1261,5,-6.107007575757576,-0.0416666666666666,-0.0293424484545166,1,48.4,23.0,25.4
2022,1274,1425,3,-2.878787878787879,-0.0909090909090908,-0.0568680112075517,1,51.4,36.2,15.199999999999996
2022,1172,1277,3,5.165441176470589,0.1654411764705882,0.0173270274292476,0,37.2,31.6,5.600000000000001
2022,1104,1323,-5,-1.4375,-0.0836693548387096,-0.0287311506918521,0,28.2,50.2,-22.000000000000004
2022,1260,1326,3,5.892473118279571,0.1408602150537634,0.0237030381973765,0,35.0,36.0,-1.0
2022,1345,1463,-11,8.994929006085194,0.1734279918864096,0.0614861564580946,1,12.0,136.8,-124.80000000000001
2022,1371,1395,-1,2.1729166666666666,0.0416666666666666,0.0100596281950789,0,37.2,38.0,-0.7999999999999972
2022,1400,1439,-5,0.2616071428571427,-0.0008928571428571,-0.0310744567321698,1,23.8,35.2,-11.400000000000002
2022,1286,1403,11,-4.851102941176471,0.0459558823529411,-0.0128762022459035,0,105.0,12.0,93.0
2022,1174,1437,13,-6.727272727272727,-0.1515151515151515,-0.0019951105718586,0,134.6,9.4,125.19999999999999
2022,1159,1458,11,3.626588465298143,-0.1075268817204301,0.080711279941123,0,130.6,25.2,105.39999999999999
2022,1116,1308,-8,2.187042842215257,-0.0355276907001045,-0.0498894826114694,1,16.8,65.8,-49.0
2022,1211,1272,-8,15.450500556173528,0.2191323692992214,0.1016464085944311,1,2.0,32.2,-30.200000000000003
2022,1166,1242,8,-7.350267379679145,-0.1568627450980392,-0.0110421363124168,0,45.0,3.4,41.6
2022,1276,1397,8,-7.262952101661779,-0.2394916911045943,-0.0214219280049544,1,41.2,5.8,35.400000000000006
2022,1124,1314,-7,7.087121212121212,0.0852272727272727,0.0278439973775541,0,5.8,28.8,-23.0
2022,1344,1350,-8,1.3714285714285714,0.1761904761904762,0.0252740808244709,1,28.2,72.6,-44.39999999999999
2022,1293,1389,-8,10.06896551724138,0.3103448275862068,0.011847402022357,0,29.0,122.2,-93.2
2022,1388,1417,1,-3.20766129032258,-0.0070564516129032,0.0145009659515487,0,20.0,11.4,8.6
2022,1112,1395,-8,13.935661764705884,0.2867647058823529,0.1034141171250339,1,1.6,38.0,-36.4
2022,1181,1277,-5,9.382352941176473,0.176470588235294,0.0414544705527989,1,12.8,31.6,-18.8
2022,1222,1228,1,8.81214421252372,0.1432637571157494,0.0323770690254904,1,7.2,18.6,-11.400000000000002
2022,1235,1458,8,-0.692540322580645,-0.1491935483870967,0.0271480779592556,1,48.4,25.2,23.2
2022,1120,1274,-8,7.899621212121212,0.1467803030303029,0.0554072881762278,0,7.0,51.4,-44.4
2022,1345,1400,-3,2.3106617647058822,0.1378676470588234,0.039868018954387,1,12.0,23.8,-11.8
2022,1323,1403,8,-6.382352941176471,-0.0578747628083492,-0.0193514166275705,0,50.2,12.0,38.2
2022,1326,1437,5,-4.212121212121212,-0.1545454545454545,0.0242306254814311,0,36.0,9.4,26.6
2022,1116,1211,3,-14.08881922675026,-0.1389759665621734,-0.1456905492040951,1,16.8,2.0,14.8
2022,1181,1403,-1,1.6470588235294112,0.0882352941176469,0.0179616584849633,1,12.8,12.0,0.8000000000000007
2022,1112,1222,-4,0.0882352941176485,0.0588235294117647,0.0150706279259649,0,1.6,7.2,-5.6
2022,1276,1437,9,-6.3841642228739,-0.2394916911045943,-0.0249472275516129,0,41.2,9.4,31.800000000000004
2022,1242,1344,-3,5.641176470588236,-0.0098039215686275,0.0360375316659306,1,3.4,28.2,-24.8
2022,1235,1274,1,-0.319128787878788,-0.071969696969697,0.0084367306688203,0,48.4,51.4,-3.0
2022,1314,1417,4,-5.774621212121212,-0.0539772727272727,-0.005734601194143,1,28.8,11.4,17.4
2022,1345,1389,-12,7.098377281947261,0.1734279918864096,0.0360540435589057,0,12.0,122.2,-110.2
2022,1116,1181,2,-4.635472370766488,-0.0659536541889482,-0.0693907706623681,0,16.8,12.8,4.0
2022,1222,1437,3,7.395721925133691,0.0650623885918003,0.0555361392732474,0,7.2,9.4,-2.2
2022,1242,1274,-9,6.653297682709447,0.1265597147950088,0.0650171333447599,1,3.4,51.4,-48.0
2022,1314,1389,-7,1.8568443051201675,0.1065830721003134,-0.0149405561516178,1,28.8,122.2,-93.4
2022,1242,1437,-1,0.8957219251336905,0.035650623885918,0.0268559486807352,1,3.4,9.4,-6.0
2022,1181,1314,-6,7.241532976827094,0.0962566844919785,0.0640042162188662,0,12.8,28.8,-16.0
2022,1242,1314,-7,4.653297682709447,0.0962566844919785,0.0490529191246082,1,3.4,28.8,-25.400000000000002
2023,1280,1338,0,-0.7272727272727275,-0.0303030303030302,-0.0331584838826911,0,49.4,66.4,-17.000000000000007
2023,1369,1394,0,-5.829676071055381,-0.1400208986415883,-0.0048320206057478,0,240.0,183.6,56.400000000000006
2023,1113,1305,0,-1.8984819734345355,-0.0303605313092978,-0.0025761800025864,1,58.2,46.4,11.800000000000004
2023,1192,1411,0,5.28125,0.15625,-0.0127537426635284,1,294.4,291.8,2.599999999999966
2023,1104,1394,-15,8.331643002028397,0.1977687626774847,0.1236741063264724,1,1.6,183.6,-182.0
2023,1116,1228,-1,-0.6571969696969697,-0.0189393939393939,0.0076260898448199,1,28.6,36.8,-8.199999999999996
2023,1120,1234,1,-0.15625,0.03125,0.0544197209063658,1,31.4,43.6,-12.200000000000003
2023,1181,1331,-7,-3.9450980392156865,-0.1019607843137255,-0.0281702144022557,1,16.6,52.6,-36.0
2023,1202,1438,9,1.4375,-0.0070564516129032,0.0197961924039842,1,91.6,26.6,65.0
2023,1222,1297,-15,16.060661764705884,0.2867647058823529,0.1168252190722398,1,2.6,151.0,-148.4
2023,1224,1242,15,-6.0,-0.1812144212523718,-0.0393363030978605,0,193.2,5.4,187.79999999999998
2023,1268,1452,-1,1.9393939393939392,0.0606060606060605,0.0229348101598854,1,31.8,24.8,7.0
2023,1281,1429,-3,-3.060606060606061,-0.0303030303030302,-0.0503339927880901,1,35.4,23.8,11.599999999999998
2023,1129,1321,3,1.84375,0.0625,0.0582203732680908,0,34.0,37.8,-3.799999999999997
2023,1336,1401,3,-3.115126050420168,-0.1067226890756303,0.0514104009611572,1,39.2,23.2,16.000000000000004
2023,1112,1343,-13,5.102396514161219,0.1198257080610021,0.0517273228566412,0,8.2,111.0,-102.8
2023,1158,1361,7,5.438446969696969,0.096590909090909,0.0088889935265956,0,48.8,14.6,34.199999999999996
2023,1397,1418,-9,8.724242424242425,-0.0696969696969697,0.0543894429363867,1,13.0,82.4,-69.4
2023,1159,1400,13,-1.5320855614973272,-0.0071301247771835,0.0184401128097303,0,109.4,5.8,103.60000000000001
2023,1417,1421,-13,9.898897058823527,0.0716911764705882,-0.0185992557521115,1,3.6,122.2,-118.60000000000001
2023,1124,1364,-11,0.84375,-0.09375,-0.0272347723955172,1,14.2,98.6,-84.39999999999999
2023,1163,1233,-9,2.041889483065953,-0.0365418894830659,0.0199645109853426,1,10.2,67.0,-56.8
2023,1166,1301,-5,0.7575757575757587,-0.0606060606060606,0.0501640465349033,1,23.2,45.2,-22.000000000000004
2023,1192,1345,15,-10.040441176470589,-0.3216911764705882,-0.0924903550592848,1,294.4,5.6,288.79999999999995
2023,1194,1272,1,5.022058823529412,0.1415441176470588,0.0271554578003394,1,22.8,17.0,5.800000000000001
2023,1211,1213,-11,9.0,0.1875,0.0105634006550827,1,8.2,103.2,-95.0
2023,1231,1245,-9,-2.799242424242424,-0.1458333333333333,0.0240581073373024,1,24.0,63.4,-39.4
2023,1243,1286,-11,2.375,0.0,0.0259614232991156,1,19.8,109.8,-90.0
2023,1246,1344,-5,0.25,0.0,0.0097625744312943,1,31.0,45.6,-14.600000000000001
2023,1266,1436,-13,3.9154411764705888,0.1360294117647058,0.0071636127020212,1,10.0,112.2,-102.2
2023,1179,1274,7,2.173295454545455,0.0066287878787878,0.0212306127289768,0,55.8,32.0,23.799999999999997
2023,1277,1425,-3,-2.692540322580645,-0.0745967741935483,-0.0262471168415234,1,33.0,39.0,-6.0
2023,1235,1338,-5,0.0511363636363633,-0.0729166666666666,-0.0339192307279019,0,27.6,66.4,-38.800000000000004
2023,1388,1433,-7,2.4393382352941178,-0.0128676470588234,0.0049965477161245,1,16.6,43.8,-27.199999999999996
2023,1113,1395,5,-4.655080213903743,0.0106951871657754,-0.0116120365599222,0,58.2,28.6,29.6
2023,1244,1462,11,-4.449715370018975,0.0066413662239088,-0.0343313019546148,0,102.2,17.4,84.80000000000001
2023,1104,1268,-7,6.464349376114082,0.2165775401069518,0.0800198988308636,1,1.6,31.8,-30.2
2023,1116,1242,7,0.0303030303030302,-0.1880570409982174,0.0011290859681564,1,28.6,5.4,23.200000000000003
2023,1120,1222,8,-12.873161764705884,-0.2867647058823529,-0.061446037938488,0,31.4,2.6,28.799999999999997
2023,1281,1343,-8,-1.1649831649831652,0.0235690235690235,-0.0167514766199036,0,35.4,111.0,-75.6
2023,1202,1361,8,1.46875,-0.0383064516129032,0.0233308104058055,0,91.6,14.6,77.0
2023,1181,1397,1,-5.169340463458111,0.0677361853832441,-0.0312292195946882,0,16.6,13.0,3.6000000000000014
2023,1336,1400,8,-6.526890756302521,-0.1361344537815125,0.0137847397640087,0,39.2,5.8,33.400000000000006
2023,1321,1417,5,-8.430147058823529,-0.1966911764705882,-0.0531783815769771,0,37.8,3.6,34.199999999999996
2023,1163,1388,-1,2.455492424242424,-0.0236742424242424,0.0219204009307913,1,10.2,16.6,-6.400000000000002
2023,1124,1166,-3,-1.2452651515151525,0.0511363636363636,-0.0537427122885357,0,14.2,23.2,-9.0
2023,1192,1194,7,-12.5625,-0.375,-0.1344741552595791,0,294.4,22.8,271.59999999999997
2023,1211,1395,-3,5.3522727272727275,0.2073863636363636,0.0445185914608313,1,8.2,28.6,-20.400000000000002
2023,1243,1246,-3,-0.5625,0.0625,0.0163704068591019,1,19.8,31.0,-11.2
2023,1231,1274,-1,-0.7054924242424239,-0.1145833333333333,0.0285554352910279,0,24.0,32.0,-8.0
2023,1266,1277,-5,6.514231499051234,0.2106261859582542,0.0142284799640191,0,10.0,33.0,-23.0
2023,1338,1462,8,-1.7165775401069512,-0.0686274509803922,-0.0116597471284268,0,66.4,17.4,49.00000000000001
2023,1116,1163,4,-6.393939393939394,-0.1515151515151515,-0.0249308448864799,0,28.6,10.2,18.400000000000002
2023,1194,1397,5,-0.8825757575757578,0.2092803030303029,0.0118020827955556,1,22.8,13.0,9.8
2023,1211,1417,1,-0.992647058823529,-0.0091911764705882,0.026750614965071,1,8.2,3.6,4.6
2023,1243,1277,-4,3.630040322580645,0.1058467741935483,0.0054148056192775,1,19.8,33.0,-13.2
2023,1166,1343,-9,2.077441077441078,-0.0673400673400673,0.0255925521823197,1,23.2,111.0,-87.8
2023,1222,1274,-4,11.248161764705884,0.1305147058823529,0.0647070425057089,0,2.6,32.0,-29.4
2023,1104,1361,-4,6.1452205882352935,0.0404411764705882,0.0856115571991195,0,1.6,14.6,-13.0
2023,1400,1462,-1,3.0882352941176476,0.0294117647058822,-0.0028640063539673,1,5.8,17.4,-11.599999999999998
2023,1163,1211,1,0.7992424242424239,-0.0861742424242424,0.0115038249197293,1,10.2,8.2,2.0
2023,1194,1243,6,6.40625,0.1875,0.050536654988381,1,22.8,19.8,3.0
2023,1274,1400,3,-3.1599264705882355,0.0165441176470588,-0.0124264523358608,1,32.0,5.8,26.2
2023,1166,1361,1,0.6202651515151523,-0.1761363636363636,0.0434429007175027,0,23.2,14.6,8.6
2023,1163,1274,-1,6.142992424242424,-0.0236742424242424,0.0426645704081551,1,10.2,32.0,-21.8
2023,1194,1361,4,5.34375,0.09375,0.0642410426182094,0,22.8,14.6,8.200000000000001
2023,1163,1361,-1,5.892992424242424,-0.0549242424242424,0.0526252137061777,1,10.2,14.6,-4.4
2024,1161,1438,0,2.09375,-0.009469696969697,0.0224075588902563,1,40.4,53.6,-13.200000000000003
2024,1224,1447,0,0.7510775862068966,0.0172413793103448,0.0490372552304814,0,275.4,282.4,-7.0
2024,1129,1160,0,-1.7176470588235286,-0.0392156862745098,-0.0421774992053195,0,44.0,27.2,16.8
2024,1212,1286,0,-3.064516129032258,0.064516129032258,-0.0247081927860813,1,246.0,227.2,18.80000000000001
2024,1112,1253,-13,15.090909090909092,0.1818181818181817,0.0842968805531763,1,7.2,161.6,-154.4
2024,1103,1166,11,-5.28125,-0.03125,-0.0772070831075315,0,111.8,15.2,96.6
2024,1173,1305,-3,-0.1733870967741939,-0.0070564516129032,0.0356294271162979,1,33.8,32.4,1.3999999999999986
2024,1140,1182,-5,8.468805704099822,0.0204991087344028,0.0497431724663042,0,19.4,70.6,-51.199999999999996
2024,1211,1270,-7,-0.1234705228031138,-0.1223581757508343,0.0233107654800371,1,20.2,62.4,-42.2
2024,1228,1287,-11,3.8509803921568624,0.0313725490196078,-0.0276101051968193,1,8.8,114.6,-105.8
2024,1235,1355,-13,10.393738140417458,0.1812144212523718,0.0030816502988277,1,5.6,149.2,-143.6
2024,1242,1359,-9,-4.065524193548387,-0.1663306451612903,-0.0109427345714734,1,20.4,71.6,-51.199999999999996
2024,1277,1280,1,1.475935828877005,-0.0418894830659536,-0.0049954294719893,1,32.8,35.0,-2.200000000000003
2024,1301,1403,5,-2.5757575757575757,-0.0858585858585858,-0.0353669501137099,1,55.0,23.6,31.4
2024,1314,1447,-15,12.580121703853957,0.3113590263691683,0.0867087620226694,1,6.6,282.4,-275.79999999999995
2024,1246,1324,-11,6.25,0.0422794117647058,0.064145433194158,0,18.4,120.8,-102.4
2024,1332,1376,5,-1.5900178253119428,-0.1114081996434936,-0.0249332348826147,1,46.2,34.2,12.0
2024,1389,1397,13,-9.722782258064516,-0.1693548387096773,-0.0768127184222897,0,190.0,6.8,183.2
2024,1161,1400,3,-0.5625,0.0625,0.0053646807793508,0,40.4,33.2,7.199999999999996
2024,1179,1450,3,2.242424242424242,0.0909090909090909,-0.00873525550046,0,38.4,36.8,1.6000000000000014
2024,1104,1158,-9,2.626893939393939,-0.1316287878787878,0.0452671957878696,1,14.8,86.8,-72.0
2024,1124,1159,-11,2.6609848484848486,-0.0397727272727272,-0.0203353653396656,1,13.8,127.4,-113.60000000000001
2024,1155,1307,-5,-4.4650735294117645,-0.0790441176470588,0.0221010548606897,1,35.6,26.4,9.200000000000003
2024,1160,1196,3,1.5176470588235291,0.0201680672268907,0.0332619889055617,1,27.2,27.2,0.0
2024,1163,1391,-15,17.703984819734345,0.2988614800759013,0.1060049530033647,1,1.6,179.2,-177.6
2024,1181,1436,-9,5.59375,-0.0625,0.0107727723680591,1,12.4,84.6,-72.19999999999999
2024,1213,1388,7,-1.8125,0.09375,-0.0188383075689833,1,49.0,24.4,24.6
2024,1222,1255,-15,11.962049335863377,0.3017077798861479,0.0765346462907796,1,1.8,158.2,-156.39999999999998
2024,1241,1458,7,8.37056277056277,0.2805194805194805,0.0751286928365732,1,49.8,22.8,26.999999999999996
2024,1266,1443,-13,3.7549019607843137,0.1019607843137255,0.0179909337966449,1,11.4,136.0,-124.6
2024,1194,1321,-1,4.585227272727273,0.1013257575757575,0.0382666889570009,0,39.2,45.6,-6.399999999999999
2024,1212,1345,15,-16.98435972629521,-0.3304007820136853,-0.0910741476035288,0,246.0,3.2,242.8
2024,1361,1412,-7,5.267992424242424,0.0208333333333333,0.0346762591335718,1,28.2,92.0,-63.8
2024,1304,1401,-1,3.5142602495543667,0.1087344028520499,0.1158232697333485,0,29.6,48.6,-19.0
2024,1395,1429,1,0.580645161290323,-0.1700879765395894,-0.0300938027256334,0,37.2,35.8,1.4000000000000057
2024,1120,1463,-9,9.880324543610548,0.1044624746450303,0.0811083102941062,0,5.0,84.8,-79.8
2024,1112,1173,-5,7.245356793743891,-0.0166177908113391,-0.0245836529421616,1,7.2,33.8,-26.599999999999998
2024,1166,1332,-8,7.341911764705882,0.0422794117647058,0.1078421946691566,1,15.2,46.2,-31.000000000000004
2024,1211,1242,1,8.387096774193548,0.0967741935483871,0.035952774972677,1,20.2,20.4,-0.1999999999999993
2024,1182,1228,8,-7.147058823529411,-0.0882352941176469,-0.0380203182738923,0,70.6,8.8,61.8
2024,1235,1450,-5,6.840463458110518,0.0668449197860961,-0.0002673676805127,1,5.6,36.8,-31.199999999999996
2024,1301,1324,-3,0.1666666666666665,-0.065359477124183,-0.0124992146427077,1,55.0,120.8,-65.8
2024,1277,1314,8,-4.053475935828876,-0.2183600713012476,-0.0140240008251386,0,32.8,6.6,26.199999999999996
2024,1397,1400,-5,4.9375,0.125,0.0131868232741798,1,6.8,33.2,-26.400000000000002
2024,1104,1213,-8,-2.03125,-0.21875,0.0024126651692298,1,14.8,49.0,-34.2
2024,1124,1155,-3,2.71875,0.03125,-0.0099670186887919,0,13.8,35.6,-21.8
2024,1163,1321,-8,12.371323529411764,0.2555147058823529,0.1047417888562196,1,1.6,45.6,-44.0
2024,1181,1241,-8,-1.0785984848484844,-0.159090909090909,-0.0154029895434371,1,12.4,49.8,-37.4
2024,1222,1401,-8,12.088235294117649,0.2941176470588235,0.1045024250741616,1,1.8,48.6,-46.800000000000004
2024,1160,1266,8,-0.4705882352941177,-0.0294117647058823,0.006109067106468,0,27.2,11.4,15.799999999999999
2024,1345,1429,-7,5.823069403714565,0.072336265884653,0.0370038783281451,1,3.2,35.8,-32.599999999999994
2024,1361,1463,-8,1.4299568965517242,-0.0021551724137931,-0.0005060299294885,1,28.2,84.8,-56.599999999999994
2024,1104,1314,3,-1.547794117647058,-0.1378676470588234,0.0147698789342314,1,14.8,6.6,8.200000000000001
2024,1112,1155,-4,9.603219696969695,0.1013257575757575,0.0107919484144966,0,7.2,35.6,-28.400000000000002
2024,1163,1361,-4,10.215073529411764,0.2242647058823529,0.0942637886663183,1,1.6,28.2,-26.599999999999998
2024,1228,1235,1,-3.647058823529413,-0.0294117647058823,0.0100661540371769,1,8.8,5.6,3.200000000000001
2024,1181,1222,3,-3.652573529411765,-0.1323529411764705,0.0048360210721466,1,12.4,1.8,10.6
2024,1266,1301,-9,4.921568627450981,0.1241830065359477,0.0516914309457973,0,11.4,55.0,-43.6
2024,1211,1345,4,1.0478983382209195,-0.104594330400782,0.0119581878739656,0,20.2,3.2,17.0
2024,1166,1397,1,-0.78125,-0.03125,0.0501980582938468,0,15.2,6.8,8.399999999999999
2024,1104,1155,-2,3.59375,0.0,0.0116164712348434,1,14.8,35.6,-20.8
2024,1163,1228,-2,6.4411764705882355,0.1470588235294118,0.0616841865196309,1,1.6,8.8,-7.200000000000001
2024,1181,1301,-7,8.739583333333334,0.1388888888888888,0.0594505692422998,0,12.4,55.0,-42.6
2024,1345,1397,-1,1.6486742424242422,0.1287878787878787,0.0217874719826716,1,3.2,6.8,-3.5999999999999996
2024,1104,1163,3,-7.3713235294117645,-0.2555147058823529,-0.0562879767720974,0,14.8,1.6,13.200000000000001
2024,1301,1345,10,-9.575757575757576,-0.2676767676767676,-0.0799051014020287,0,55.0,3.2,51.8
2024,1163,1345,0,3.8163992869875223,0.0329768270944741,0.0375643002367568,1,1.6,3.2,-1.6
2025,1106,1384,0,5.163636363636364,0.112121212121212,-0.0356394640738229,1,249.0,285.4,-36.39999999999998
2025,1314,1361,0,0.1044334975369452,-0.0610837438423645,-0.007578225875141,1,35.0,49.4,-14.399999999999999
2025,1110,1291,0,0.0464015151515151,-0.0113636363636363,-0.0331386239636177,0,206.2,205.0,1.1999999999999886
2025,1400,1462,0,-0.9503676470588234,-0.0974264705882352,0.0088804494213295,0,49.8,45.8,4.0
2025,1116,1242,3,-1.4848484848484853,-0.0303030303030302,-0.0245741890683092,1,42.8,23.2,19.599999999999998
2025,1106,1120,15,-14.545454545454543,-0.3030303030303031,-0.1297372516731045,0,249.0,2.4,246.6
2025,1140,1433,-5,-3.727272727272726,-0.0909090909090909,-0.0133561981959272,1,23.0,34.6,-11.600000000000001
2025,1166,1257,1,-3.970588235294117,-0.0882352941176469,0.0460097197083705,1,34.6,16.8,17.8
2025,1179,1281,5,-1.6383186705767354,0.2365591397849462,-0.0339924836957364,1,45.6,25.2,20.400000000000002
2025,1208,1211,1,-10.75,-0.1325757575757575,-0.0285420484104275,0,34.8,17.4,17.4
2025,1188,1222,15,-13.101960784313723,-0.2490196078431372,-0.0633686680564535,0,199.2,3.2,196.0
2025,1155,1270,-7,-0.5591397849462378,0.0117302052785924,-0.0098637999228915,0,17.8,61.4,-43.599999999999994
2025,1276,1471,-7,-8.064338235294118,-0.1397058823529411,0.0045346183602943,1,16.0,40.0,-24.0
2025,1219,1345,9,4.399621212121212,0.1770833333333333,0.0303661058423863,0,77.0,19.0,58.0
2025,1303,1385,13,-11.042279411764708,-0.2573529411764705,-0.0273717565229762,0,152.4,8.2,144.20000000000002
2025,1397,1459,-13,8.955882352941176,0.2628676470588235,0.0684065893986848,1,5.8,141.0,-135.2
2025,1401,1463,-9,-4.053571428571429,-0.0625,-0.0661572422941108,1,18.4,72.0,-53.6
2025,1403,1423,-11,6.520833333333334,-0.0236742424242424,0.0611833731827005,1,11.4,93.0,-81.6
2025,1417,1429,-3,-0.21875,-0.09375,-0.018168652498003,1,27.4,44.4,-17.0
2025,1285,1458,11,-8.51152073732719,-0.0331797235023041,-0.0158021625608427,0,126.6,13.2,113.39999999999999
2025,1104,1352,-13,3.939393939393939,0.0,0.0748828890488432,1,5.4,120.0,-114.6
2025,1103,1112,9,-1.2316176470588245,0.1654411764705882,0.0157662208728318,0,85.6,17.2,68.39999999999999
2025,1124,1280,1,0.2376893939393936,-0.0738636363636363,0.0053157130388251,1,36.2,33.4,2.8000000000000043
2025,1161,1272,7,1.235294117647058,-0.1176470588235293,0.0218461627923484,1,41.0,34.4,6.600000000000001
2025,1163,1328,-1,5.363636363636363,0.0909090909090909,0.0339154391931948,1,34.4,41.0,-6.600000000000001
2025,1181,1291,-15,21.309269162210335,0.2754010695187165,0.0982599104170665,1,2.2,205.0,-202.8
2025,1196,1313,-15,12.30550284629981,0.2049335863377609,0.0700664455129511,1,2.2,162.8,-160.60000000000002
2025,1228,1462,-5,2.055871212121213,-0.0198863636363636,0.0177368385398832,1,23.6,45.8,-22.199999999999996
2025,1235,1252,-11,2.3655303030303028,0.0085227272727272,-0.0116920920761166,1,14.2,100.0,-85.8
2025,1246,1407,-11,0.9726295210166178,-0.010752688172043,0.0271594716629863,1,15.4,103.6,-88.19999999999999
2025,1213,1268,9,-5.822916666666666,0.0236742424242424,-0.0251492393779128,0,85.0,14.0,71.0
2025,1136,1277,13,-5.096590909090908,-0.1619318181818182,-0.0175422285205773,0,144.4,7.6,136.8
2025,1279,1314,-5,-0.3740259740259741,0.038095238095238,-0.0404356632938144,1,24.8,35.0,-10.2
2025,1266,1307,-3,-0.8541666666666661,-0.0842803030303029,0.0059189061083839,0,28.4,38.8,-10.399999999999999
2025,1251,1332,7,4.3401759530791795,0.0791788856304984,0.0933791230592249,0,59.2,23.6,35.6
2025,1388,1435,-3,7.15625,0.21875,0.059844215345531,1,24.0,47.8,-23.799999999999997
2025,1116,1385,8,-7.368983957219252,-0.2762923351158645,0.0133299940222827,1,42.8,8.2,34.599999999999994
2025,1120,1166,-8,8.536541889483065,0.142602495543672,0.009112406637965,1,2.4,34.6,-32.2
2025,1140,1458,3,0.8051948051948052,-0.0155844155844155,0.0088066626967761,1,23.0,13.2,9.8
2025,1211,1222,7,1.264705882352942,-0.124777183600713,0.004314984073921,0,17.4,3.2,14.2
2025,1276,1401,1,0.6544117647058822,0.0477941176470588,0.0887753838470398,1,16.0,18.4,-2.3999999999999986
2025,1270,1345,8,4.437927663734116,0.1397849462365591,0.014131912522403,0,61.4,19.0,42.4
2025,1397,1417,-5,2.6746323529411757,0.1066176470588234,0.0593174278807919,1,5.8,27.4,-21.599999999999998
2025,1179,1403,8,-4.365591397849464,0.1456500488758553,-0.0534785590549464,0,45.6,11.4,34.2
2025,1104,1388,-5,-2.3030303030303028,-0.0861742424242424,0.0377373383659421,1,5.4,24.0,-18.6
2025,1112,1332,-1,4.021390374331552,-0.0802139037433155,0.0113388696115008,1,17.2,23.6,-6.400000000000002
2025,1124,1181,8,-14.950367647058822,-0.3492647058823529,-0.1247712330703268,0,36.2,2.2,34.0
2025,1163,1196,7,-6.81283422459893,-0.1853832442067735,-0.0238737309503798,0,34.4,2.2,32.199999999999996
2025,1228,1246,3,1.787878787878789,-0.0303030303030302,-0.0050609331955339,0,23.6,15.4,8.200000000000001
2025,1161,1268,8,-6.519607843137255,-0.0222816399286986,0.0059984275591107,0,41.0,14.0,27.0
2025,1277,1307,-8,1.7215909090909085,0.0369318181818182,0.0346920386991865,1,7.6,38.8,-31.199999999999996
2025,1235,1279,-3,6.848484848484849,0.0606060606060606,0.055517037163519,0,14.2,24.8,-10.600000000000001
2025,1104,1140,-4,-0.3939393939393945,0.0303030303030302,0.0190328909231222,1,5.4,23.0,-17.6
2025,1112,1181,3,-11.499999999999998,-0.2647058823529411,-0.0854681616756009,0,17.2,2.2,15.0
2025,1196,1268,-3,1.5098039215686274,0.124777183600713,0.0290447915624307,1,2.2,14.0,-11.8
2025,1116,1403,7,-7.87878787878788,-0.1515151515151515,-0.0299841863375077,0,42.8,11.4,31.4
2025,1120,1276,-4,7.21301247771836,0.1131907308377896,0.0151364533422958,1,2.4,16.0,-13.6
2025,1222,1345,-3,8.947415329768269,0.2156862745098039,0.0344257445659546,1,3.2,19.0,-15.8
2025,1277,1279,-4,5.454545454545454,0.1515151515151516,0.0447968195165209,1,7.6,24.8,-17.200000000000003
2025,1246,1397,1,-4.281639928698752,-0.1274509803921568,-0.0278688824722342,0,15.4,5.8,9.600000000000001
2025,1104,1181,1,-11.097147950089123,-0.1541889483065953,-0.043760312109178,0,5.4,2.2,3.2
2025,1196,1403,-2,2.8431372549019596,0.124777183600713,0.0219617700538926,1,2.2,11.4,-9.2
2025,1120,1277,-1,3.333333333333334,0.0303030303030302,0.046626177623734,1,2.4,7.6,-5.199999999999999
2025,1222,1397,-1,4.029411764705882,0.088235294117647,-0.0060263343127157,1,3.2,5.8,-2.5999999999999996
2025,1120,1196,0,-1.9340463458110513,-0.033868092691622,0.000513150188929,0,2.4,2.2,0.19999999999999973
2025,1181,1222,0,5.0588235294117645,0.0294117647058823,0.0510837491276442,0,2.2,3.2,-1.0
2025,1196,1222,0,0.4411764705882355,0.0,0.0190426216969245,1,2.2,3.2,-1.0
