Season,TeamID,FinalElo
1998,3104,1916.8569670750708
1998,3202,1521.946455166712
1998,3163,2000.5888506695458
1998,3221,1775.6788209101244
1998,3222,1347.5432984077236
1998,3261,1602.068267253509
1998,3307,1926.119780533141
1998,3365,1764.2327967753502
1998,3349,1841.205797887624
1998,3411,1077.6000945145372
1998,3435,1770.8819740705685
1998,3172,1599.5374120406768
1998,3443,1703.5935673158738
1998,3257,1841.6437949759022
1998,3454,1382.2611716768315
1998,3369,1199.4154980032927
1998,3453,1764.7048780353048
1998,3278,1213.7227912069282
1998,3448,1195.5674494745945
1998,3433,1665.8962718243522
1998,3436,1669.0047199309686
1998,3348,1331.3159435027153
1998,3427,1569.1829291013048
1998,3410,977.9816807697478
1998,3353,1819.290787304226
1998,3268,1653.633836556998
1998,3339,1632.972368345615
1998,3140,1637.661208420589
1998,3408,1699.0880292833567
1998,3282,1323.417325131575
1998,3207,1420.2866224520255
1998,3384,1728.788882452133
1998,3184,1610.9984071164354
1998,3267,1205.2552112554301
1998,3182,1568.616812833477
1998,3352,1009.7771834920092
1998,3142,1233.4332497511248
1998,3451,1298.7367057943818
1998,3141,1305.5736165865433
1998,3387,1322.9459355428387
1998,3139,1773.6216774394625
1998,3103,1386.6948237973809
1998,3119,1234.3356532490395
1998,3217,1696.2081536853677
1998,3279,1563.3441749596432
1998,3292,1694.4231952214168
1998,3326,1569.443809455602
1998,3382,1523.4210087183633
1998,3345,1824.4620160034256
1998,3232,1641.1702419430346
1998,3347,1435.6917468814358
1998,3150,1412.6512141123692
1998,3361,1412.4215585269549
1998,3333,1344.3832058057167
1998,3385,1271.639330944269
1998,3264,1360.3999524052704
1998,3452,1477.6924523673015
1998,3460,1389.5454847695041
1998,3438,1656.9837923967586
1998,3456,1318.763171967188
1998,3464,1922.050668568104
1998,3405,1752.8871414354276
1998,3321,1396.839357053202
1998,3155,1780.3245546643764
1998,3420,1195.2975212927863
1998,3145,1069.9476725009185
1998,3304,1718.7689919784257
1998,3274,1755.7893288028006
1998,3193,1767.4379356883758
1998,3269,1725.687200856417
1998,3447,1639.560755221214
1998,3242,1797.229342230885
1998,3166,1586.0037526761198
1998,3234,1726.4077271953195
1998,3179,1959.0794577398945
1998,3231,1708.9524434821496
1998,3123,1263.3186008888404
1998,3199,1430.8462177881706
1998,3197,1575.080474672995
1998,3170,1245.641449264036
1998,3334,1269.2317520770187
1998,3386,1523.619980689011
1998,3151,1075.1244611354923
1998,3157,1185.5870054098916
1998,3133,1284.9022635689512
1998,3444,1304.4828593459836
1998,3124,1559.065104454264
1998,3363,1291.0038837901934
1998,3301,1741.6733285078533
1998,3224,1748.2284829932223
1998,3281,1326.1583983058852
1998,3229,1499.856153882718
1998,3422,1749.857688362115
1998,3421,1352.474382633132
1998,3368,1167.8312996832603
1998,3286,1443.4602905855766
1998,3320,1487.8747109913245
1998,3227,1190.8041335926928
1998,3178,1483.1544127925306
1998,3248,1558.4927929196851
1998,3180,1397.1542213068121
1998,3156,1497.3607506800913
1998,3152,1051.603050919145
1998,3283,1833.7734666314511
1998,3212,1729.2266131175818
1998,3407,1519.444972873994
1998,3280,1594.548501055156
1998,3396,1270.969999082646
1998,3271,1521.753814981465
1998,3397,2178.7373142992797
1998,3419,1636.679607138095
1998,3249,1130.2831462389202
1998,3380,1464.9091224880706
1998,3313,1256.366000762297
1998,3459,1076.0517653852853
1998,3273,1461.0991755343834
1998,3462,1563.7090662321953
1998,3434,1719.1487374238193
1998,3463,1543.4326823724664
1998,3216,1353.2671039327458
1998,3401,1495.42313888719
1998,3356,1469.118616205033
1998,3272,1977.3550693703799
1998,3344,1292.5453465836947
1998,3120,1564.844510058166
1998,3426,1600.2260136065952
1998,3266,1721.710865515063
1998,3250,1424.9837687799686
1998,3235,1721.5205065427474
1998,3246,1543.676430186403
1998,3210,1395.1655279935876
1998,3209,1669.6724288035464
1998,3203,1672.4182860949345
1998,3187,1438.4841674127815
1998,3214,1657.2383215927848
1998,3323,1759.520819289018
1998,3117,1593.341552590334
1998,3395,1325.2947312960157
1998,3106,1208.477539059008
1998,3359,1134.194099922863
1998,3314,1934.5204415267563
1998,3138,1531.5603428723196
1998,3336,1712.8102434274192
1998,3284,1326.2194231758795
1998,3200,1266.7410256792934
1998,3400,1491.0892990531609
1998,3317,1337.7238507531438
1998,3376,1628.581083496287
1998,3111,1332.7213641175094
1998,3149,1346.9191686169281
1998,3181,1845.7655655408958
1998,3259,1681.478404526492
1998,3241,1631.735033738517
1998,3174,1216.8347011192973
1998,3164,1376.2661527147695
1998,3441,1272.5336244286814
1998,3137,1348.1249101625115
1998,3343,1692.4057741175468
1998,3298,1666.9657701663702
1998,3233,1453.6573792005652
1998,3378,1476.5350598281532
1998,3131,1382.7328660692583
1998,3322,1559.0536796882634
1998,3389,1642.7399942780667
1998,3254,1218.044639473277
1998,3409,1355.0575479175461
1998,3183,1455.9191801975303
1998,3211,1326.0478848742046
1998,3186,1092.3007052575047
1998,3143,1234.9139542149642
1998,3196,1775.8095268070376
1998,3177,1493.0466393435008
1998,3318,1621.744552377691
1998,3354,1147.8632965348509
1998,3130,1584.1950470759573
1998,3265,1165.6792340710385
1998,3391,1417.5100364063885
1998,3388,1713.6253668669306
1998,3417,1768.2646869380287
1998,3398,1379.9285607941754
1998,3375,1213.3582075481145
1998,3116,1615.1594362007206
1998,3135,1352.4837131340944
1998,3332,1739.1560547645427
1998,3225,1533.8972418112521
1998,3311,1360.765105396557
1998,3338,1309.3287106351313
1998,3256,1879.908621392946
1998,3428,1677.377718041414
1998,3159,1239.8008072777777
1998,3245,1931.602125895718
1998,3458,1715.8502208851667
1998,3390,2005.6253113734092
1998,3461,1444.3337474195569
1998,3360,1423.1451777027569
1998,3102,1112.3870478794006
1998,3285,1750.931512377957
1998,3110,1710.1932386408432
1998,3122,1395.9088448948567
1998,3204,1598.627210158605
1998,3168,1395.7917704826398
1998,3424,1284.7247745163165
1998,3291,1443.4763506528534
1998,3190,1412.812689941883
1998,3191,1249.8706367837262
1998,3218,1801.6010962544767
1998,3208,1721.1782562939711
1998,3129,1700.6518188484722
1998,3276,1635.6814826941124
1998,3277,1464.8166597190973
1998,3201,1417.4533788175518
1998,3270,1374.3305771929868
1998,3379,1402.8945915852212
1998,3329,1750.2136794116066
1998,3287,1252.7852574889441
1998,3383,1266.6411306591724
1998,3247,1691.1000127065333
1998,3175,1179.8829901771394
1998,3243,1421.492372778606
1998,3220,1418.737334106367
1998,3251,1864.4398855896554
1998,3372,1867.496705536475
1998,3328,1303.6243141614998
1998,3455,1502.052847758885
1998,3308,1249.9711083022955
1998,3431,1603.6048591405663
1998,3364,1892.7439485255793
1998,3113,1300.4468752338325
1998,3374,1742.9822573998556
1998,3358,1443.9966314075928
1998,3403,1971.0347367041252
1998,3381,1502.849923634839
1998,3335,1486.1066224211147
1998,3423,1429.3945345069803
1998,3351,1234.637283668607
1998,3337,1592.6287642823074
1998,3306,1505.24881068148
1998,3226,1457.6415031292224
1998,3132,1657.4404634170226
1998,3442,1234.7105997013698
1998,3373,1623.6146298316417
1998,3165,1144.3018417917147
1998,3153,1790.945567421925
1998,3331,1306.5910459053448
1998,3288,1261.184010060252
1998,3171,1575.7540007261139
1998,3162,1126.5828121587488
1998,3160,1445.0894953432694
1998,3158,1284.4714139186017
1998,3457,1086.6405130126325
1998,3169,1409.6156976166526
1998,3258,1109.0186656801616
1998,3330,1998.820899615141
1998,3228,1604.8977472666847
1998,3362,1499.3866569032189
1998,3414,1548.0860856024626
1998,3450,1472.0149047820223
1998,3404,1658.2740042224955
1998,3194,1424.0181659022048
1998,3112,1846.3921696164934
1998,3418,1375.036774107306
1998,3253,1246.2232002299947
1998,3173,1479.3789077273464
1998,3319,1796.8480028612212
1998,3108,1505.297047692761
1998,3402,1183.33448288524
1998,3290,1449.880979362343
1998,3437,1639.4907724321947
1998,3296,1163.2574374326489
1998,3341,1294.2292762616944
1998,3240,1466.6931502078608
1998,3406,1439.6495710365205
1998,3192,1253.2814936091697
1998,3425,1488.1485277805673
1998,3439,1823.8538836032412
1998,3126,1302.0111294948642
1998,3399,1707.3183299013356
1998,3161,1745.3475742940907
1998,3293,1281.7887987005931
1998,3144,1420.7728309122272
1998,3350,1389.0630923392528
1998,3206,1579.819103602804
1998,3449,1600.575077846794
1998,3309,1433.4945753914958
1998,3185,1273.0210161053992
1998,3260,1291.9919444010498
1998,3275,1470.673949335281
1998,3305,1602.4209385352412
1998,3393,1287.709731921847
1998,3412,1515.205475741769
1998,3198,1934.731625634714
1998,3238,1590.749136274918
1998,3263,1754.1155769305278
1998,3325,1700.5529140074555
1998,3416,1545.807923968057
1998,3310,1340.6718082343407
1998,3371,1439.6120717905596
1998,3299,1101.8724354706605
1998,3148,1484.5846073043815
1999,3104,1845.4714416310994
1999,3322,1667.7952610922118
1999,3286,1411.945844039463
1999,3211,1374.8617032669595
1999,3304,1724.8852045772755
1999,3375,1267.388356453951
1999,3314,1815.2001014510154
1999,3103,1594.5055812243925
1999,3332,1870.105184615646
1999,3305,1274.3275866026056
1999,3353,1878.9921750941894
1999,3384,1592.8228327177128
1999,3363,1013.4102607943886
1999,3142,1110.8456588017327
1999,3283,1827.6202277338348
1999,3172,1679.2008434455597
1999,3376,1417.46943759181
1999,3197,1664.438908184102
1999,3405,1866.8560521582801
1999,3462,1805.7812435514782
1999,3435,1654.200922841334
1999,3276,1571.35051439464
1999,3439,1899.2384717474192
1999,3251,1742.5606671691485
1999,3441,1483.0077604325152
1999,3298,1449.569188561517
1999,3443,1712.9990499211042
1999,3224,1445.2417770187415
1999,3456,1521.8870154811104
1999,3457,1396.7149507556546
1999,3404,1649.685445236576
1999,3191,1742.633822393317
1999,3270,1350.5627599609902
1999,3204,1485.064012002087
1999,3397,2116.3987923121435
1999,3339,1582.2626462408807
1999,3253,1658.7932139375062
1999,3201,1311.5953764627002
1999,3266,1826.742700389487
1999,3260,1092.0155210832158
1999,3110,1226.2124812944878
1999,3416,1608.9058504944746
1999,3112,1763.040152502779
1999,3453,1734.3445848960878
1999,3116,1638.1647557857568
1999,3390,1824.0296239210923
1999,3124,1649.0958741224554
1999,3419,1502.7701076405933
1999,3159,1263.3420503959717
1999,3271,1322.3620689281402
1999,3161,1915.3665678435536
1999,3434,1539.6931767478682
1999,3139,1406.9917897719847
1999,3277,1615.3257585517392
1999,3166,1700.4713115007535
1999,3461,1266.9864795882143
1999,3198,1807.102513435135
1999,3291,1654.0755907762818
1999,3222,1158.0128672192168
1999,3254,1038.6101707872076
1999,3225,1572.8249209903786
1999,3140,1544.5141163444703
1999,3231,1321.0875420873413
1999,3153,1802.4791963066732
1999,3241,1370.7646087813805
1999,3347,1348.2331695321163
1999,3163,1956.4934653079738
1999,3181,1905.2233171084329
1999,3249,1432.5348976104021
1999,3349,1696.264292392328
1999,3320,1633.0313949695274
1999,3152,1013.2950764758074
1999,3362,1316.7791116534293
1999,3361,1287.2373122119525
1999,3360,1491.7895966359747
1999,3414,1397.6351856626386
1999,3338,1232.3490502180946
1999,3352,1357.516566252057
1999,3323,1912.921593207985
1999,3417,1810.911938172311
1999,3329,1475.8798415526094
1999,3374,1930.5543611720998
1999,3373,1712.348088097153
1999,3171,1691.2406668229953
1999,3334,1570.3762312810015
1999,3170,1133.5652706725527
1999,3382,1277.1471635051582
1999,3310,1373.800425675488
1999,3448,1394.3434111984263
1999,3433,1452.6292049588073
1999,3396,1168.844716964339
1999,3192,1229.8941279587332
1999,3410,1297.3491997882693
1999,3427,1213.5182594008918
1999,3422,1625.5201304814004
1999,3268,1345.085218870226
1999,3424,1621.6154670689166
1999,3258,1299.2105995046936
1999,3436,1619.2277018386544
1999,3348,1173.628910945817
1999,3437,1563.8561152139523
1999,3335,1530.0061611829751
1999,3447,1458.4953981898814
1999,3162,1174.7160151010992
1999,3464,1627.0544511670482
1999,3460,1127.838096139997
1999,3307,1769.2246013599586
1999,3319,1494.6627268756718
1999,3387,1609.0844116798944
1999,3183,1222.8143481385205
1999,3301,1728.2543277092316
1999,3350,1578.6708355675905
1999,3463,1333.2404828674414
1999,3346,1317.4698084215088
1999,3275,1421.6008796727203
1999,3214,1547.4181075276515
1999,3284,1562.5162985995607
1999,3200,1317.1040597204808
1999,3125,1600.1291509197908
1999,3407,1176.888178060837
1999,3138,1435.2362703847214
1999,3145,1593.276863633559
1999,3144,1497.7689809474678
1999,3189,1178.6534476403122
1999,3155,1993.0442625762912
1999,3421,1184.855633491462
1999,3157,1508.9863428179622
1999,3151,1230.0261233509052
1999,3160,1573.7684346931019
1999,3176,1494.7444033380418
1999,3165,1405.835343455545
1999,3119,1243.8888673270649
1999,3133,1218.763128173078
1999,3428,1714.7383210472094
1999,3169,1743.9623683366858
1999,3324,1371.0610645783138
1999,3261,1806.3229195953118
1999,3408,1888.14335766717
1999,3245,1821.8588203945294
1999,3137,1465.7562429530722
1999,3235,1817.881298872143
1999,3402,1168.4404245825542
1999,3269,1597.2463264300732
1999,3385,1505.1634148186895
1999,3196,1682.8543379401435
1999,3117,1690.4631453308248
1999,3194,1143.8554761832863
1999,3126,1145.630319337398
1999,3199,1337.8546743364975
1999,3409,1411.9434625408826
1999,3345,2068.1542756834565
1999,3399,1730.373382373057
1999,3356,1326.5953262044227
1999,3358,1516.211561382854
1999,3378,1548.8383407570216
1999,3389,1804.3593044075978
1999,3185,1524.1483376592228
1999,3395,1524.881005471958
1999,3341,1238.0633862656205
1999,3444,1681.6466884435988
1999,3438,1763.0623731789663
1999,3452,1385.844309335315
1999,3449,1694.1899957880287
1999,3234,1502.2346183254303
1999,3158,1184.2268935233633
1999,3458,1668.9042460347794
1999,3132,1520.054166637261
1999,3431,1453.6171542488264
1999,3418,1085.510022097906
1999,3330,1939.3334305191522
1999,3267,1119.8860873977617
1999,3403,1988.8089644577276
1999,3426,1553.4712146054953
1999,3242,1742.2289882804714
1999,3111,1540.3006496620549
1999,3123,1334.9821703506598
1999,3237,1381.6177915359026
1999,3182,1516.6803230990338
1999,3206,1452.1502375946604
1999,3229,1381.1023972527994
1999,3210,1458.8849087940746
1999,3351,1197.4902895880718
1999,3246,1803.7870574076612
1999,3122,1329.102385251345
1999,3321,1558.423633333453
1999,3317,1588.8078664026457
1999,3401,1298.249407785219
1999,3141,1395.7364840229561
1999,3273,1225.9875356432146
1999,3285,1430.2809379078835
1999,3187,1566.2641385297343
1999,3423,1380.8136536636514
1999,3354,1107.2783621239785
1999,3326,1672.1877082639649
1999,3243,1653.1936137508553
1999,3280,1760.9398497102152
1999,3212,1900.4534265080704
1999,3257,1702.9866339437679
1999,3190,1575.6174478527637
1999,3221,1742.9932263592864
1999,3217,1386.5006830420618
1999,3131,1189.6246113441177
1999,3203,1702.8855842851333
1999,3207,1705.3758945854884
1999,3386,1875.3936674978036
1999,3102,1106.3071755489266
1999,3174,1540.6567568595285
1999,3248,1371.7293483447447
1999,3179,1759.5452632801612
1999,3344,1292.2997641972693
1999,3398,1438.9351202933851
1999,3130,1658.196809683432
1999,3148,1373.2240958879781
1999,3193,1412.9706831463284
1999,3129,1365.3688296448413
1999,3340,1601.178472444163
1999,3156,1462.1113676621528
1999,3168,1202.12635932136
1999,3279,1644.3820221737494
1999,3337,1753.133878180786
1999,3393,1391.5208504397779
1999,3442,1274.1822985567237
1999,3331,1685.2407350047029
1999,3333,1318.2699468932792
1999,3371,1244.8983578717744
1999,3455,1530.172322785356
1999,3282,1415.7223120301617
1999,3454,1355.8649975344447
1999,3216,1224.3351350859582
1999,3309,1426.397673076271
1999,3311,1457.2314703696775
1999,3459,1369.532793452784
1999,3306,1599.7238523825429
1999,3135,1360.128520007609
1999,3175,1310.7984091196613
1999,3143,1553.3618087250607
1999,3149,1391.0114262708528
1999,3299,1407.686977123805
1999,3150,1363.5491629181345
1999,3173,1401.6123306364498
1999,3209,1488.76736668932
1999,3278,1286.7248594917542
1999,3451,1356.2577892187219
1999,3259,1680.7851716016903
1999,3336,1781.4427779977664
1999,3364,1907.7620571356533
1999,3406,1387.2511067929117
1999,3308,1338.711510750384
1999,3318,1822.6079946505045
1999,3391,1179.3723537532217
1999,3178,1548.970090571816
1999,3250,1342.7321009397021
1999,3343,1537.9627128216093
1999,3274,1612.6130069420333
1999,3420,1373.6305667581375
1999,3202,1358.6064314659532
1999,3180,1430.752950792317
1999,3383,1349.9321234796914
1999,3400,1690.9711619211178
1999,3232,1648.9041815304422
1999,3233,1406.9483067931612
1999,3184,1268.5931200142106
1999,3293,1452.4011123699381
1999,3115,1096.1283555428688
1999,3425,1276.8183070785735
1999,3226,1407.7214496706786
1999,3292,1535.3112393126942
1999,3412,1421.7075920609727
1999,3272,1620.626352152884
1999,3281,1639.1713913622361
1999,3359,1335.9240452231277
1999,3228,1784.2512404810318
1999,3256,2048.6144095557456
1999,3381,1507.2794846760326
1999,3227,1167.5440479064926
1999,3177,1502.7864850438336
1999,3328,1569.10636362663
1999,3450,1413.0249745807282
1999,3220,1461.5478824688144
1999,3411,1316.7996401909472
1999,3296,1488.6247036919194
1999,3379,1527.4605597715904
1999,3164,1401.5175797264237
1999,3219,1161.3915575553272
1999,3120,1690.3286800751616
1999,3186,1276.0305246395526
1999,3218,1562.2996566586164
1999,3263,1799.9112459855776
1999,3372,1718.765586200601
1999,3313,1452.7419480233943
1999,3388,1849.849089065043
1999,3113,1485.741614634652
1999,3265,1103.5382641599535
1999,3247,1496.4351221391123
1999,3369,1563.0307573421192
1999,3240,1474.4412484500158
1999,3288,1480.0754922447945
1999,3208,1870.7447967522785
1999,3108,1392.3727649501802
1999,3290,1647.1550859779584
1999,3287,1179.2232159537173
1999,3365,1728.718284912453
1999,3368,1351.8660097068612
1999,3106,1445.4296458337235
1999,3380,1202.4181405172283
1999,3264,1272.0504292861956
1999,3325,1152.593810073111
1999,3105,1285.706999328837
1999,3238,1564.2429236583885
2000,3256,2018.6433462524833
2000,3397,2170.99583981695
2000,3301,1607.3017272706604
2000,3353,1936.4320814158657
2000,3130,1824.0458384983372
2000,3263,1751.585983872274
2000,3181,1888.6161019569392
2000,3422,1645.8821539813634
2000,3208,2007.6954931679084
2000,3412,1732.6271811432177
2000,3228,1742.239193972296
2000,3444,1613.1091968975518
2000,3329,1513.238574055234
2000,3320,1644.2611413088293
2000,3364,1931.9225390067702
2000,3424,1687.856136685258
2000,3395,1515.5677791484666
2000,3388,1642.2099915261435
2000,3439,1642.657384841445
2000,3251,1740.3183184631976
2000,3369,1322.4594329997853
2000,3290,1274.5441604912753
2000,3381,1377.7897702110602
2000,3102,1136.0198332455213
2000,3378,1476.193520050924
2000,3416,1405.8835112197385
2000,3376,1500.3079787311092
2000,3150,1537.61296739959
2000,3374,1711.6386280005863
2000,3358,1478.1852940199485
2000,3372,1865.63856433461
2000,3217,1516.7577180252206
2000,3349,1775.503049240758
2000,3229,1203.9768467394647
2000,3307,1588.3996261883879
2000,3431,1132.868765299926
2000,3339,1460.37523978074
2000,3461,1392.1821433286898
2000,3330,1889.8475952382905
2000,3214,1606.29870076958
2000,3249,1302.4487368705331
2000,3317,1568.5802029055972
2000,3394,1413.204246583127
2000,3313,1529.612962096145
2000,3187,1611.9486773501098
2000,3387,1442.9005367262641
2000,3152,1082.5017510748955
2000,3305,1619.725050991505
2000,3363,1097.2336742455238
2000,3345,1942.0211250316165
2000,3173,1527.4275953733547
2000,3390,1704.7195807047729
2000,3362,1472.5219837168552
2000,3423,1617.9235278068718
2000,3457,1231.682263283507
2000,3402,1628.0569420813772
2000,3115,1143.3584422493536
2000,3462,1946.8408937569418
2000,3453,1744.6720719045804
2000,3458,1631.4985845536935
2000,3356,1347.1956801141466
2000,3456,1198.8857469075374
2000,3219,1124.1956488411738
2000,3455,1627.1714073823093
2000,3282,1206.8971524200988
2000,3452,1216.0982170399998
2000,3433,1470.5689210578303
2000,3443,1825.5552291241424
2000,3231,1450.1220794489361
2000,3436,1891.0321080569058
2000,3271,1424.7722031860621
2000,3404,1436.4289884047319
2000,3435,1851.7555228919039
2000,3203,1819.1289425984166
2000,3427,1149.6961374695557
2000,3411,1320.2414015111747
2000,3426,1403.8257744835776
2000,3147,952.2737948493399
2000,3304,1792.3045334717883
2000,3204,1381.8940448264573
2000,3420,1143.8342114791433
2000,3406,1378.9435387423798
2000,3292,1539.7009624079903
2000,3408,1873.797481211427
2000,3373,1497.2988906023854
2000,3407,1236.3481271892517
2000,3410,1206.4828303725144
2000,3434,1571.8846170923978
2000,3227,1581.6973812396172
2000,3293,1447.667146864019
2000,3288,1506.0589379343978
2000,3321,1337.4844499427204
2000,3296,1296.4517204625163
2000,3283,1692.5445532233985
2000,3322,1722.2411205261374
2000,3189,1391.2818205214703
2000,3299,1143.7938141437637
2000,3178,1525.9473889945539
2000,3141,1283.1472653936469
2000,3176,1533.8781389813068
2000,3160,1562.0494345810916
2000,3174,1760.7105726926404
2000,3284,1410.8556923455526
2000,3165,1196.4706489605744
2000,3352,1352.1877545469993
2000,3155,1682.1400183621286
2000,3269,1594.3609184676382
2000,3151,1716.2421855257087
2000,3149,1275.9482323323407
2000,3193,1692.1870373648796
2000,3448,1368.1069259773312
2000,3148,1277.4329528991277
2000,3463,1435.0169282267466
2000,3126,1280.9698957024316
2000,3197,1477.1259352728068
2000,3285,1656.3281292398626
2000,3225,1422.3144592976882
2000,3113,1437.994108118472
2000,3414,1309.8101628689187
2000,3112,1784.3542152394018
2000,3328,1780.4514581943677
2000,3110,1344.6014317347797
2000,3192,1379.4183005124064
2000,3107,1467.5119890996543
2000,3233,1320.5057553602917
2000,3104,1572.0970940802872
2000,3385,1645.8894284743674
2000,3172,1459.9460350790453
2000,3196,1742.0100673116865
2000,3194,1453.9938377709573
2000,3117,1617.3449961276951
2000,3139,1331.3931094031395
2000,3218,1588.38551951771
2000,3399,1680.9623036499704
2000,3199,1536.091313045489
2000,3409,1538.0618683755094
2000,3280,1961.183236835613
2000,3309,1395.9890878668102
2000,3279,1459.0090496690302
2000,3272,1582.2159073131636
2000,3276,1827.8282726901073
2000,3161,1567.701062603501
2000,3273,1413.5574071818091
2000,3441,1295.563774140207
2000,3266,1753.2856501301
2000,3234,1467.4280266975682
2000,3265,1303.6429672670151
2000,3350,1478.090428920413
2000,3264,1471.1206493868572
2000,3200,1161.9758628510353
2000,3277,1529.110947052164
2000,3111,1408.3370826751823
2000,3246,1636.75698763467
2000,3122,1486.7881328324636
2000,3245,1916.1695668813225
2000,3171,1721.235338950783
2000,3243,1523.6851080373904
2000,3179,1879.524867762741
2000,3241,1693.4701065260226
2000,3447,1490.714762893902
2000,3235,1945.299178824963
2000,3166,1489.4103048448735
2000,3226,1479.1562031000656
2000,3361,1427.7963751917857
2000,3250,1355.7851432904224
2000,3343,1478.6036200956512
2000,3221,1736.8310607470323
2000,3306,1462.8211700857366
2000,3344,1437.4110176332888
2000,3206,1412.753245602443
2000,3336,1919.312120435173
2000,3437,1532.0996936800786
2000,3335,1514.520569046766
2000,3396,1216.8196214393763
2000,3310,1379.310425372304
2000,3138,1387.9635520461347
2000,3318,1616.18943135662
2000,3383,973.3754697041211
2000,3291,1502.5737794617528
2000,3347,1331.665492941912
2000,3365,1686.5108871848938
2000,3324,1569.3552437152487
2000,3281,1530.8821082013108
2000,3133,1342.5184285397577
2000,3323,1941.3815801573835
2000,3405,1610.8959764590134
2000,3389,1787.4971416779063
2000,3185,1676.2445728714772
2000,3393,1370.8020809437776
2000,3135,1307.6935383480036
2000,3400,1813.6028667754265
2000,3311,1174.9776478551294
2000,3403,1868.304841543979
2000,3261,1857.1256877648968
2000,3417,1628.719568896429
2000,3314,1820.0962798627975
2000,3449,1288.9365811774883
2000,3428,1810.9941264162567
2000,3450,1138.9593207206826
2000,3459,1228.3811124185884
2000,3184,1373.6457484319797
2000,3464,1683.040471607996
2000,3132,1579.2738905793635
2000,3268,1418.2358521045207
2000,3259,1504.518322106809
2000,3379,1732.4871792437066
2000,3253,1782.5666304209524
2000,3360,1758.2742165893249
2000,3257,1454.5218028641402
2000,3421,1397.6320903524422
2000,3105,1184.2174311916428
2000,3354,1224.408785043874
2000,3119,1121.2148498048878
2000,3123,1471.481428358322
2000,3278,1432.514648354608
2000,3124,1405.6778468982618
2000,3270,1413.8001167981529
2000,3125,1598.690764510841
2000,3183,1219.798195859187
2000,3129,1491.9833021678282
2000,3340,1327.7977508909655
2000,3131,1339.866913028399
2000,3159,1330.7522973102566
2000,3137,1353.2399999144834
2000,3175,1319.5864466407702
2000,3145,1363.3657936974907
2000,3382,1374.6536332218052
2000,3116,1505.367865928152
2000,3419,1592.6197996467035
2000,3169,1514.3402139508419
2000,3337,1747.1029758270981
2000,3158,1032.4759477710954
2000,3287,995.6552918426253
2000,3242,1702.441517728366
2000,3222,1254.4169702820054
2000,3216,1487.11181385359
2000,3357,1370.0159765979931
2000,3201,1310.689798355663
2000,3207,1639.974810681096
2000,3182,1265.7461516796452
2000,3156,1424.6177995113276
2000,3180,1334.8150677292247
2000,3162,1393.2070910313805
2000,3460,1318.8950794796847
2000,3191,1773.3328915945324
2000,3325,1432.1536127162865
2000,3247,1461.4706408605343
2000,3351,1364.1550791825807
2000,3332,1807.6760445974683
2000,3338,1569.5946058875002
2000,3248,1308.813326097575
2000,3384,1688.6491166672433
2000,3386,1755.6649478734669
2000,3438,1773.57519047835
2000,3319,1312.8856182013774
2000,3341,1396.781255241955
2000,3454,1492.2244807677582
2000,3308,1366.0742915403362
2000,3298,1200.5439506474609
2000,3120,1803.8013889055096
2000,3240,1263.0253561242755
2000,3143,1507.0320562684237
2000,3153,1655.3272892311627
2000,3163,2128.7736461158047
2000,3211,1247.1831044401306
2000,3286,1044.8647259222694
2000,3392,1552.3997771720724
2000,3258,1377.1210907683421
2000,3168,1107.1461494519115
2000,3260,1109.1791404863893
2000,3274,1637.5487137284217
2000,3202,1728.6067679443365
2000,3275,1420.1729972072055
2000,3254,1551.9056926424903
2000,3333,1556.0786102773661
2000,3451,1482.0714877653704
2000,3398,1178.445246129851
2000,3232,1435.1716944645943
2000,3142,1478.89140265163
2000,3144,1769.1776325219357
2000,3157,1507.0157591713664
2000,3190,1558.5272651821335
2000,3224,1626.1745677299298
2000,3371,1464.0651366453076
2000,3334,1659.4709710511215
2000,3238,1143.5455867343503
2000,3326,1490.9114682599816
2000,3391,1321.6465299328127
2000,3418,1406.0114584923813
2000,3401,1401.4855796333443
2000,3425,1641.4146845950215
2000,3348,1114.8958696749403
2000,3442,1563.5827156124199
2000,3267,1246.6682930678257
2000,3103,1422.8629781005839
2000,3220,1249.950187815681
2000,3359,1543.3878188306962
2000,3114,1166.7201552964375
2000,3140,1744.0738341125218
2000,3237,1368.642682039523
2000,3210,1641.3741778140027
2000,3209,1669.976797875025
2000,3375,1336.4387308085747
2000,3331,1361.8426141536752
2000,3170,1186.3448768338214
2000,3108,1736.0386706266684
2000,3177,1632.8895817914952
2000,3346,1346.1686990591988
2000,3212,1633.9633000111105
2000,3186,1373.3849286034103
2000,3106,1357.691082438852
2000,3198,1681.8367714349336
2000,3368,1299.3541680082976
2000,3164,1351.3331857044657
2000,3380,1367.721074090003
2001,3181,1978.3905191771087
2001,3417,1455.9270090091954
2001,3203,1816.3439770880473
2001,3174,1813.3142678585457
2001,3256,2033.425253508405
2001,3151,1791.7542717183674
2001,3261,1743.6907595907487
2001,3307,1641.4538261901625
2001,3349,1607.0105504428275
2001,3376,1491.0679879282725
2001,3400,1677.676455025613
2001,3455,1420.9082687894218
2001,3408,1830.0492075621053
2001,3212,1570.3924716848496
2001,3438,1655.3004270128897
2001,3291,1520.3772188660698
2001,3207,1526.9312444168029
2001,3241,1721.4334230097309
2001,3345,1831.3772320630428
2001,3185,1448.6447137247128
2001,3336,1669.1048679252174
2001,3330,1832.2174228249633
2001,3163,2098.0698995674516
2001,3208,1984.7197245242298
2001,3374,1671.6074339136542
2001,3197,1285.693701747425
2001,3373,1882.5688185481952
2001,3171,1516.1183636361307
2001,3372,1750.5518125422043
2001,3108,1712.9342972980303
2001,3364,1773.8609588154482
2001,3257,1814.3552372156266
2001,3360,1437.1326443424941
2001,3253,1565.1545494188745
2001,3353,1876.141563997256
2001,3143,1467.3202873763134
2001,3410,1301.565135637462
2001,3337,1625.6317854238835
2001,3443,1544.6867284195107
2001,3328,2010.900655699825
2001,3409,1315.5660312452296
2001,3323,1956.94544070021
2001,3434,1217.8564943596846
2001,3320,1611.8344313373386
2001,3442,1542.9256047776328
2001,3317,1725.8669587103589
2001,3420,1395.884436769411
2001,3306,1415.7356331039007
2001,3135,1164.6893891148243
2001,3375,1429.8925289464094
2001,3240,1239.0536684193426
2001,3437,1752.338172419248
2001,3379,1384.8216364580542
2001,3105,1313.6173770089745
2001,3407,1476.1738948437946
2001,3147,1057.7108739055254
2001,3385,1335.7057487844993
2001,3383,1039.6159925427828
2001,3453,1661.2188626299458
2001,3237,1389.3581983775896
2001,3452,1238.1641723150562
2001,3352,965.7396498062435
2001,3439,1784.5413463792222
2001,3251,1679.9588494887005
2001,3436,1699.4687552229577
2001,3418,1307.4928375548443
2001,3428,1889.1245304831853
2001,3422,1681.8411941024258
2001,3144,1629.0411498867713
2001,3416,1358.277675106916
2001,3459,1362.4764290073254
2001,3311,1394.4072402489157
2001,3305,1544.4697549372409
2001,3412,1654.2352431886652
2001,3396,1658.081577650558
2001,3250,1506.7251808546723
2001,3393,1439.2370381257188
2001,3391,1596.3634167119217
2001,3402,1422.473974138561
2001,3389,1581.1251118178782
2001,3217,1511.229580339797
2001,3388,1901.058167313581
2001,3390,1721.9767149674883
2001,3387,1391.7151507819563
2001,3179,1745.1997185628513
2001,3381,1515.9953269903244
2001,3304,1497.133043492198
2001,3324,1497.3372796585409
2001,3329,1574.5754168674375
2001,3331,1575.2726022043905
2001,3292,1682.1230586492266
2001,3398,1418.875687354655
2001,3152,1384.8794010638874
2001,3176,1878.1800858957365
2001,3102,1130.775517681655
2001,3173,1679.5374602452237
2001,3460,1253.1181714866902
2001,3166,1489.3238413527088
2001,3425,1631.8628125440762
2001,3165,1503.9692889427752
2001,3260,1361.2341438545286
2001,3164,1372.9723224461159
2001,3293,1243.5557204406305
2001,3161,1833.746993381979
2001,3225,1297.983096422402
2001,3160,1808.4713890423689
2001,3107,1175.06223236351
2001,3156,1371.3182625368365
2001,3326,1535.4426503590425
2001,3153,1737.472184043115
2001,3382,1308.8967469966176
2001,3138,1520.067725946528
2001,3314,1630.0399501510371
2001,3130,1665.2450703682327
2001,3399,1708.4832639676722
2001,3119,1502.7281872830256
2001,3219,1454.978959747536
2001,3296,1551.5054657756011
2001,3229,1184.6087386147603
2001,3103,1306.4069386139756
2001,3271,1110.8002316030431
2001,3191,1437.2214003606982
2001,3139,1218.5864832062905
2001,3193,1779.1960479301817
2001,3221,1767.1643135865952
2001,3104,1678.4771129942992
2001,3359,1305.512895976832
2001,3204,1756.471035988274
2001,3273,1212.4695447292672
2001,3196,1825.4212860179728
2001,3200,1194.2552270026943
2001,3279,1524.3955791774906
2001,3347,1241.7825998135174
2001,3277,1380.806134488318
2001,3117,1493.4506206449219
2001,3276,1772.8154271512815
2001,3269,1424.8678839781926
2001,3150,1375.7731593218973
2001,3247,1529.4890903920298
2001,3351,1220.15406618636
2001,3243,1404.3741348516185
2001,3282,1073.9470652962193
2001,3281,1778.093791000819
2001,3183,1261.5878829310707
2001,3234,1918.3852398342974
2001,3266,1564.5355693456534
2001,3231,1631.5898017445575
2001,3449,1648.9922458049682
2001,3222,1644.342858677796
2001,3270,1079.3224202421407
2001,3218,1765.6309844810726
2001,3319,1435.6852734718038
2001,3209,1784.639910463059
2001,3421,1244.136616214574
2001,3192,1408.0095776487074
2001,3350,1550.078497000664
2001,3265,1210.0414497123402
2001,3346,1520.461370161395
2001,3348,1345.3714560525345
2001,3344,1519.686817165623
2001,3141,1143.9728790547622
2001,3338,1333.2011320249694
2001,3357,1446.103991849763
2001,3332,1618.7610269618056
2001,3458,1698.5023870817938
2001,3301,1855.7923511867887
2001,3189,1523.5870760430348
2001,3285,1631.5710424501458
2001,3361,1416.4598799001635
2001,3356,1315.7124172354872
2001,3227,1449.6244531044529
2001,3283,1899.3897520963656
2001,3114,1200.8967210879566
2001,3363,1390.92465815994
2001,3170,1057.6209333402933
2001,3371,1485.008298337928
2001,3254,1519.5934733735123
2001,3386,1560.696934989152
2001,3335,1832.332949217988
2001,3394,1520.5242077293908
2001,3426,1187.4963283292002
2001,3397,2081.3609900800197
2001,3177,1664.8444145447902
2001,3401,1351.2455928980917
2001,3184,1650.9704822030512
2001,3414,1431.846096422647
2001,3169,1235.5090213256965
2001,3433,1396.4033147873724
2001,3233,1334.339995983978
2001,3441,1462.0213911004826
2001,3457,1200.9377355791364
2001,3249,1238.1554479960162
2001,3463,1367.3464580945479
2001,3131,1376.4929557501828
2001,3365,1696.8154062015342
2001,3334,1468.927707190433
2001,3272,1671.0395787061127
2001,3116,1732.5144025738646
2001,3264,1430.8133478743075
2001,3447,1390.032807340729
2001,3112,1499.6220789175486
2001,3140,1708.4790864004194
2001,3113,1667.393565153291
2001,3427,1513.6941135477894
2001,3123,1479.1356199962322
2001,3133,1367.352862605071
2001,3124,1773.5933006818666
2001,3275,1615.3008994158238
2001,3125,1423.1478880123464
2001,3122,1638.226082860475
2001,3132,1384.2917845761128
2001,3464,1263.8264147357477
2001,3137,1536.177340037095
2001,3110,1190.5509828821646
2001,3142,1368.9434035893746
2001,3186,1281.917791183595
2001,3159,1325.2495389889045
2001,3180,1602.4132980974277
2001,3268,1670.2421142983615
2001,3224,1630.1677344405368
2001,3172,1247.794617127902
2001,3239,1405.612989749125
2001,3284,1391.8328568551506
2001,3456,1403.5766910064383
2001,3175,1588.8387582354849
2001,3358,1140.44678463491
2001,3242,1608.6091229766105
2001,3245,1762.4560195797537
2001,3216,1478.7262174832074
2001,3148,1382.835261753849
2001,3228,1689.1341684656027
2001,3155,1776.5338087792795
2001,3211,1150.8520979473055
2001,3129,1443.9756093783087
2001,3206,1660.6803167723153
2001,3288,1183.6216688922736
2001,3198,1649.9409640510357
2001,3194,1313.6862667523537
2001,3182,1495.4830161115472
2001,3178,1475.873181146826
2001,3339,1550.815670931702
2001,3340,1226.3428195297893
2001,3287,1418.1591665921223
2001,3309,1460.9193629874073
2001,3431,1258.0753807227732
2001,3448,1406.4490991901737
2001,3111,1264.1822187077971
2001,3462,1991.2347185639214
2001,3435,1927.321951116625
2001,3405,1917.2721502752856
2001,3278,1255.0482310300915
2001,3199,1721.3094866855
2001,3263,1380.2550969498177
2001,3168,1042.4865543115302
2001,3120,1618.6298343551314
2001,3380,1484.423193027115
2001,3310,1300.1550117779582
2001,3378,1217.2619450366828
2001,3454,1765.6270665648508
2001,3259,1616.630955162791
2001,3424,1594.7567080862714
2001,3238,1143.9322435317795
2001,3403,1885.327598155721
2001,3423,1189.0728688611566
2001,3321,1156.3519601699547
2001,3274,1434.278218382423
2001,3298,1265.1636132260762
2001,3318,1313.7576938810364
2001,3214,1482.0894169502105
2001,3187,1596.5714393748972
2001,3451,1547.5105634346774
2001,3384,1361.341131645716
2001,3115,1262.744303779687
2001,3392,1406.7851023774906
2001,3341,1401.5097235927074
2001,3368,1406.9452624914015
2001,3299,1197.0970358575257
2001,3369,1356.3168817608516
2001,3308,1394.030110438608
2001,3450,1425.8427374412581
2001,3406,1130.907309286799
2001,3232,1414.8316578403699
2001,3267,1195.954771186475
2001,3190,1401.0479892504636
2001,3220,1219.7845950010585
2001,3106,1442.968018358596
2001,3419,1636.9206805987894
2001,3280,1616.6306470144655
2001,3325,1386.2504660679692
2001,3157,1449.1497059285502
2001,3202,1642.2759898026766
2001,3246,1518.5032045115324
2001,3343,1115.1038328909833
2001,3258,1721.8372130024984
2001,3162,1308.7150526272908
2001,3126,1388.7919308868195
2001,3235,1998.1401778413294
2001,3158,1251.754286366157
2001,3444,1393.647830779483
2001,3333,1624.2738081071436
2001,3313,1371.7132444068322
2001,3286,1507.2518688430073
2001,3461,1386.457934365988
2001,3322,1761.4608514350507
2001,3395,1786.4764102137117
2001,3149,1353.2545568757125
2001,3226,1850.7239563992835
2001,3210,1568.8124613977
2001,3248,1197.3332495159252
2001,3354,1338.6003975072297
2001,3362,1464.739127587487
2001,3411,1470.1986632664286
2001,3404,1411.2932690379312
2001,3145,1373.8170341695884
2001,3201,1417.481840165019
2001,3290,971.0021357523477
2002,3160,1786.3705502691819
2002,3331,1359.6496287988055
2002,3163,2112.907933621041
2002,3193,1483.5173414240276
2002,3191,1555.0893864986097
2002,3396,1749.843548609517
2002,3198,1951.3601288298005
2002,3372,1846.9456536005932
2002,3307,1717.631596833781
2002,3334,1663.808683770462
2002,3314,1816.232938953787
2002,3206,1677.306217205034
2002,3333,1635.4787478174692
2002,3258,1525.474025129457
2002,3435,1972.2197229818944
2002,3184,1607.277279341558
2002,3328,2041.7921224233644
2002,3345,1902.734184407328
2002,3181,2047.5843431113199
2002,3403,1728.8590916276696
2002,3361,1350.7697092586857
2002,3142,1402.4106368210757
2002,3384,1649.0933981641613
2002,3310,1435.5665380351481
2002,3380,1863.6625481087317
2002,3354,1564.550367299218
2002,3376,1713.9682282718506
2002,3202,1640.8251226105474
2002,3371,1569.59306936425
2002,3127,1481.4561222063796
2002,3366,1079.718206503041
2002,3299,1219.4108209910983
2002,3364,1908.5980642043082
2002,3443,1540.8706143626011
2002,3348,1413.1087332446248
2002,3148,1134.7205755516857
2002,3305,1321.1538740493975
2002,3272,1363.3639312524208
2002,3343,1320.6381158587787
2002,3250,1322.1462052201623
2002,3339,1521.8533774556508
2002,3275,1582.006989557241
2002,3335,1437.4136575497955
2002,3220,1340.1705185037454
2002,3330,1955.8747722773714
2002,3406,1138.1884791426585
2002,3308,1417.5810832047378
2002,3211,1320.166525793265
2002,3306,1548.6305496717375
2002,3288,1013.484727647438
2002,3386,1687.3589485985951
2002,3425,1530.979559654453
2002,3344,1540.2555886193845
2002,3373,1730.411312481958
2002,3390,1905.6723405050102
2002,3231,1942.8687799230588
2002,3424,1754.4989740216474
2002,3168,1136.7166506806811
2002,3397,1917.3204041504969
2002,3151,1826.60665714323
2002,3462,1509.0606622348741
2002,3232,1412.129167312248
2002,3459,1537.611012532808
2002,3248,1059.049168726934
2002,3456,1430.4755571056364
2002,3338,1345.5028529122467
2002,3452,1482.6908261049252
2002,3291,1382.251587333991
2002,3451,1778.8331788200448
2002,3415,1492.361215606867
2002,3449,1583.718884297905
2002,3286,1652.3390939860092
2002,3439,1544.963846263095
2002,3350,1506.988375148516
2002,3395,1750.3310224571594
2002,3358,1155.7245751499422
2002,3438,1688.1721827988001
2002,3214,1578.1461826895804
2002,3436,1740.1518787687608
2002,3382,1303.1881182546465
2002,3304,1480.38042076375
2002,3356,1250.2806802890448
2002,3420,1407.5552295972684
2002,3433,1491.7645321806674
2002,3417,1377.423400964129
2002,3251,1774.573022426022
2002,3416,1475.0169905956473
2002,3426,1443.5483331172893
2002,3408,1801.44348075473
2002,3219,1396.8538094605453
2002,3399,1691.9527755077638
2002,3279,1471.1672441904661
2002,3437,1834.381665456209
2002,3336,1801.3343795401456
2002,3301,1581.0169094354117
2002,3347,1410.6631933115186
2002,3313,1688.6003294963546
2002,3289,931.0107012897005
2002,3285,1513.530988626749
2002,3369,1509.2204885278347
2002,3172,1374.7643763407261
2002,3119,1374.5257226436443
2002,3161,1777.2422105721907
2002,3170,990.1607533055771
2002,3158,1409.8719703446488
2002,3298,1349.487946605149
2002,3155,1655.6674111335417
2002,3187,1318.0765513435817
2002,3150,1562.6927419144702
2002,3422,1681.4447239150584
2002,3145,1398.6966496565033
2002,3318,1299.0193610560902
2002,3140,1891.6413664768522
2002,3129,1403.016663576525
2002,3137,1738.7390515986833
2002,3107,1136.325524196565
2002,3133,1476.7869237582536
2002,3442,1511.8294713801527
2002,3130,1801.9958881595994
2002,3292,1515.209903201325
2002,3398,1157.704542672829
2002,3123,1729.320094271876
2002,3460,1143.221333335969
2002,3120,1628.9250446891288
2002,3197,1299.5487151680754
2002,3114,1317.669284419502
2002,3410,1149.5498384722075
2002,3111,1416.6562641171583
2002,3421,1046.8964597227932
2002,3110,1351.2491321450354
2002,3267,1283.7156226245577
2002,3104,1685.8765477203085
2002,3359,1069.8047503040652
2002,3176,1711.8938434594654
2002,3102,1214.8898398823335
2002,3179,1836.5526195172715
2002,3412,1491.1294055279584
2002,3124,1995.0791554060756
2002,3317,1756.2345633754617
2002,3196,1655.3268548876683
2002,3324,1645.3769056372794
2002,3189,1416.2125757743654
2002,3283,1513.137873702142
2002,3387,1529.9146308591435
2002,3281,1480.4928420241592
2002,3282,1206.1774462597934
2002,3280,1614.5867243377556
2002,3105,1298.8120026253061
2002,3259,1424.8353406944025
2002,3103,971.8624101674287
2002,3256,1914.695377730618
2002,3276,1659.130266498447
2002,3243,1778.9974595381182
2002,3210,1480.8825541173053
2002,3241,1468.007831598934
2002,3205,960.9788010612112
2002,3265,1356.299494682817
2002,3385,1130.3690379733796
2002,3227,1402.8597295090506
2002,3162,1361.9228353426304
2002,3226,1261.3354022415629
2002,3225,1328.2459537037128
2002,3224,1631.0332449392326
2002,3122,1690.8798550143404
2002,3221,1670.09050404909
2002,3269,1602.5515546413078
2002,3207,1352.0613715479876
2002,3192,1227.3541286680747
2002,3216,1734.1528558943896
2002,3237,1420.5212885656388
2002,3183,1371.4064532691627
2002,3233,1348.0542799320244
2002,3349,1723.8603503679494
2002,3394,1485.7045895215142
2002,3340,1264.0372952087953
2002,3401,1519.0921611919493
2002,3320,1469.1297473031716
2002,3252,1434.864742848042
2002,3309,1537.0521687577477
2002,3311,1331.72655706755
2002,3357,1543.6208796078017
2002,3365,1741.127580949527
2002,3428,1647.6114790944575
2002,3414,1219.2381070727527
2002,3362,1730.4814914198662
2002,3374,1466.62536337349
2002,3204,1500.205875807333
2002,3378,1411.1352768889024
2002,3131,1557.9510677732485
2002,3383,1127.7052779382132
2002,3247,1246.3428010726516
2002,3392,1549.295540603107
2002,3351,1213.6590914396872
2002,3411,1359.1803805557138
2002,3270,1171.4756341266461
2002,3126,1410.981616509706
2002,3441,1587.0022981620896
2002,3444,1495.2010814816413
2002,3186,1471.7148901847836
2002,3453,1813.7577586069308
2002,3332,1582.3412675720476
2002,3393,1700.6345191163855
2002,3253,1543.0235440868762
2002,3278,1707.7769760820938
2002,3139,1136.6492658655395
2002,3113,1793.9723392145656
2002,3389,1844.0885616071037
2002,3116,1826.421001165729
2002,3419,1316.4083075965166
2002,3165,1371.0671026783011
2002,3132,1342.412763951936
2002,3464,1381.4478571476354
2002,3135,1123.6765040726118
2002,3200,1274.3852488387877
2002,3144,1332.525078639986
2002,3423,1663.788583435706
2002,3171,1450.5424050300983
2002,3159,1441.974443794954
2002,3177,1519.1695003435666
2002,3117,1457.350387085102
2002,3180,1375.948126737335
2002,3284,1421.684646247588
2002,3182,1433.4370568234212
2002,3156,1422.848457641022
2002,3185,1603.0017111465183
2002,3203,1698.025446630403
2002,3201,1224.5626886362047
2002,3175,1173.037702747541
2002,3277,1641.831090132222
2002,3138,1191.8689684369112
2002,3246,1440.2850806898562
2002,3260,1405.5450869850904
2002,3218,1780.568544372139
2002,3450,1033.194209972278
2002,3217,1811.395287818183
2002,3447,1501.3773440985835
2002,3235,1840.6080419747234
2002,3266,1451.7742001855393
2002,3323,1725.6037614287143
2002,3434,1710.9050330336345
2002,3353,1470.236600494582
2002,3326,1645.7333492678345
2002,3325,1366.675943606954
2002,3346,1471.9347342703654
2002,3463,1434.991089124062
2002,3405,1546.911378655297
2002,3458,1597.407792147147
2002,3457,1413.2834419949895
2002,3461,1489.580404892653
2002,3404,1402.5571730539882
2002,3166,1895.5959435663983
2002,3222,1771.5686804292259
2002,3427,1527.3723609687777
2002,3296,1611.6264662659692
2002,3321,1231.0557352428464
2002,3112,1534.3603572359873
2002,3337,1833.8305935752896
2002,3125,1385.6091852277152
2002,3143,1176.4742961320696
2002,3407,1446.5474187035104
2002,3239,1171.0513251598218
2002,3360,1473.0968030616534
2002,3199,1441.4236314280577
2002,3388,1645.7424891376597
2002,3208,1770.3917767134856
2002,3263,1548.7835147362402
2002,3190,1303.2591773247284
2002,3268,1440.6467217790052
2002,3274,1662.432563972999
2002,3178,1525.9323394458252
2002,3254,1564.9563247624928
2002,3173,1355.8348055298902
2002,3169,1077.7406279146276
2002,3454,1617.2890334311733
2002,3229,1346.0536293141047
2002,3448,1452.1078318397715
2002,3319,1589.351078973099
2002,3228,1514.1208691636384
2002,3381,1311.6842826101738
2002,3240,1335.5213661326547
2002,3375,1435.4666011981865
2002,3271,1320.8057913241096
2002,3290,1084.6984141152266
2002,3293,1317.7882753152717
2002,3141,1189.4359818868365
2002,3368,1438.867659575611
2002,3264,1670.7344188835882
2002,3261,1803.6239701208694
2002,3212,1630.10034961312
2002,3152,1438.1455493673145
2002,3379,1412.0641138111682
2002,3363,1606.6044070003916
2002,3400,1769.7355275855357
2002,3455,1581.1642362575933
2002,3329,1717.138399841189
2002,3257,1619.2174123391683
2002,3128,1439.0134424888295
2002,3147,1147.928746277927
2002,3149,1316.4134581216604
2002,3153,1960.970597749384
2002,3352,1162.1587319266205
2002,3391,1500.2924453680123
2002,3234,1707.9360395818237
2002,3249,1240.7144175376347
2002,3242,1225.6264815622117
2002,3409,1611.8187962722634
2002,3431,1072.1615263781464
2002,3273,1485.2852190926433
2002,3194,1520.4910888169945
2002,3402,1297.6659137150527
2002,3115,1236.9841602126264
2002,3174,1746.9180328336984
2002,3418,1199.7438141600687
2002,3164,1497.6491693093712
2002,3108,1451.8595196909587
2002,3209,1646.3361891113939
2002,3287,1627.8068250829435
2002,3322,1669.7007328601394
2002,3238,1547.6954862836474
2002,3157,1435.3137464085003
2002,3245,1798.437339285103
2002,3341,1157.7176845877625
2002,3106,1779.2028790129652
2003,3256,1991.5236905307731
2003,3403,1934.744531094797
2003,3397,2086.1711696823486
2003,3328,1678.323854137477
2003,3161,1712.579168205516
2003,3362,1521.1441031765391
2003,3210,1778.1589962192515
2003,3150,1763.9415410123872
2003,3243,1914.6597468069622
2003,3123,1639.4586096457106
2003,3280,1923.7005400383202
2003,3375,1682.92808555651
2003,3336,1804.254175060358
2003,3137,1473.8770783172513
2003,3373,1791.7220428731687
2003,3393,1477.675826009805
2003,3409,1378.9662995157378
2003,3283,1791.3809635534726
2003,3425,1516.7613566966809
2003,3319,1432.3633531324797
2003,3348,1593.493947434871
2003,3245,1537.6175015193687
2003,3107,1177.885277627824
2003,3371,1589.3807903921336
2003,3192,1230.5275590130957
2003,3365,1655.090371694989
2003,3250,1332.0910441854658
2003,3364,1867.9446474645054
2003,3301,1509.6857210071503
2003,3305,1273.6686071379352
2003,3361,1386.5662808149164
2003,3147,1054.6799419326244
2003,3358,1191.6039902972896
2003,3183,1196.7583530748093
2003,3350,1590.391347117649
2003,3174,1726.3270174273068
2003,3345,1946.0220729263972
2003,3454,1512.134910260258
2003,3326,1811.5846967040497
2003,3182,1556.866081552785
2003,3340,1500.8548625754072
2003,3169,1089.5820276892493
2003,3338,1474.6006905425543
2003,3352,964.0726359565609
2003,3193,1471.590439570459
2003,3332,1540.0291493122922
2003,3211,1602.1230632640645
2003,3331,1436.3655058816635
2003,3329,1485.23251531554
2003,3374,1533.3147366244698
2003,3392,1321.5412150311554
2003,3324,1566.3389232110799
2003,3178,1370.6553978742947
2003,3320,1707.1840032336565
2003,3282,1582.333414192929
2003,3318,1207.1090388197854
2003,3148,1274.0081477154447
2003,3344,1365.5388648645476
2003,3298,1389.6044101427913
2003,3240,1320.793272036374
2003,3399,1403.87684025718
2003,3190,1299.1230138079382
2003,3381,1223.2627793193901
2003,3415,1297.9770448712986
2003,3464,1082.6471003897934
2003,3132,1351.747910760654
2003,3462,1678.0437161635687
2003,3337,1809.739163768301
2003,3461,1539.3326772279038
2003,3450,1239.5535087705105
2003,3452,1526.8689664379558
2003,3291,1303.7848115086715
2003,3451,1727.8263421178324
2003,3225,1321.6431292101051
2003,3449,1724.805679941782
2003,3129,1408.4067763643739
2003,3448,1497.4363725201779
2003,3247,1526.325296055834
2003,3441,1686.8259562161145
2003,3205,1212.629264928053
2003,3439,1836.3883235859976
2003,3422,1539.1685678781216
2003,3438,1811.0985622120593
2003,3330,1801.0272687654617
2003,3376,1803.0635633182512
2003,3155,1499.3258156817687
2003,3437,2054.830509119828
2003,3386,1661.949758149858
2003,3433,1361.2193959365989
2003,3299,1181.1412486998345
2003,3431,1259.4378335290364
2003,3176,1269.9159652718981
2003,3416,1568.776886175962
2003,3284,1474.7802352476772
2003,3408,1662.4598755839597
2003,3241,1559.1355453405217
2003,3317,1469.2486259952727
2003,3427,1620.4619609342094
2003,3396,1681.0700818441312
2003,3335,1595.0947385202855
2003,3395,1865.5225062569853
2003,3428,1758.3020441367512
2003,3390,1920.8807222247417
2003,3353,1836.40658397616
2003,3387,1570.8851657954933
2003,3173,1436.37639061554
2003,3382,1231.5699871367524
2003,3436,1605.2481323503368
2003,3463,1273.0134057110658
2003,3314,1906.0068011613328
2003,3172,1555.6264804381776
2003,3334,1625.75271358253
2003,3306,1448.2600164409787
2003,3264,1806.764640888862
2003,3200,1388.3821872710266
2003,3135,1566.9373910799584
2003,3199,1549.393152612144
2003,3106,1716.182226005894
2003,3196,1399.5029834256907
2003,3249,1023.9338902655227
2003,3185,1511.063493013775
2003,3197,1427.8360499935468
2003,3184,1389.8537771976005
2003,3127,1350.4249705772581
2003,3181,2101.2606533127687
2003,3187,1425.8721324992132
2003,3171,1561.330217057888
2003,3263,1782.4550493796544
2003,3164,1320.4506194032758
2003,3165,1361.7424738858374
2003,3311,1204.696819280022
2003,3418,1402.8339322610273
2003,3160,1808.4753262402578
2003,3349,1650.154314140728
2003,3203,1938.6701987743122
2003,3224,1432.5868539054466
2003,3149,1203.2515806227143
2003,3158,1326.9470819769542
2003,3144,1178.8842612645803
2003,3111,1386.0081070083247
2003,3140,1731.59493323517
2003,3400,2080.5729651001593
2003,3138,1536.7428879824504
2003,3385,1353.6567495075276
2003,3133,1491.4735271745096
2003,3139,1173.015910678195
2003,3124,1666.4404453589602
2003,3343,1226.8019399983657
2003,3222,1521.4012653020934
2003,3120,1621.0356102846788
2003,3407,1431.2021978274674
2003,3113,1436.2620371453227
2003,3152,1470.228056273071
2003,3108,1495.8269445852327
2003,3402,1712.7294505288774
2003,3104,1474.2348272343445
2003,3359,1212.5226693922646
2003,3145,1518.3157847178588
2003,3391,1243.21997162322
2003,3204,1659.4757088820884
2003,3194,1406.16878175269
2003,3163,2073.3037886072875
2003,3460,1346.7471581985947
2003,3207,1515.7683579351597
2003,3159,1319.3163006783682
2003,3206,1534.4802216547398
2003,3216,1284.2662201626058
2003,3296,1366.9613755015275
2003,3458,1376.4678570866856
2003,3290,1211.2430532284927
2003,3114,1100.984934879732
2003,3286,1667.2862301521272
2003,3339,1367.2075266054949
2003,3153,1796.548336103686
2003,3276,1484.0942417970407
2003,3166,1688.5332506715395
2003,3274,1711.8238368407988
2003,3378,1336.4703170205607
2003,3272,1470.4043338196552
2003,3122,1907.7752594171216
2003,3269,1449.3798761786313
2003,3357,1547.7286818085718
2003,3268,1412.352382439482
2003,3259,1291.8968009404305
2003,3267,1464.7959018631066
2003,3110,1526.7096071781832
2003,3304,1252.991883635431
2003,3212,1682.1093017403518
2003,3251,1914.3478432984764
2003,3288,944.805869690215
2003,3261,2066.5088269795565
2003,3112,1820.4002763435824
2003,3209,1719.4364531297372
2003,3198,1584.0220139299713
2003,3214,1717.274554304705
2003,3379,1537.4269241810819
2003,3217,1852.2345545282346
2003,3208,1787.6757145416364
2003,3151,1874.2477384129256
2003,3227,1483.9699713034631
2003,3321,1395.4012395901252
2003,3228,1603.86076357954
2003,3453,1816.1549716547916
2003,3231,1519.1580604766634
2003,3459,1082.1869167768173
2003,3232,1663.077563369006
2003,3103,1062.0768544010277
2003,3221,1798.2738512745377
2003,3389,1391.0783392604603
2003,3405,1600.5355361515099
2003,3233,1038.2468283442493
2003,3346,1468.2092199757535
2003,3248,1117.9132257486024
2003,3347,1333.6240877001837
2003,3366,1045.8033084687358
2003,3360,1500.737922358545
2003,3253,1440.60499110398
2003,3394,1453.7037392440761
2003,3426,1355.6473350280733
2003,3424,1621.3696631881005
2003,3388,1359.1981951443004
2003,3420,1513.412829976524
2003,3406,1181.6664991080304
2003,3423,1589.5855302658804
2003,3354,1218.7016148258263
2003,3307,1882.3652189552008
2003,3435,1901.3464656790213
2003,3131,1659.6273040873496
2003,3443,1875.3248385890365
2003,3444,1716.7883437890841
2003,3229,1303.1940962730491
2003,3456,1230.9766176332785
2003,3189,1573.646288689672
2003,3287,1520.8507058489517
2003,3411,1148.1714643944847
2003,3270,1327.6150661607182
2003,3278,1809.644824006281
2003,3236,1276.8093353418842
2003,3281,1577.036732168032
2003,3116,1679.7306697449058
2003,3372,1515.788732154228
2003,3117,1468.7793099667851
2003,3271,1308.3259987790302
2003,3125,1507.957186770796
2003,3398,1112.9576373223833
2003,3162,1286.238314880496
2003,3254,1618.580882253514
2003,3177,1744.1287712781616
2003,3356,1308.0689230850005
2003,3293,1317.1979090341983
2003,3218,1571.5355018059367
2003,3417,1706.3833522537002
2003,3220,1267.0536793200063
2003,3383,1006.3130953366096
2003,3234,1649.020054714155
2003,3237,1272.118011096807
2003,3275,1611.2788773161626
2003,3434,1694.1527170632169
2003,3277,1712.0425642800578
2003,3201,1699.486006348791
2003,3363,1535.8522099650468
2003,3143,1437.322050474782
2003,3285,1622.6582897008775
2003,3419,1455.828752932112
2003,3156,1403.0614132474511
2003,3170,1093.2632227781708
2003,3219,1556.5788842856934
2003,3186,1499.691688919096
2003,3310,1665.7513352744013
2003,3265,1438.4338975626538
2003,3368,1294.594923328654
2003,3130,1850.8391524533818
2003,3168,1194.0473824264755
2003,3119,1468.4062820477907
2003,3266,1605.4551831852164
2003,3179,1574.283350460135
2003,3447,1459.5367240918658
2003,3191,1325.2468483011778
2003,3257,1484.0561481207903
2003,3235,1496.8590549099931
2003,3384,1760.8606045998845
2003,3242,1450.244667403997
2003,3309,1492.9580362337563
2003,3322,1446.3758926257156
2003,3401,1328.7322543624814
2003,3279,1369.720286240377
2003,3380,1502.6174041264715
2003,3292,1671.5291321524505
2003,3202,1598.0890218918964
2003,3260,1426.9120676679822
2003,3414,1455.7972815849682
2003,3410,1260.6341894971251
2003,3142,1226.620955822079
2003,3341,1377.8909083077542
2003,3421,1004.9427529612211
2003,3226,1186.2111250470782
2003,3246,1494.4443613147068
2003,3252,1408.350620254702
2003,3273,1441.866294975813
2003,3308,1482.1526842519108
2003,3258,1462.9090492646285
2003,3351,1207.571975149136
2003,3333,1496.2082984127903
2003,3180,1442.4505431167966
2003,3323,1778.4766784938029
2003,3369,1551.4919862486038
2003,3412,1306.9297179802502
2003,3455,1437.4999615802462
2003,3128,1619.7354616116231
2003,3105,1310.411467861018
2003,3126,1365.291149539928
2003,3141,1324.4862067090558
2003,3157,1409.7948462888567
2003,3313,1125.659967182563
2003,3442,1666.9478748724046
2003,3175,1629.2827746274513
2003,3325,1361.0179974723526
2003,3404,1551.8099872063046
2003,3239,1166.6496900838517
2003,3102,1250.947995330575
2003,3457,1302.6297321583954
2003,3238,1687.01012998298
2003,3115,1153.6600979237949
2004,3153,1612.8791476856074
2004,3251,1856.4819874429404
2004,3160,1754.3922902757527
2004,3330,1965.2976819528426
2004,3279,1680.9009560091836
2004,3238,1584.0201782614593
2004,3323,1752.5531125660343
2004,3120,1753.285704400572
2004,3353,1858.8456549306454
2004,3389,1421.0160980777641
2004,3403,1790.2640082024975
2004,3427,1523.2158271393769
2004,3428,1766.858521458005
2004,3369,1509.6155465992044
2004,3443,1690.488880720755
2004,3348,1547.5256468124442
2004,3364,1798.6681990762056
2004,3360,1220.4163209171734
2004,3332,1485.3793495281536
2004,3434,1684.571723684739
2004,3276,1562.395967520589
2004,3275,1715.024878107106
2004,3261,1835.989729331489
2004,3437,1828.6332551840176
2004,3345,2078.5324451804086
2004,3243,1943.2538610508493
2004,3400,2018.3607069883758
2004,3181,2045.712118529755
2004,3373,1615.8351841364108
2004,3107,1540.3244988381446
2004,3371,1478.8451768200155
2004,3351,1184.6034732939515
2004,3356,1137.9557665197426
2004,3363,1386.305762236551
2004,3169,1261.9105704205876
2004,3362,1278.851708108994
2004,3354,1094.5753843722794
2004,3357,1557.4540480204219
2004,3269,1221.5306686264562
2004,3350,1702.408161886672
2004,3174,1672.4729208545975
2004,3347,1522.82810192539
2004,3291,1260.8825572937171
2004,3346,1519.3578005339878
2004,3463,1470.0334702714886
2004,3378,1592.6218494360737
2004,3447,1242.8954677224215
2004,3336,1989.5787371148285
2004,3326,1885.9584295830455
2004,3325,1496.4513203225956
2004,3322,1708.2239495362032
2004,3123,1440.1812014790012
2004,3321,1312.3961540976907
2004,3166,1642.9650012540533
2004,3314,1867.066347402757
2004,3384,1818.3100503501278
2004,3308,1511.2226636482694
2004,3253,1431.8968818648075
2004,3307,1902.205328487104
2004,3425,1606.6857717995827
2004,3304,1555.5248135325503
2004,3459,947.7043807023341
2004,3301,1718.1738505870335
2004,3258,1867.4937432211793
2004,3456,1460.8658125746892
2004,3379,1325.0860657336343
2004,3407,1324.3298489549034
2004,3435,1989.0484714240217
2004,3375,1659.203118532366
2004,3385,1437.3593832877127
2004,3221,1354.7383382360897
2004,3462,1520.313758391682
2004,3257,1836.723716142007
2004,3453,1727.795257639051
2004,3334,1485.7027151291873
2004,3452,1760.40127588765
2004,3137,1468.6071573391296
2004,3450,1303.2146158641851
2004,3201,1492.6463564922042
2004,3448,1526.7798882224668
2004,3259,1454.3157547270298
2004,3441,1546.7434346324292
2004,3144,1176.9239928144564
2004,3439,1765.2906564167188
2004,3438,1552.0157801677487
2004,3422,1254.7974472569306
2004,3224,1420.341507570646
2004,3381,1521.184425839789
2004,3429,1158.8303659730766
2004,3436,1564.2410611199307
2004,3383,1395.9873517399649
2004,3433,1608.188650063281
2004,3299,1092.3267677397555
2004,3424,1713.0120060958523
2004,3147,1149.5290656485981
2004,3419,1565.9411700052622
2004,3408,1416.8861011185668
2004,3410,1395.601817052563
2004,3102,1077.9559940175004
2004,3395,1885.9153420848882
2004,3402,1298.062958147547
2004,3394,1612.998678109324
2004,3390,1893.2143453706706
2004,3337,1636.312255976414
2004,3388,1381.2133978574957
2004,3361,1260.069721319405
2004,3387,1350.4438336551261
2004,3133,1466.2043318394108
2004,3298,1301.776400211966
2004,3352,1066.7241983274237
2004,3296,1398.5272866448477
2004,3260,1298.9372898582578
2004,3292,1831.4945108896184
2004,3399,1613.309362000776
2004,3286,1474.25444951127
2004,3415,1151.9495261488992
2004,3177,1724.5617346081663
2004,3454,1568.716795424246
2004,3173,1149.6160236611358
2004,3129,1327.828496877912
2004,3161,1598.6747695085055
2004,3411,1265.4628749955586
2004,3159,1665.9669795267455
2004,3254,1357.9768576688527
2004,3155,1547.5686922074885
2004,3376,1396.0374613247416
2004,3237,1233.0001979182762
2004,3151,1909.7128038138067
2004,3412,1388.129340881092
2004,3150,1618.2148778374456
2004,3171,1399.856942142185
2004,3149,1376.003937325267
2004,3158,1210.6007905510712
2004,3189,1564.0676625338267
2004,3145,1668.4926446631393
2004,3138,1268.8527631358465
2004,3135,1639.859056134738
2004,3192,1415.7048582133307
2004,3124,1841.667656331783
2004,3280,1708.9508726645129
2004,3391,1407.1852110555867
2004,3119,1303.3176049680942
2004,3162,1440.6415322345208
2004,3116,1586.1697848784047
2004,3455,1463.8528018852305
2004,3114,1388.7573034802892
2004,3404,1431.1186537888734
2004,3113,1578.2672158628404
2004,3103,1162.3836094160479
2004,3110,1470.0136811461916
2004,3421,1457.4316779774263
2004,3106,1608.8400232472147
2004,3366,1231.3620980033584
2004,3140,1463.8067991820733
2004,3451,1627.8075009856016
2004,3182,1609.0737398392769
2004,3250,1434.7071149792087
2004,3142,1416.1187038783285
2004,3170,1024.4366808184575
2004,3186,1398.2996158053854
2004,3414,1214.3148098680576
2004,3185,1816.3719238257263
2004,3249,1001.3491736790718
2004,3282,1504.619771966823
2004,3242,1334.7162170066204
2004,3444,1522.8092615545902
2004,3273,1387.353209554609
2004,3148,1040.258367401742
2004,3272,1726.9209521156968
2004,3271,1402.3290393667205
2004,3268,1684.0058055182024
2004,3164,1584.8661591178532
2004,3256,1969.3247859193614
2004,3372,1414.297443807929
2004,3246,1490.4852404765109
2004,3236,1221.9976804349733
2004,3245,1709.5949281977587
2004,3349,1787.6591444183125
2004,3442,1625.2465640287564
2004,3267,1595.7529123414704
2004,3288,1109.4045626066
2004,3240,1532.0563464487375
2004,3214,1777.7863528994044
2004,3234,1691.2095481124527
2004,3139,1504.257992978218
2004,3225,1600.1636474365446
2004,3340,1265.8842204949258
2004,3222,2087.480137078066
2004,3211,1641.7512676585486
2004,3219,1363.227253227879
2004,3293,1487.22855661175
2004,3210,1487.622157190485
2004,3194,1443.3472658745893
2004,3208,1853.0751556034782
2004,3209,1461.2296222051607
2004,3207,1535.6402748469322
2004,3203,1809.5592382540342
2004,3200,1267.176559385426
2004,3168,1305.9773004677268
2004,3191,1392.4940209366687
2004,3122,1789.3405244741962
2004,3359,1266.6603526229817
2004,3108,1404.3436521431927
2004,3318,1481.4314530485342
2004,3344,1214.8240315042508
2004,3202,1521.4019674850695
2004,3335,1548.9436147144925
2004,3420,1268.0602550511928
2004,3317,1460.4277216880664
2004,3232,1456.0082882238773
2004,3309,1373.3045119230012
2004,3270,1407.3658639268924
2004,3284,1490.7908468614896
2004,3313,1339.5570861088488
2004,3305,1100.1391899163702
2004,3328,1997.2957594570419
2004,3331,1612.8665535691161
2004,3460,1263.069776799572
2004,3398,992.2794148526563
2004,3382,1373.1109340938738
2004,3392,1263.9452061040258
2004,3386,1736.5395334394502
2004,3180,1334.2605591065956
2004,3393,1319.6135882555664
2004,3127,1529.215459325967
2004,3396,1885.940920890634
2004,3198,1395.5218065135982
2004,3409,1619.7739720958202
2004,3329,1382.7488999118384
2004,3449,1667.2466369712683
2004,3263,1860.358347187708
2004,3464,1096.714894259186
2004,3132,1707.79335582248
2004,3278,1640.1351671533218
2004,3380,1574.9432278753434
2004,3277,1758.9676771813654
2004,3172,1492.110607811737
2004,3274,1778.3180151491
2004,3287,1358.743261403572
2004,3112,1808.4126093050018
2004,3319,1350.9923980622816
2004,3117,1573.1465828804064
2004,3125,1488.6021029736287
2004,3311,1029.8434528704754
2004,3130,2009.3443227018709
2004,3324,1500.72717615794
2004,3217,1613.3935530092128
2004,3175,1586.9352507253875
2004,3233,1226.1122578389707
2004,3176,1530.4385368637952
2004,3461,1503.989608883359
2004,3184,1538.3264224816176
2004,3205,1122.8846190101099
2004,3196,1744.6918750376751
2004,3131,1661.7780983675511
2004,3216,1349.3999194044466
2004,3265,1711.0699367463699
2004,3231,1436.9922838424195
2004,3165,1278.8338307902127
2004,3235,1690.6099634957213
2004,3156,1268.8007281284908
2004,3247,1569.1959620334558
2004,3401,1423.87864685538
2004,3252,1654.4733922609903
2004,3218,1287.0632155238638
2004,3264,1314.587009491278
2004,3416,1571.0933743965252
2004,3266,1812.8598521750769
2004,3179,1673.115306421932
2004,3197,1462.8343529543972
2004,3220,1497.4121752209494
2004,3431,1532.3751262572787
2004,3343,1272.699097074805
2004,3458,1433.2022471116377
2004,3115,1148.2379149810338
2004,3281,1738.1670155613376
2004,3333,1493.5896051190628
2004,3187,1421.9342967762288
2004,3397,2012.168569512616
2004,3406,1226.4231642978548
2004,3417,1749.0996823286027
2004,3193,1341.9453473683939
2004,3310,1498.8836897701003
2004,3365,1314.1413299503727
2004,3212,1357.8421407359333
2004,3128,1330.3801322468046
2004,3239,1045.8283996746882
2004,3143,1489.5133779449936
2004,3163,1938.3359201888604
2004,3178,1601.5729456028453
2004,3405,1480.9986904971702
2004,3241,1489.3781039853584
2004,3423,1558.2123782915132
2004,3248,1074.7186388039793
2004,3199,1580.2694245631942
2004,3339,1505.0585469698717
2004,3374,1405.609648250269
2004,3111,1275.098413597406
2004,3104,1446.1620942633772
2004,3157,1325.158445250012
2004,3152,1265.6264431482703
2004,3320,1521.42060395324
2004,3227,1282.8558788756466
2004,3183,1258.4577638981514
2004,3228,1406.5762669364103
2004,3141,1176.113605773489
2004,3306,1309.6239140948994
2004,3358,1230.3166284666397
2004,3126,1415.9695005854915
2004,3418,1378.0664693415515
2004,3368,1238.6217854054619
2004,3426,1588.4866155878854
2004,3226,1681.52752045919
2004,3204,1469.9182538637808
2004,3338,1314.1293562372057
2004,3229,1491.1996168434116
2004,3206,1704.6678484339814
2004,3105,1312.446019743535
2004,3283,1868.898478204389
2004,3285,1893.6189474555213
2004,3190,1426.6788642994873
2004,3341,1082.41762378046
2004,3457,1096.3822196280653
2004,3290,1290.4143101342156
2005,3113,1829.3481846927766
2005,3438,1840.452839522721
2005,3261,2041.0821762540265
2005,3263,1727.8353753560882
2005,3112,1591.9606242616055
2005,3388,1495.5320902336607
2005,3181,1988.2228047807746
2005,3172,1577.432634432803
2005,3304,1521.0699628271818
2005,3442,1572.1326353543316
2005,3323,1880.9483711740406
2005,3229,1696.3437150093625
2005,3326,1953.1296960949335
2005,3132,1827.4112471354997
2005,3349,1941.44613311429
2005,3270,1506.0911479273886
2005,3378,1648.3236482954273
2005,3292,1906.8202535225935
2005,3386,1374.7268814251238
2005,3131,1542.3966345249996
2005,3449,1635.2785917903102
2005,3376,1443.2753199610731
2005,3400,1882.3423238812566
2005,3336,1831.4839459590785
2005,3124,2066.0636358120064
2005,3278,1921.5903737640983
2005,3424,1599.3977489137778
2005,3333,1212.255838152669
2005,3226,1524.133966772504
2005,3334,1092.48894818838
2005,3319,1542.5354841704007
2005,3343,1380.814090088656
2005,3284,1488.9394272328213
2005,3348,1371.8127123106503
2005,3318,1513.9858983683712
2005,3363,1647.0712200205119
2005,3170,1233.3406239437018
2005,3357,1538.1272508547277
2005,3463,1289.3894271468344
2005,3359,1305.2614802326925
2005,3239,1195.5358668648985
2005,3366,1022.786481672174
2005,3354,1212.8861479428454
2005,3332,1741.358941806328
2005,3339,1181.7340031817732
2005,3372,1291.0090055021496
2005,3331,1693.549380400593
2005,3402,1461.8766285742197
2005,3281,1568.8006406845207
2005,3296,1195.5785432094444
2005,3325,1455.873768172236
2005,3324,1591.365760781102
2005,3322,1510.821785622215
2005,3380,1495.2670632572672
2005,3317,1512.4333381380384
2005,3127,1400.6765816970462
2005,3314,2130.4876155113748
2005,3189,1149.715751672439
2005,3306,1488.618622711392
2005,3171,1758.7308849802787
2005,3305,1373.5314003487065
2005,3168,1415.1489705067631
2005,3294,1427.6227463913494
2005,3301,1834.250374201211
2005,3423,1357.4098666723005
2005,3194,1375.885483742053
2005,3286,1234.2104503847645
2005,3102,1254.1414235049526
2005,3371,1461.2575746552502
2005,3247,1408.5738823178945
2005,3328,1694.7690913302447
2005,3369,1695.5167408172567
2005,3374,1587.2574952459036
2005,3358,1197.216758914554
2005,3418,1710.7343244286897
2005,3413,1310.1559046966684
2005,3415,1517.9112075676585
2005,3464,1397.9582904447723
2005,3387,1265.0044195577627
2005,3458,1567.3617607000149
2005,3237,1297.929174322046
2005,3453,1797.447695929593
2005,3120,1697.1828149250327
2005,3452,1596.6975133819328
2005,3422,1385.3910270624444
2005,3451,1689.1354408628401
2005,3429,1363.8509717436652
2005,3450,1279.682347289126
2005,3129,1445.9402025090878
2005,3448,1587.8788774832171
2005,3214,1413.464210782447
2005,3443,1724.286797195169
2005,3412,1369.2003865369968
2005,3439,1653.5549873111677
2005,3434,1579.543142417535
2005,3156,1155.7516447047192
2005,3436,1436.3631664631832
2005,3257,1764.0251536126618
2005,3401,1496.273445704819
2005,3435,1895.9832515508383
2005,3384,1795.0592870965804
2005,3425,1719.3572946454706
2005,3269,1388.4112487608277
2005,3280,1628.5967967020833
2005,3309,1152.3695850047736
2005,3416,1575.1726712184152
2005,3405,1490.7479877888593
2005,3153,1414.4486436755305
2005,3397,2114.0958215684295
2005,3151,1784.128699377175
2005,3396,1991.331861609599
2005,3135,1638.691932565711
2005,3395,1865.485184345358
2005,3417,1555.9561619471854
2005,3394,1678.89610120146
2005,3427,1473.7221014721124
2005,3393,1520.0966499031363
2005,3310,1514.2139902222032
2005,3391,1671.0187325106683
2005,3126,1112.4334877312688
2005,3390,2066.4881336568674
2005,3428,1835.8650662076852
2005,3426,1744.3988328158514
2005,3114,1338.3986656882123
2005,3117,1729.2459316043921
2005,3274,1639.638887320954
2005,3205,1290.6224833450271
2005,3163,1982.2614441286992
2005,3138,1094.6345903008494
2005,3184,1821.8019171704666
2005,3347,1306.3712049896587
2005,3177,1868.9723257664618
2005,3293,1175.0230534545974
2005,3173,1369.5486000744668
2005,3103,1134.7498257318796
2005,3192,972.7758374586064
2005,3169,1538.7655444100853
2005,3186,1404.9099332193161
2005,3166,1575.415954549157
2005,3321,1288.2117626495344
2005,3275,1475.5276399384766
2005,3232,1740.5520104222935
2005,3161,1478.203099312902
2005,3362,1413.817994158535
2005,3160,1377.556335797274
2005,3258,1576.5542344457672
2005,3158,1489.8373572949884
2005,3149,1368.4206151850506
2005,3155,1398.4699269189268
2005,3441,1686.9907015951326
2005,3152,1419.5977598608506
2005,3260,1123.6274200611942
2005,3150,1621.3127388598068
2005,3299,1317.0327267229109
2005,3142,1255.486328268425
2005,3298,1387.0363609326012
2005,3140,1719.260018374328
2005,3381,1327.4093939317247
2005,3236,1217.834215851769
2005,3231,1393.9121510904474
2005,3123,1573.164477231328
2005,3447,1016.0717455836073
2005,3122,1258.2806242075524
2005,3407,1491.0377108526252
2005,3116,1632.8818385144882
2005,3106,1364.1720317728132
2005,3107,1445.3037126329932
2005,3288,1107.8687549909134
2005,3104,1531.7826417100193
2005,3276,1269.2213936414012
2005,3187,1378.8183214795868
2005,3182,1388.6596485061093
2005,3190,1471.6874785591745
2005,3399,1598.6964487811213
2005,3179,1535.664526911694
2005,3282,1412.0051111020402
2005,3198,1567.5478462104895
2005,3137,1268.0417495130573
2005,3272,1454.0477312793485
2005,3273,1467.7714598011019
2005,3268,1795.2664288655355
2005,3111,1290.2903527207332
2005,3267,1652.1193643303793
2005,3410,1314.2527645338414
2005,3264,1322.8453163005827
2005,3200,1374.0662765838847
2005,3255,1442.6684850506904
2005,3457,1020.6960901293415
2005,3250,1427.9794099495346
2005,3421,1558.821475779593
2005,3248,1174.3478807878867
2005,3271,1403.0053793749935
2005,3246,1473.6168957435498
2005,3139,1418.538808089748
2005,3191,1539.421991942039
2005,3404,1346.3503689042261
2005,3243,1897.8807542003092
2005,3461,1509.0551211818365
2005,3234,1670.5249124750767
2005,3356,1154.0853856631018
2005,3225,1608.1573833219118
2005,3430,1199.066907581351
2005,3245,1731.6502223496743
2005,3110,1304.4710479675953
2005,3222,1755.7305425119093
2005,3455,1172.0610430808058
2005,3199,1749.9449171966298
2005,3462,1741.242216081033
2005,3224,1525.190422225217
2005,3408,1339.3108165444892
2005,3203,1811.1068365666008
2005,3207,1576.999335581578
2005,3204,1493.6776110583216
2005,3238,1283.788598668254
2005,3208,1803.6125782745426
2005,3202,1471.19512722833
2005,3201,1664.9625443203283
2005,3337,1531.5882202887733
2005,3217,1717.218670273388
2005,3193,1476.8308266006695
2005,3219,1622.9840988527105
2005,3144,1303.062478462801
2005,3220,1388.8206205672761
2005,3346,1465.0291248692106
2005,3221,1653.2510124478256
2005,3344,1102.8205635194477
2005,3210,1429.383145135116
2005,3209,1503.0274779360232
2005,3277,2097.1015908498143
2005,3148,1335.1558551556304
2005,3307,1920.1765985754796
2005,3308,1313.832246959916
2005,3320,1621.2562185337722
2005,3227,1528.222782744616
2005,3329,1353.7530325863365
2005,3311,1386.9093530652272
2005,3266,1599.7224987454267
2005,3454,1374.5201486463473
2005,3353,1948.4658185524968
2005,3351,1330.8134668803946
2005,3383,1335.9988640432853
2005,3233,1236.6909498300593
2005,3385,1560.8397197062986
2005,3145,1767.4130394760446
2005,3398,1446.9784134552763
2005,3406,1491.4332038635207
2005,3313,1471.3701800524464
2005,3350,1698.2868642766437
2005,3283,1686.8031130447216
2005,3360,1359.884552020968
2005,3125,1553.1216166683803
2005,3433,1425.4408920685364
2005,3159,1460.5056831736092
2005,3382,1295.3028268302896
2005,3162,1369.40367634617
2005,3119,1371.4867571005304
2005,3164,1688.7263870805493
2005,3420,1178.0862558820224
2005,3165,1152.9175725405316
2005,3291,1285.4185836130948
2005,3130,1713.901143100625
2005,3444,1384.7277977055767
2005,3180,1634.8497036122703
2005,3185,1657.6217661229757
2005,3211,1850.2274477034152
2005,3228,1593.926009839213
2005,3115,1174.586984875044
2005,3175,1458.0436374482797
2005,3265,1749.5711752547695
2005,3364,1819.8426509599756
2005,3176,1230.4375787252168
2005,3352,1616.1599061691545
2005,3345,1690.0075354827509
2005,3340,1137.3907766775358
2005,3279,1719.6433636549966
2005,3335,1505.6745784398684
2005,3242,1469.7021170656094
2005,3206,1464.2408728837559
2005,3373,1367.614336255482
2005,3437,1737.3597581431613
2005,3460,1603.7885603384166
2005,3287,1170.663620935267
2005,3197,1400.6245406568505
2005,3456,1126.853415742438
2005,3147,973.7938376436447
2005,3133,1474.8320620585453
2005,3392,1303.6102983985834
2005,3379,1299.8415674517692
2005,3178,1332.3893080871012
2005,3143,1422.243744895028
2005,3174,1792.663942144264
2005,3259,1308.3526642522277
2005,3128,1519.7399712784181
2005,3389,1334.6653635386065
2005,3235,1789.710745556101
2005,3409,1640.683426955364
2005,3403,1859.9010567265673
2005,3419,1694.1919522188098
2005,3459,1124.0510271787987
2005,3375,1415.4106137469157
2005,3196,1516.265434377121
2005,3183,1188.7635643888348
2005,3252,1252.2856637598388
2005,3365,1716.4967821307193
2005,3414,1452.3041004266515
2005,3251,1774.920423586191
2005,3338,1428.4639250188577
2005,3361,1308.001093397982
2005,3240,1525.9806308452903
2005,3431,1473.749458885104
2005,3241,1603.3385723099013
2005,3411,1153.8607368606733
2005,3141,1243.4571456639894
2005,3254,1115.4292948429186
2005,3157,1260.9072072892354
2005,3212,1472.487562337217
2005,3216,1708.5232062481605
2005,3330,1857.5837180711196
2005,3256,1733.3966793454445
2005,3253,1554.510544157324
2005,3285,1820.2277873614157
2005,3218,1411.108076958188
2005,3108,1636.6991802563964
2005,3341,1219.3838868177438
2005,3105,1443.3877528071275
2005,3368,1206.5083258131328
2005,3249,1179.4365565940152
2005,3290,1280.5241047406196
2006,3143,1655.2901778450903
2006,3186,1426.257626733062
2006,3396,1827.678871457585
2006,3276,1206.8706378787422
2006,3374,1573.0682344601369
2006,3418,1479.9023077244092
2006,3332,1330.26132854349
2006,3384,1131.7274449788733
2006,3328,2107.767495016586
2006,3454,1790.4275086728735
2006,3350,1551.1804389240194
2006,3214,1231.2861606240579
2006,3281,1690.975912041998
2006,3155,1356.3088102081724
2006,3232,1722.4552963164913
2006,3151,1930.8583430554902
2006,3130,1638.9845766362487
2006,3180,1642.7591481614331
2006,3113,1872.389192372061
2006,3435,1772.7288782858304
2006,3307,1675.1192056114996
2006,3331,1510.3924365251853
2006,3163,2035.7901254972562
2006,3265,1803.7428534591209
2006,3124,1935.6236542571817
2006,3208,1859.9436400562558
2006,3261,1980.0899103779343
2006,3403,1660.729939133846
2006,3338,1725.5344982342283
2006,3456,1531.1777355677796
2006,3381,1361.2086371775551
2006,3379,1537.3263631051216
2006,3376,1620.4355034925238
2006,3219,1559.4005558849444
2006,3375,1524.208091821029
2006,3270,1498.4419166902014
2006,3363,1470.0446567838364
2006,3211,1558.6756352783254
2006,3357,1796.6378186977563
2006,3344,1415.8074698686153
2006,3354,1340.011588117275
2006,3325,1339.5956143303843
2006,3352,1622.8567572782415
2006,3464,1260.323649815816
2006,3345,1868.775716204502
2006,3139,1446.6407194107903
2006,3340,1377.778475534087
2006,3305,1580.1231621174252
2006,3335,1163.2308137113723
2006,3250,1327.632724862551
2006,3296,1444.022291101864
2006,3295,1202.7106664671987
2006,3333,1603.7691117369782
2006,3286,1161.495604031115
2006,3323,1783.6375423443797
2006,3319,1654.417297435373
2006,3308,1480.9487020245986
2006,3317,1561.8445361493616
2006,3372,1810.8859890091699
2006,3316,1326.5016999320435
2006,3457,1549.3637627435478
2006,3314,2165.3677306997247
2006,3172,1530.1487177119689
2006,3313,1138.7276813462167
2006,3144,1330.1636599443864
2006,3400,1511.1569785176055
2006,3301,1836.5872783450825
2006,3422,1650.6620076421375
2006,3298,1333.9186940369486
2006,3194,1690.811908807481
2006,3385,1710.367166428819
2006,3131,1628.0905510527462
2006,3334,1129.612145172121
2006,3411,1141.8451311640686
2006,3386,1685.1050401870398
2006,3343,1698.8173055712864
2006,3421,1381.9483235862585
2006,3239,1364.0869133262663
2006,3393,1364.9298822679666
2006,3264,1345.1832130047571
2006,3462,1728.515274109544
2006,3164,1778.1343492073408
2006,3458,1498.5889462450257
2006,3222,1462.7556251711756
2006,3324,1610.1667857241007
2006,3450,1338.3592666519485
2006,3337,1607.6044206099784
2006,3449,1589.9247256265537
2006,3104,1396.7874546921491
2006,3448,1443.823217669672
2006,3273,1413.984730948814
2006,3438,1719.1254538308035
2006,3203,1803.088616472381
2006,3437,1792.2598135475691
2006,3436,1365.8780478448
2006,3159,1373.3700485040367
2006,3434,1447.6210749491345
2006,3320,1568.2302747141398
2006,3433,1371.9788183396404
2006,3259,1644.0401200430572
2006,3427,1602.3937577463505
2006,3452,1692.3771559931988
2006,3424,1711.6434201413758
2006,3106,1436.6818318010787
2006,3285,1607.936005752494
2006,3429,1178.740819393474
2006,3419,1540.8993505986862
2006,3272,1114.7533813776156
2006,3416,1331.6008780808559
2006,3197,1314.5340534203096
2006,3415,1711.6679888128078
2006,3360,1226.1597944079106
2006,3408,1572.9215774109805
2006,3224,1383.5603656848689
2006,3407,1278.7153349581067
2006,3122,1471.9441546714797
2006,3406,1310.9726913891234
2006,3110,1233.782594258979
2006,3369,1780.6954512028212
2006,3399,1626.6861281227934
2006,3395,1790.0210611889029
2006,3253,1494.497627337753
2006,3392,1717.7177228949631
2006,3137,1502.4078010660728
2006,3280,1263.5282863437972
2006,3368,1383.8558636300995
2006,3279,1603.982332287117
2006,3349,1746.369020974525
2006,3277,1835.2043337493467
2006,3364,1503.525333141894
2006,3181,1998.5348078992392
2006,3336,1549.5974801738478
2006,3179,1672.4573956615675
2006,3282,1415.543879172974
2006,3178,1339.8927689092802
2006,3441,1504.9472580770641
2006,3177,1866.7845075347466
2006,3217,1454.7156430480336
2006,3175,1582.0638007347764
2006,3284,1338.0871161082434
2006,3174,1719.3498499733932
2006,3269,1461.2384762629633
2006,3173,1458.1526739178
2006,3103,1182.4131801135788
2006,3171,1800.0188202679929
2006,3346,1691.4173574417632
2006,3160,1409.2100278574649
2006,3168,1347.5233008457951
2006,3292,1758.237490603425
2006,3185,1766.5176336024288
2006,3148,1285.9527190306887
2006,3145,1600.955036704995
2006,3138,1302.4479180508752
2006,3135,1629.483340607973
2006,3193,1330.6677782342715
2006,3133,1380.3176010463842
2006,3227,1608.0225651571013
2006,3132,1945.7033715025734
2006,3236,1339.5232923614158
2006,3129,1397.9125078541756
2006,3226,1614.903464764121
2006,3417,1914.452604099988
2006,3120,1599.6674962292295
2006,3410,1198.695413878407
2006,3116,1456.3085578536734
2006,3114,1405.6033384361187
2006,3238,1490.9864409140744
2006,3112,1369.7056754319676
2006,3258,1483.838440663207
2006,3102,1426.136222744912
2006,3294,1323.188035570776
2006,3347,1511.3009238497943
2006,3388,1407.2921338501271
2006,3158,1186.7031159662747
2006,3149,1178.48240539249
2006,3196,1748.4252772190625
2006,3383,1138.354636365258
2006,3189,1349.2201004058147
2006,3299,1231.2042848929896
2006,3268,2043.1338425344393
2006,3373,1257.0279143145121
2006,3267,1420.5678816564923
2006,3398,964.1896370147023
2006,3266,1689.7850961617764
2006,3191,1553.3137105220233
2006,3263,1458.164665418998
2006,3351,1109.5563504103313
2006,3255,1250.5080191717768
2006,3271,1499.0531504840462
2006,3246,1773.9021718141694
2006,3237,1502.7574662971556
2006,3245,1769.201421439445
2006,3252,1143.8669133064855
2006,3241,1852.186036327707
2006,3240,1431.2283057884222
2006,3430,1235.4931095299357
2006,3453,1657.0777087153058
2006,3229,1455.1692088086475
2006,3152,1410.9000722292838
2006,3274,1555.6500826895601
2006,3359,1618.0076630299882
2006,3198,1678.206709780622
2006,3205,1550.6146645661552
2006,3225,1339.7890697661246
2006,3339,1079.4697327623983
2006,3221,1531.3218308027726
2006,3318,1335.5258213949485
2006,3216,1908.8038354966218
2006,3348,1309.7137995342268
2006,3210,1530.0675298190238
2006,3412,1377.963239629116
2006,3365,1617.987393989081
2006,3202,1270.4839533265622
2006,3244,1164.5766338264352
2006,3201,1699.468699041353
2006,3414,1323.0561724296138
2006,3200,1396.2798711580433
2006,3220,1606.9575798025558
2006,3199,1784.3414780032283
2006,3204,1319.050617077386
2006,3228,1477.759208765343
2006,3260,1126.7338652151636
2006,3382,1285.0152689197967
2006,3165,1230.9266987473688
2006,3380,1602.8867381540063
2006,3322,1221.457102554889
2006,3378,1660.0959496068774
2006,3426,1573.6069913817555
2006,3356,1309.986686778462
2006,3451,1508.780434838405
2006,3321,1255.5628583099942
2006,3166,1334.023947787058
2006,3390,1853.4635349510688
2006,3254,1476.472125095736
2006,3355,1635.5234850416093
2006,3304,1708.4553348391864
2006,3428,1951.5702081990933
2006,3420,1450.6571643176153
2006,3288,1147.1575633417542
2006,3425,1675.1721149712137
2006,3218,1547.4006346143995
2006,3394,1443.9121306192865
2006,3443,1816.1198783749487
2006,3256,1932.817511498374
2006,3455,1432.2209541996976
2006,3361,1161.218911892715
2006,3461,1723.1677684845502
2006,3170,1297.084017971941
2006,3402,1458.9485109846605
2006,3329,1251.3513259868344
2006,3309,1154.3006408142653
2006,3147,1125.088387739625
2006,3248,1234.4884023200195
2006,3447,1048.467308746743
2006,3107,1302.506088009217
2006,3310,1148.8809099087775
2006,3117,1589.2488412705948
2006,3123,1548.426689386351
2006,3293,1415.8874522504789
2006,3231,1693.5874358587232
2006,3125,1639.0258415129965
2006,3184,1229.8492090404475
2006,3150,1650.8088041789917
2006,3111,1538.8171611846956
2006,3153,1584.9603306306033
2006,3182,1565.9529135502028
2006,3187,1490.7850936655445
2006,3140,1791.3373231073567
2006,3169,1386.3068299470467
2006,3371,1283.8158293306028
2006,3192,1397.7064200157038
2006,3162,1160.6708490773472
2006,3278,1663.840084361287
2006,3362,1331.5452523407641
2006,3247,1310.960268188977
2006,3404,1254.9588861305592
2006,3306,1452.5745511522337
2006,3463,1082.6913241202349
2006,3212,1286.7248913470057
2006,3311,1208.0206933356444
2006,3206,1500.6614346320503
2006,3291,1322.1897008446606
2006,3119,1637.9442717380525
2006,3397,2012.463306002296
2006,3391,1356.8569217761178
2006,3413,1457.2033648240292
2006,3409,1889.5718688562024
2006,3183,1256.6125641738856
2006,3431,1362.003595158269
2006,3460,1393.319108607654
2006,3439,1756.3670932499845
2006,3444,1553.3729585617266
2006,3156,1037.32936922135
2006,3405,1445.2822101620761
2006,3190,1472.1238778311863
2006,3207,1422.8619587020555
2006,3366,1078.4024080833067
2006,3115,1148.2455638352556
2006,3330,1932.5247700235475
2006,3233,1609.1354137926958
2006,3257,1666.1776734051282
2006,3243,1661.503731057204
2006,3242,1504.2990628075831
2006,3127,1606.144767875493
2006,3235,1649.6777107641997
2006,3234,1710.150677096947
2006,3275,1200.6505907023734
2006,3128,1431.5211010953929
2006,3341,1227.2024187545107
2006,3387,1351.9269308685616
2006,3358,1276.4383991150064
2006,3401,1825.4726654996543
2006,3389,1386.5603189714705
2006,3326,2100.0919808749004
2006,3108,1340.0344960523742
2006,3251,1873.9880815064062
2006,3287,1530.6745223797627
2006,3142,1316.5749770693424
2006,3459,1165.8135156724647
2006,3442,1618.607294049429
2006,3105,1280.3881419560466
2006,3283,1665.517593931367
2006,3126,1143.085104430469
2006,3141,1450.014591405373
2006,3157,1532.2917665478683
2006,3176,1568.9555821018246
2006,3249,1435.7485601130122
2006,3161,1323.5844235215461
2006,3353,2013.3361674081032
2006,3209,1351.9629843931957
2006,3290,1475.667074348218
2006,3423,1435.4854946554854
2007,3233,1630.454328466342
2007,3385,1434.7385018759976
2007,3301,1892.3139874778637
2007,3219,1523.094084509352
2007,3345,1986.12686926622
2007,3125,1726.9842523479033
2007,3390,2054.004726068576
2007,3258,1673.8417943648442
2007,3329,1682.793087188374
2007,3415,1719.1970022639778
2007,3325,1650.2704765587232
2007,3298,1276.0548997812323
2007,3323,1665.8002058267268
2007,3141,1308.7450002154258
2007,3321,1340.10998113655
2007,3434,1549.8219929434638
2007,3314,2031.982109955494
2007,3190,1595.3199956830924
2007,3310,1283.0392087146358
2007,3159,1210.9449972573589
2007,3299,1449.8776782089476
2007,3391,1086.0839353157928
2007,3336,1619.5441232097764
2007,3180,1468.8307898633293
2007,3280,1557.3380785800834
2007,3407,1355.052610126341
2007,3279,1685.6917305872314
2007,3368,1234.9913731505856
2007,3278,1548.0123171502307
2007,3320,1594.5003484081515
2007,3275,1338.9969448032534
2007,3156,1287.2927083027278
2007,3274,1333.5378217012942
2007,3209,1403.957197140887
2007,3307,1886.8831169591458
2007,3194,1326.5106744154307
2007,3344,1312.9025919931846
2007,3264,1389.8027478849306
2007,3349,1689.6354494556683
2007,3284,1465.5412224854422
2007,3269,1535.6328521625303
2007,3436,1455.085536315643
2007,3459,1448.522777643221
2007,3205,1438.3516172374016
2007,3458,1552.8067936961738
2007,3102,1299.7449490404717
2007,3457,1245.538679019194
2007,3272,1153.8812271341117
2007,3438,1631.7957239193745
2007,3348,1252.3901620178528
2007,3425,1679.9947102478864
2007,3253,1394.0399620777462
2007,3419,1282.0296723554904
2007,3270,1091.1538075912156
2007,3347,1583.7634692309841
2007,3439,1622.908981886394
2007,3408,1767.6658029633006
2007,3372,1601.9838146583857
2007,3401,1928.513733386733
2007,3337,1496.0324068510447
2007,3389,1320.0090743676653
2007,3254,1582.8940331069396
2007,3387,1510.8893996426675
2007,3103,1346.2783541293006
2007,3378,1729.6335327916738
2007,3454,1504.7270838073991
2007,3364,1583.2565024743776
2007,3340,1401.1093198348644
2007,3360,1506.791570546079
2007,3169,1398.0500819869867
2007,3403,1492.6592117223254
2007,3427,1552.5485361400213
2007,3268,1889.7635767747354
2007,3292,2076.6970361516787
2007,3433,1604.736606948757
2007,3148,1211.4977512230632
2007,3257,1806.5998965361864
2007,3173,1515.0569465255421
2007,3104,1299.6294568369651
2007,3359,1539.9191547045987
2007,3110,1358.4852820085944
2007,3200,1182.3757376825524
2007,3113,1942.936883093425
2007,3304,1671.3246923754225
2007,3116,1474.3392935906538
2007,3155,1440.9011051639313
2007,3120,1665.3183755693385
2007,3441,1798.0762079704425
2007,3124,1831.4638843490025
2007,3317,1479.5659570808693
2007,3128,1188.1997865876044
2007,3379,1490.746778334441
2007,3265,1858.040408676199
2007,3392,1670.8790482747281
2007,3132,1972.0228596613915
2007,3178,1108.63661807705
2007,3137,1511.457340077269
2007,3214,1432.749770499242
2007,3140,1720.134379531283
2007,3226,1713.1705597292796
2007,3145,1444.6529126784508
2007,3138,1456.1914174917933
2007,3150,1554.8297613262723
2007,3117,1635.9838382072749
2007,3151,1910.5004751319736
2007,3122,1294.7300851571895
2007,3153,1507.5359359526028
2007,3464,1232.8410835868542
2007,3129,1706.2099490455143
2007,3413,1395.9772289587645
2007,3160,1596.9214685501847
2007,3362,1369.0245558033014
2007,3158,1174.945658512081
2007,3354,1146.9712237292008
2007,3246,1620.9191971699577
2007,3450,1146.3004182864847
2007,3243,1430.4168870660112
2007,3453,1920.9309490210132
2007,3240,1138.6770850253881
2007,3244,1305.0621908281141
2007,3238,1561.2301811111936
2007,3322,1238.9570619825056
2007,3231,1590.9338029637145
2007,3448,1231.552366225673
2007,3221,1490.66793198236
2007,3463,1309.9402980523782
2007,3247,1512.087140445621
2007,3107,1283.2377031893093
2007,3216,1777.027514011018
2007,3171,1499.9937013913116
2007,3211,1834.1805335075223
2007,3428,1604.4444435634798
2007,3210,1743.8814742632303
2007,3273,1161.7907560342414
2007,3203,1925.6307011662254
2007,3420,1624.7267059945045
2007,3196,1514.6224779271856
2007,3316,1212.772358035145
2007,3162,1279.7032162932248
2007,3259,1560.2410487370396
2007,3220,1783.1115922742508
2007,3455,1220.0498382975184
2007,3296,1595.7858127418692
2007,3229,1569.1087214121567
2007,3305,1446.219908443735
2007,3142,1491.1274768652017
2007,3331,1643.6263703331874
2007,3295,1541.8112423424354
2007,3333,1318.910324907117
2007,3381,1181.7894057240408
2007,3343,1411.5643816257084
2007,3447,1001.8415791281556
2007,3350,1477.9211444556413
2007,3193,1410.52902592063
2007,3358,1111.7423986832137
2007,3411,1182.9233626603937
2007,3404,1521.1228771590002
2007,3146,1438.9207453405397
2007,3384,1201.7120870488973
2007,3271,1188.7621978807035
2007,3406,1433.9949601190833
2007,3207,1411.1248415002487
2007,3409,1435.4119536347314
2007,3369,1782.2783568118862
2007,3410,1289.8234289231593
2007,3147,1074.0302481580247
2007,3426,1867.1864569926652
2007,3319,1620.6479561615884
2007,3443,1685.6376396113508
2007,3256,1572.0839267433037
2007,3382,1481.9526680934596
2007,3373,1472.045598494663
2007,3282,1327.2646465572907
2007,3294,1107.9004707358138
2007,3263,1387.1689083619065
2007,3456,1635.3727030553343
2007,3276,1306.3232125682666
2007,3115,1454.946091549134
2007,3114,1658.8373629326784
2007,3166,1517.5773180555689
2007,3133,1413.7308900357302
2007,3152,1162.3345378706158
2007,3168,1491.214730742976
2007,3363,1243.420463323559
2007,3175,1672.583079304299
2007,3181,2121.4105320033054
2007,3318,1258.3908875720072
2007,3111,1390.8970323385206
2007,3416,1253.221710553442
2007,3191,1580.0685463817692
2007,3287,1354.4782934488999
2007,3227,1515.1176337864888
2007,3444,1525.8396497601334
2007,3234,1508.488131952207
2007,3283,1209.1970541288313
2007,3236,1246.1460999455837
2007,3405,1511.1131407982323
2007,3242,1602.6333616558468
2007,3371,1653.849894938603
2007,3189,1196.9633769577026
2007,3144,1225.713100768644
2007,3251,1487.549150656774
2007,3313,1179.1256153720008
2007,3365,1280.8450381049543
2007,3352,1803.1666755339133
2007,3351,1093.2616530902524
2007,3424,1611.6069468287478
2007,3339,1259.0235162260708
2007,3334,1107.5641503080378
2007,3393,1363.3104755671554
2007,3328,2020.4290162827647
2007,3177,1733.6791417641516
2007,3326,1926.8968106621248
2007,3119,1545.136116171527
2007,3135,1181.911872733163
2007,3374,1620.9282500081358
2007,3418,1844.328046830362
2007,3402,1461.7503226942695
2007,3383,1471.118037495837
2007,3248,1181.0154261158618
2007,3386,1728.4084655666807
2007,3397,2056.767669294398
2007,3400,1627.4978569110117
2007,3417,1463.9469537332893
2007,3422,1625.967239706414
2007,3423,1309.163235922151
2007,3435,2060.210240485931
2007,3224,1365.9465320910651
2007,3461,1712.075922962742
2007,3462,1911.7712931106546
2007,3260,1144.51493488039
2007,3376,1754.269200364291
2007,3445,1296.5727367392813
2007,3330,2040.571480134435
2007,3308,1458.5824669919318
2007,3249,1327.6489739319472
2007,3130,1402.4673047468884
2007,3357,1720.8021034994467
2007,3143,1761.4533523315988
2007,3388,1506.9807260186858
2007,3172,1649.1595346937563
2007,3421,1664.082754869383
2007,3174,1883.4161269313036
2007,3437,1316.4311067733383
2007,3199,1731.5906416515043
2007,3412,1686.352444603131
2007,3164,1717.9249565115706
2007,3204,1560.3607163715935
2007,3208,1920.7504296924933
2007,3353,2062.3089423038637
2007,3179,1597.4404152887516
2007,3442,1218.6838937126004
2007,3228,1596.7194845025886
2007,3139,1616.0452734780345
2007,3281,1530.9639810716926
2007,3356,1726.6414591918679
2007,3206,1237.3288211091653
2007,3267,1357.3886760278424
2007,3261,1909.360790625628
2007,3452,1805.380794255679
2007,3255,1140.4360258234547
2007,3250,1359.7127343278314
2007,3241,1923.5730179455215
2007,3187,1860.2718597671067
2007,3288,1569.844899917204
2007,3312,1066.4566190733972
2007,3355,1789.3743216617663
2007,3192,1393.5037324263005
2007,3163,2065.759828523701
2007,3123,1801.199161449643
2007,3161,1275.1007237027902
2007,3186,1282.9173218437556
2007,3414,1116.4872488959036
2007,3201,1565.2430045699307
2007,3239,1600.8077443830591
2007,3149,1187.598858976068
2007,3225,1182.9681185689437
2007,3394,1466.9407271527064
2007,3361,1397.81281001312
2007,3309,1292.9594589298063
2007,3346,1426.9385971347283
2007,3430,1419.6427331887674
2007,3429,1329.2163871378282
2007,3306,1217.4015323313026
2007,3127,1482.002332108769
2007,3266,1841.8726368537061
2007,3449,1648.7436953448303
2007,3222,1388.227556294336
2007,3112,1461.7157808602806
2007,3311,1236.5995952502783
2007,3131,1439.7726649145231
2007,3183,1316.5304009222743
2007,3182,1178.9856097516983
2007,3237,1420.1609422494214
2007,3108,1325.839183579028
2007,3324,1575.7624662177325
2007,3165,1366.9272129235767
2007,3398,1157.9758017683087
2007,3235,1928.8000499885395
2007,3232,1645.9985190604677
2007,3106,1334.0619802913272
2007,3291,1456.1924489162186
2007,3335,1426.0778743151088
2007,3170,1007.6690075305836
2007,3157,1532.1470928703832
2007,3126,1024.8985701968777
2007,3105,1309.6138323473106
2007,3293,1610.438012298167
2007,3366,1285.4707371846512
2007,3245,1603.5220441169638
2007,3332,1620.476618762523
2007,3338,1759.9624842400274
2007,3184,1376.557848657699
2007,3396,1820.9424616003257
2007,3451,1481.5393745770052
2007,3431,1550.343886674591
2007,3375,1539.8479611433188
2007,3212,1262.7836999880572
2007,3217,1694.5986385201968
2007,3185,1652.917892734234
2007,3252,1131.3933868964482
2007,3399,1434.421496415914
2007,3198,1523.4434821643752
2007,3197,1405.1473197918785
2007,3286,1408.725470609019
2007,3277,1839.0894978261158
2007,3395,1674.403740863144
2007,3380,1186.0688962098159
2007,3218,1525.9679706900918
2007,3460,1422.2481556957623
2007,3176,1748.8158727024977
2007,3285,1785.6495569438343
2007,3202,1414.855402958824
2007,3341,1677.0274858242012
2007,3290,1127.7268214334238
2008,3110,1616.0930091025582
2008,3255,1483.3791372970554
2008,3382,1479.9918985210466
2008,3137,1661.3514738112433
2008,3379,1624.3866115483218
2008,3358,971.9140380549455
2008,3376,1563.0052808862229
2008,3384,1026.4981909652347
2008,3371,1421.7752178433889
2008,3264,1431.8784811757496
2008,3355,1790.3533998396183
2008,3117,1691.395326646009
2008,3351,1289.7961250563103
2008,3284,1433.2572601225024
2008,3349,1573.8823695973754
2008,3298,1223.3697129531513
2008,3348,1486.2542078497452
2008,3357,1520.6854581755704
2008,3388,1550.1828209673781
2008,3341,1552.432879403364
2008,3344,1384.02747258531
2008,3135,985.6749469996743
2008,3338,1818.858270934735
2008,3150,1598.223959421286
2008,3337,1525.9502540557883
2008,3169,950.9014438897924
2008,3336,1293.439601013943
2008,3112,1322.1828610054417
2008,3335,1244.4400779241105
2008,3189,1437.4423461872618
2008,3334,1409.735895845118
2008,3429,1319.0037983117209
2008,3329,1899.548258923894
2008,3102,1367.96055362942
2008,3324,1524.0989795866399
2008,3162,1254.5618415100314
2008,3323,1789.806063641816
2008,3275,1745.479806526028
2008,3339,1397.403407061424
2008,3450,1241.8662243469726
2008,3389,1599.0236105629756
2008,3192,1387.491966261666
2008,3390,2060.319495530512
2008,3463,1333.6166154649654
2008,3392,1206.5140660239665
2008,3233,1564.499690332927
2008,3461,1676.886620213905
2008,3226,1593.9272125292662
2008,3458,1658.3172541028482
2008,3156,1661.241519308308
2008,3457,1538.87424070597
2008,3317,1371.3317428768682
2008,3456,1474.072613003316
2008,3144,1286.3845308068483
2008,3454,1562.7827916546426
2008,3152,1547.2520131103424
2008,3453,1817.4737825998616
2008,3179,1720.2332834384226
2008,3452,1827.0933366202898
2008,3145,1438.6638666126803
2008,3443,1873.4046301682615
2008,3190,1740.401129229199
2008,3441,1755.6905033337573
2008,3178,1273.7975440685254
2008,3437,1527.428486348278
2008,3247,1409.2901422040088
2008,3433,1779.3806757857258
2008,3148,1114.3032881947029
2008,3424,1231.8316925080153
2008,3253,1313.558257003497
2008,3423,1430.6431442796365
2008,3342,1056.0001760005775
2008,3419,1420.704994657466
2008,3270,1361.7493379131902
2008,3406,1664.426214923622
2008,3291,1200.282099283201
2008,3404,1055.8720290072695
2008,3252,1385.710548660301
2008,3403,1566.05231767688
2008,3416,1326.3969152118245
2008,3401,2067.2319517182113
2008,3374,1815.7410813375918
2008,3395,1739.877223122107
2008,3347,1687.514194861994
2008,3321,1279.075688603066
2008,3173,1752.3527509371088
2008,3320,1482.1154273503305
2008,3161,1242.6470205882054
2008,3435,1885.042697933225
2008,3412,1458.3925716638744
2008,3318,1577.2156045583586
2008,3164,1802.2367747413339
2008,3214,1540.7310353601442
2008,3207,1597.6773864121105
2008,3210,1666.925071378954
2008,3172,1553.9137881961794
2008,3208,1718.2852086893508
2008,3350,1544.1833731834943
2008,3203,1826.3953376076201
2008,3420,1280.3778278263624
2008,3199,1630.3153515524918
2008,3195,1750.95389714923
2008,3197,1257.5064853339084
2008,3209,1307.6461033490014
2008,3191,1622.3057688569686
2008,3267,1528.5407897972173
2008,3174,1215.8497331234767
2008,3175,1601.5220567869353
2008,3167,1330.1717412943424
2008,3360,1746.611818073635
2008,3155,1597.9171030777752
2008,3263,1119.9092469520713
2008,3151,1970.7536293609112
2008,3122,1120.633149000435
2008,3141,1173.5822437268823
2008,3227,1270.4910634088742
2008,3140,1398.4666919278586
2008,3364,1751.6058327810651
2008,3132,1693.5112592519295
2008,3434,1482.1289103551862
2008,3130,1663.3964126809128
2008,3460,1594.486038788094
2008,3129,1774.0400070599424
2008,3258,1418.5065841306644
2008,3125,1293.9076574181315
2008,3394,1373.4807225934128
2008,3124,1795.6156812061274
2008,3224,1097.3787754095429
2008,3319,1344.9537450487849
2008,3426,1601.564333731838
2008,3222,1437.8373087359791
2008,3411,1186.9084039512445
2008,3228,1745.8725363401593
2008,3183,1642.4760464193037
2008,3196,1656.6891268087218
2008,3462,1946.9204605724838
2008,3239,1542.080410070545
2008,3204,1530.9986762793003
2008,3308,1658.8216035224502
2008,3414,1092.7633177506225
2008,3307,1720.920167342429
2008,3444,1374.898889275114
2008,3231,1601.7795908676862
2008,3107,1531.9038899678878
2008,3304,1633.964539306239
2008,3431,1909.0346940706136
2008,3299,1680.3921409221125
2008,3391,1404.6110277895407
2008,3296,1306.2022930093556
2008,3133,1436.2730056374692
2008,3286,1654.4910130553458
2008,3225,1148.32923006368
2008,3282,1241.1663069940887
2008,3146,1151.7665343485032
2008,3281,1497.6868786140355
2008,3293,1785.2500629759065
2008,3280,1517.1933346688697
2008,3368,1265.9849763094064
2008,3305,1408.8777086127047
2008,3365,1533.3650511796257
2008,3259,1402.0475363585545
2008,3180,1640.6445840459621
2008,3277,1722.5971459942573
2008,3237,1519.652864171078
2008,3274,1321.4694031574788
2008,3194,1247.7097037239982
2008,3273,1053.3650785098785
2008,3354,1310.2268678659143
2008,3269,1482.6471931048852
2008,3436,1669.5219399086193
2008,3268,2011.0410081569241
2008,3343,1163.4933751252713
2008,3261,2004.2791983266793
2008,3359,1628.2650740659865
2008,3278,1682.2026134094144
2008,3415,1395.1305904299563
2008,3244,1550.5281761026954
2008,3240,1278.2100075589601
2008,3369,1645.5573718253563
2008,3409,1389.1404692400793
2008,3340,1598.826286950954
2008,3127,1372.7204453953711
2008,3386,1625.6417771027225
2008,3250,1478.7006556954893
2008,3430,1258.9725789687668
2008,3168,1328.9498028103792
2008,3405,1485.6749490714512
2008,3236,1341.9775422273642
2008,3408,1462.128206619793
2008,3104,1320.3165747908731
2008,3438,1879.9281707646426
2008,3447,1251.1436634610563
2008,3333,1394.3997825038512
2008,3142,1376.3714833505041
2008,3399,1279.2279581576079
2008,3272,1373.0851077314705
2008,3332,1508.4182348560998
2008,3363,1108.8144897496043
2008,3254,1662.338024473604
2008,3165,1597.2848776626956
2008,3310,1373.1669623194794
2008,3159,974.2601300363789
2008,3330,1951.9665369370023
2008,3292,1762.4691253774654
2008,3131,1660.8854366116152
2008,3373,1463.7729810787068
2008,3139,1569.7662813075242
2008,3325,1654.278011327933
2008,3143,1835.5547634458005
2008,3201,1825.677828941147
2008,3166,1636.3120506694756
2008,3114,1735.697092929708
2008,3177,1759.0592691520214
2008,3356,1382.8335449780752
2008,3241,1733.8117797338616
2008,3217,1486.6209821155942
2008,3243,1768.9374346336244
2008,3449,1575.60787364141
2008,3246,1718.0377350224462
2008,3367,1076.6742136663022
2008,3257,1966.6538457358984
2008,3123,1508.7887946362948
2008,3276,1575.9656217511729
2008,3103,1159.1715559980366
2008,3288,1451.9347494530475
2008,3271,1427.3102652861278
2008,3182,1528.7016490055194
2008,3287,1426.7137028133052
2008,3346,1674.8213098103329
2008,3295,1641.3887573617992
2008,3314,2143.814161325956
2008,3113,1774.8214096710788
2008,3309,1306.701830228247
2008,3372,1455.6875235053942
2008,3279,1604.5136861254562
2008,3361,1624.401006414746
2008,3326,1713.0278891252979
2008,3265,1956.1795175698755
2008,3425,1482.6977302014704
2008,3245,1329.8175446136254
2008,3383,1293.0541943221672
2008,3312,1401.308468897068
2008,3353,1952.9258818261667
2008,3397,2153.934325064725
2008,3400,1817.4935130383424
2008,3283,1505.3942803069904
2008,3413,1570.6965744812962
2008,3170,1186.145984277469
2008,3427,1658.9152318514298
2008,3202,1296.7781682776713
2008,3221,1575.1958303377482
2008,3439,1466.6318233435666
2008,3219,1524.1263099554612
2008,3301,1623.6540992562495
2008,3422,1243.0057151114029
2008,3375,1542.9156961789831
2008,3294,1393.2903608570589
2008,3362,1363.1074345334218
2008,3147,1063.3693557472943
2008,3116,1394.3518204948712
2008,3120,1632.7926685441341
2008,3285,1760.416439557968
2008,3138,1409.1378896396116
2008,3464,1397.5752254698132
2008,3157,1399.6326626225805
2008,3459,1198.269901848829
2008,3163,2206.163124629107
2008,3181,1942.624363900562
2008,3176,1351.9911990874198
2008,3187,1400.2264883755768
2008,3206,1258.1978156551618
2008,3387,1401.1409227348265
2008,3316,1369.8711036574164
2008,3418,1345.9785466328494
2008,3328,1784.4057423452778
2008,3200,1000.0510543704161
2008,3220,1206.4075258874254
2008,3235,1758.3347757516703
2008,3234,1779.1093061640338
2008,3171,1547.4121466900365
2008,3232,1528.0490110202647
2008,3115,1417.979064325387
2008,3229,1761.7099860045678
2008,3242,1535.0136532934841
2008,3216,1826.7174962360953
2008,3249,1485.7091825413431
2008,3455,1266.957151071174
2008,3396,1824.414835573016
2008,3345,1804.7312339760438
2008,3266,1627.0073204232092
2008,3260,1349.6004974972343
2008,3381,1128.268636365197
2008,3211,1809.4227970730533
2008,3352,1846.1427510622095
2008,3248,1303.9814616831611
2008,3331,1583.8571275553782
2008,3212,1039.697525226465
2008,3385,1686.39184023347
2008,3119,1417.9226061236354
2008,3448,1408.6307157385252
2008,3322,1379.839534067938
2008,3380,1343.8076542116078
2008,3378,1709.3972194639769
2008,3126,1120.464040599028
2008,3306,1189.6721367379866
2008,3205,1323.0441850972206
2008,3111,1218.8795023693845
2008,3153,1481.9653389328191
2008,3251,1886.4296138638417
2008,3398,1348.065097849692
2008,3417,1591.5377314295827
2008,3445,1047.9944571298156
2008,3238,1593.5446206236543
2008,3407,1426.0615255246357
2008,3158,1514.6859551987147
2008,3193,1618.852932823394
2008,3105,1464.9104920685547
2008,3185,1551.6446486241907
2008,3428,1902.9833968523324
2008,3186,1080.3175724607615
2008,3442,1378.0502914518875
2008,3410,1214.324959630556
2008,3198,1434.2701448641137
2008,3451,1372.5028034991474
2008,3313,1062.984327692189
2008,3402,1584.0791188075837
2008,3149,1244.1998293320025
2008,3160,1567.8309216957805
2008,3421,1355.3093148345858
2008,3218,1384.0358228808961
2008,3106,1404.2958306350652
2008,3393,1736.0716326665263
2008,3311,1136.3595917048185
2008,3256,1517.7818790138992
2008,3366,1387.6354563815105
2008,3108,1389.4906962420373
2008,3184,1317.985854171642
2008,3290,1362.7441896406986
2009,3104,1426.5409539068976
2009,3147,1071.0168679026358
2009,3379,1592.1982596516639
2009,3358,1357.1273775190189
2009,3375,1599.5093694841191
2009,3311,1108.4357528175121
2009,3372,1466.7685838666725
2009,3341,1731.728372080117
2009,3371,1566.5922412527395
2009,3351,1324.5879401447646
2009,3369,1370.8056388112013
2009,3283,1383.811456168662
2009,3361,1809.282488413404
2009,3322,1489.1524648541367
2009,3359,1619.2212807623287
2009,3240,1208.5360408482022
2009,3356,1343.995334011587
2009,3387,1502.9219589074805
2009,3355,1944.8787242256135
2009,3281,1505.3382666473058
2009,3353,1774.2866571234447
2009,3386,1470.8706289996726
2009,3382,1673.0326453257883
2009,3127,1427.3671268573673
2009,3350,1741.3997244539257
2009,3244,1511.6445674987222
2009,3346,1472.2287283788867
2009,3392,1107.272703521201
2009,3344,1446.265280453115
2009,3135,1057.0714345638069
2009,3343,1550.5871648351936
2009,3200,1243.1913374000706
2009,3340,1657.093209381891
2009,3140,1451.5861888116724
2009,3339,1568.925547545785
2009,3429,1496.8880632649066
2009,3337,1552.2897493386106
2009,3142,1630.9523723033883
2009,3326,1984.5116173019537
2009,3139,1595.273983824579
2009,3325,1465.9525771140986
2009,3298,1515.6868625369082
2009,3324,1797.468436481798
2009,3162,1328.4004014421043
2009,3320,1526.2159792112618
2009,3295,1576.4175525945968
2009,3349,1226.520302096877
2009,3169,1306.9842857239169
2009,3385,1568.328343100309
2009,3318,1477.5711961398408
2009,3390,2039.2267224881614
2009,3278,1597.2993557246748
2009,3393,1507.419558019283
2009,3373,1360.5452097581826
2009,3462,1821.7508795806489
2009,3352,1266.0514131725145
2009,3461,1523.4319304895703
2009,3176,1492.3980481883432
2009,3453,1947.096146264711
2009,3198,1239.2423573049539
2009,3452,1625.4798015931353
2009,3300,1422.4144788204237
2009,3447,1097.1768750749018
2009,3119,1614.863774835651
2009,3443,1475.2737773771362
2009,3293,1653.9181574686309
2009,3439,1439.4207573003487
2009,3422,1376.7162189569688
2009,3438,1794.964918888351
2009,3219,1388.0911751847577
2009,3436,1746.20832198714
2009,3269,1432.2243858752204
2009,3435,1957.5264781954488
2009,3394,1358.2206221139738
2009,3433,1809.166642290416
2009,3251,1761.5194278056183
2009,3426,1711.9051716059416
2009,3374,1684.2310231622553
2009,3424,1570.995179683924
2009,3170,1294.2518391539218
2009,3423,1543.4390726954382
2009,3255,1162.5835129871593
2009,3413,1317.5228137114718
2009,3381,1194.3685033116692
2009,3411,1272.969001039129
2009,3418,1056.7741139610862
2009,3408,1510.633582807735
2009,3229,1684.5909020072822
2009,3405,1624.6852776790388
2009,3112,1450.1518700873464
2009,3403,1593.7798246869675
2009,3225,1418.9424441301144
2009,3401,1956.658320379671
2009,3273,1536.7836423463884
2009,3398,1547.3914551606974
2009,3238,1224.5095274695034
2009,3396,1856.0006645021838
2009,3132,1838.7319758913213
2009,3395,1708.0298184411376
2009,3268,2148.5977315061923
2009,3315,1487.2010606463496
2009,3185,1369.157258123497
2009,3314,1895.3552442299715
2009,3441,1807.3438830298385
2009,3412,1278.1048619142698
2009,3391,1159.2684547857143
2009,3308,1247.747419017781
2009,3414,1196.588993210866
2009,3189,1199.254588366583
2009,3445,1235.3773393362
2009,3187,1526.2027224150952
2009,3214,1500.6509393544738
2009,3183,1646.6573460450213
2009,3275,1485.001745955822
2009,3182,1726.056445692327
2009,3287,1366.9517732106867
2009,3181,2014.7443800508433
2009,3329,1576.021654181577
2009,3179,1652.3377125756067
2009,3402,1333.8638209392248
2009,3153,1477.3037035218501
2009,3178,1448.1704091528982
2009,3152,1467.3893718489596
2009,3321,1349.268395518602
2009,3145,1732.4793092234643
2009,3138,1395.8919830073605
2009,3143,1727.9501469912595
2009,3107,1218.187562499696
2009,3193,1516.9101110128975
2009,3421,1236.541689070006
2009,3137,1560.7852419956937
2009,3206,1219.9383535237428
2009,3131,1755.847943874338
2009,3348,1319.3129555349462
2009,3130,1705.863005269458
2009,3384,1548.465320385128
2009,3126,1232.6391002900396
2009,3316,1375.4376396195653
2009,3124,2044.3861179388464
2009,3194,1443.9401466259135
2009,3120,1951.4783450550126
2009,3105,1200.2272566757392
2009,3117,1532.5142069029737
2009,3166,1732.6550754157524
2009,3115,1355.6541441187655
2009,3410,1239.3538663561476
2009,3113,1817.568980200038
2009,3156,1512.321761314593
2009,3110,1449.7763099690073
2009,3312,1251.3474189555227
2009,3309,1444.2624587898526
2009,3270,1350.776073876688
2009,3136,1389.137895472672
2009,3306,1249.862426759527
2009,3195,1872.9446671407825
2009,3196,1672.4678721486794
2009,3168,1315.1580370247166
2009,3365,1212.9711965357342
2009,3202,1220.230570870095
2009,3155,1541.1205176165668
2009,3305,1532.577099711605
2009,3186,1176.696853179128
2009,3304,1639.1575047443353
2009,3451,1309.3559555173586
2009,3294,1189.7409509287982
2009,3102,1091.4548702107152
2009,3291,1443.3311886135698
2009,3159,1165.1282914352832
2009,3201,1739.4111916575164
2009,3167,1689.8800248607163
2009,3286,1438.1159853688243
2009,3430,1580.591022405587
2009,3277,1679.4715245671416
2009,3310,1159.519054835335
2009,3274,1466.1352505748448
2009,3313,949.4448657776509
2009,3272,1409.793205915294
2009,3319,1222.7546765880695
2009,3267,1535.126859739156
2009,3111,1353.8322035949354
2009,3264,1339.1364295700996
2009,3383,1052.4838258553075
2009,3258,1440.6295331419658
2009,3218,1285.1275847353284
2009,3288,1342.4440644937083
2009,3456,1450.965416496468
2009,3250,1808.1272456218371
2009,3335,1364.782021193832
2009,3210,1728.769788631513
2009,3407,1570.6534227999716
2009,3256,1624.9461926253405
2009,3146,1107.647726616617
2009,3222,1596.2480642231226
2009,3368,1522.6422924457236
2009,3231,1619.8138700405364
2009,3123,1923.6543500794135
2009,3233,1590.7747724669991
2009,3220,1421.1648363334705
2009,3228,1565.7427981992414
2009,3236,1433.5009966970028
2009,3242,1764.737759811026
2009,3357,1864.4489736971748
2009,3243,1738.066771294287
2009,3431,1593.3716657194173
2009,3247,1243.6076024923434
2009,3437,1824.6249284797495
2009,3237,1512.8564887256878
2009,3296,1492.6482934537148
2009,3330,1588.0608063087486
2009,3388,1424.0511869808615
2009,3284,1617.131842733329
2009,3389,1535.7853596118186
2009,3292,1900.6268071834354
2009,3248,1357.2157600857784
2009,3301,1583.2556895047392
2009,3454,1543.2960827366696
2009,3307,1614.3529843225892
2009,3108,1143.0904676930356
2009,3328,1999.0349246464743
2009,3415,1620.7656387021927
2009,3332,1276.4801314449378
2009,3363,997.3817639730448
2009,3378,1788.9999959380793
2009,3148,1409.1420263925345
2009,3397,1815.005296020674
2009,3362,1247.550961291496
2009,3400,1695.1861323599
2009,3173,1681.4279156782059
2009,3455,1415.8278123775365
2009,3161,1403.8530442086892
2009,3279,1633.1367076969116
2009,3299,1774.5348712845166
2009,3463,1269.9640883793793
2009,3221,1511.3108716922804
2009,3367,1420.906252836635
2009,3342,1005.9994805707223
2009,3276,1330.1341711339464
2009,3246,1557.2140934295207
2009,3216,1605.4914081610461
2009,3171,1677.889752528467
2009,3259,1204.0843594002267
2009,3217,1607.1511643647573
2009,3116,1658.963308657231
2009,3419,1435.771867513729
2009,3122,1597.6125961251857
2009,3252,1260.1345907169766
2009,3133,1552.3664124009051
2009,3260,1235.8965289989878
2009,3266,1541.225396776499
2009,3331,1311.5669452970176
2009,3150,1881.6504528939165
2009,3425,1693.526491744025
2009,3172,1440.6016954721297
2009,3457,1472.7981367192617
2009,3177,1784.9681968220073
2009,3226,1365.3150196986167
2009,3141,1620.610240567688
2009,3232,1446.2468851323242
2009,3203,1580.1875924857425
2009,3420,1222.5522046832568
2009,3208,1709.33380993792
2009,3106,1332.9045804659377
2009,3205,1431.5319330278135
2009,3241,1789.2602781580204
2009,3347,1343.1723386479337
2009,3245,1483.1287228265944
2009,3464,1110.4361491857323
2009,3257,2063.7070947960606
2009,3399,1372.759145379212
2009,3191,1640.8036851322288
2009,3190,1712.9344564665275
2009,3253,1271.4321578060067
2009,3345,1794.4573256196245
2009,3336,1480.9437543989113
2009,3376,1393.763834592177
2009,3323,1804.9195653182062
2009,3261,1851.186614918077
2009,3364,1730.7251233133018
2009,3360,1618.3433096851843
2009,3333,1684.5160186849052
2009,3450,1314.9881588557828
2009,3224,1374.0288595378008
2009,3417,1666.70894900132
2009,3409,1240.1100003394888
2009,3338,1934.563237381563
2009,3427,1845.2369581321982
2009,3271,1535.8914084167739
2009,3444,1255.7650532750715
2009,3160,1407.7268130936225
2009,3416,1743.638345611033
2009,3285,1828.767011386085
2009,3174,1483.9778939524206
2009,3163,2213.9670652471827
2009,3129,1337.4383723354965
2009,3263,1116.5426239092021
2009,3125,1456.403675226702
2009,3114,1763.2239507131012
2009,3180,1961.2236930364675
2009,3165,1337.435392061885
2009,3199,1903.6139635753575
2009,3184,1099.4792738648514
2009,3175,1401.1882359110002
2009,3265,1898.1997874453505
2009,3254,1202.0466273919524
2009,3234,1810.9367123411869
2009,3211,1808.342033683005
2009,3449,1387.3714315474094
2009,3207,1563.63804666314
2009,3235,1860.073920375862
2009,3282,1274.904913435602
2009,3458,1618.3418284366792
2009,3223,1239.2556732007379
2009,3404,928.2528675769179
2009,3448,1607.9608131819396
2009,3317,1391.6264987283039
2009,3428,1829.1284939577315
2009,3103,1395.0011144651428
2009,3151,1638.6550590920367
2009,3158,1719.6502945266682
2009,3149,1334.7800835159794
2009,3192,1278.3212599929159
2009,3157,1338.0475231410826
2009,3144,1303.3319536710658
2009,3197,1360.214880264251
2009,3366,1196.0036897567993
2009,3164,1535.0080141458582
2009,3204,1308.7786032537156
2009,3239,1582.9239839661482
2009,3380,1424.0419316422717
2009,3334,1248.5225382863964
2009,3442,1256.6324395400816
2009,3354,1044.0281859990569
2009,3280,1737.3348994195396
2009,3188,1162.7604937732817
2009,3406,1520.191849587301
2009,3434,1498.5494714812648
2009,3459,1120.720877148522
2009,3249,1516.9665001692636
2009,3212,1108.8530590639248
2009,3227,1316.9916769777428
2009,3290,1391.429221076731
2009,3209,1310.0339653032495
2009,3460,1564.163264749888
2010,3103,1618.8823985154413
2010,3237,1026.762158379009
2010,3361,1850.256474522394
2010,3414,1219.0782817862168
2010,3359,1665.260683724972
2010,3240,1287.2767468038558
2010,3355,1676.610231093403
2010,3211,1954.2471966834717
2010,3350,1597.6488640232083
2010,3441,1302.0487927969905
2010,3344,1578.5325562340215
2010,3135,1300.1782401929731
2010,3343,1936.251700783719
2010,3392,1480.946442922011
2010,3337,1712.446945435138
2010,3319,1115.3632899513175
2010,3336,1537.5111292972138
2010,3180,1447.54142769601
2010,3333,1403.5209589142466
2010,3142,1422.2494909424531
2010,3331,1612.9915863027022
2010,3410,1273.437433198247
2010,3371,1317.8947237532338
2010,3351,1140.8670006147725
2010,3329,1835.600651759828
2010,3114,1822.5570767331185
2010,3326,1989.996859050037
2010,3183,1626.178202177117
2010,3321,1552.515135167239
2010,3405,1703.1420316423087
2010,3314,1637.1774424447094
2010,3158,1499.3551705111618
2010,3308,1474.4878666181812
2010,3169,1048.0668238685878
2010,3307,1625.2571789048898
2010,3294,1402.1412699928862
2010,3306,1240.2987571935878
2010,3386,1591.3292110014293
2010,3304,2075.2212049933287
2010,3172,1400.3739117727014
2010,3301,1822.5257235704305
2010,3198,1474.5159450586598
2010,3298,1479.484496331471
2010,3219,1476.546696155356
2010,3296,1262.4808180746652
2010,3133,1607.7144337339341
2010,3328,1932.3961704221776
2010,3273,1329.5470603054816
2010,3295,1419.3690467856818
2010,3320,1792.8672549167336
2010,3374,1623.9333607767096
2010,3258,1389.9759879599685
2010,3387,1427.9376649389358
2010,3356,1257.774228451725
2010,3463,1499.227823354691
2010,3221,1334.8432715727938
2010,3462,2034.2672749136857
2010,3425,1679.4814581083401
2010,3461,1606.7789196788613
2010,3176,1496.8785646813124
2010,3454,1349.0330523211721
2010,3191,1121.837315741712
2010,3453,1731.2709246911445
2010,3315,1529.7979630952825
2010,3452,1972.8639076823783
2010,3406,1572.321370751528
2010,3448,1625.4589845242638
2010,3239,1324.8987367680636
2010,3439,1526.1189205416636
2010,3255,1355.0552768930831
2010,3438,1764.2059058071256
2010,3420,1431.3871167050434
2010,3436,1888.4088732193404
2010,3444,1341.2999398531247
2010,3382,1688.3339122089835
2010,3127,1382.755789162563
2010,3429,1344.075369711993
2010,3428,1773.411835286649
2010,3424,1442.798694667992
2010,3381,1108.9910475274457
2010,3413,1572.2697900146204
2010,3370,1156.027192351562
2010,3412,1687.793672458022
2010,3108,1281.390518847071
2010,3408,1857.9050169443426
2010,3419,1254.1129660055533
2010,3400,1801.1940426897888
2010,3427,1424.823331244134
2010,3394,1617.2663652301267
2010,3102,1072.7290360382879
2010,3393,1750.4273773479654
2010,3192,1270.8407297321828
2010,3390,2090.6636461774165
2010,3330,1701.643068025487
2010,3389,1289.6649340957129
2010,3248,1214.2229173078476
2010,3388,1721.9624353822148
2010,3226,1505.6550890960252
2010,3426,1507.4576884766664
2010,3349,1435.0396663471809
2010,3293,1359.675134385703
2010,3105,1381.0281108073593
2010,3396,1825.555786998791
2010,3228,1684.3967618435347
2010,3282,1467.5863736314434
2010,3179,1442.638059714515
2010,3286,1566.0141036821099
2010,3167,1416.5115741151467
2010,3182,1568.1759653277518
2010,3165,1150.290663258317
2010,3181,1975.828381501808
2010,3223,915.0086641546878
2010,3178,1612.1507688004692
2010,3324,1530.9205407284157
2010,3177,1798.508741340881
2010,3141,1423.805752875183
2010,3173,1796.0765269268595
2010,3277,1881.8686372934528
2010,3168,1402.9577226941299
2010,3363,1231.9976509008154
2010,3166,1688.849306411612
2010,3117,1407.906936047682
2010,3162,1590.9160904981418
2010,3357,1385.1641855529585
2010,3161,1393.0695358470778
2010,3285,1440.4040035834237
2010,3187,1617.4556888531808
2010,3150,1649.0364952443279
2010,3156,1743.7540356921572
2010,3325,1284.3473001848538
2010,3144,1225.0537130613911
2010,3459,1338.7439328699643
2010,3140,1705.2493209435129
2010,3430,1400.7441397924827
2010,3138,1208.3550653893728
2010,3310,1447.7390398382486
2010,3132,1843.773572202292
2010,3152,1260.1118510384174
2010,3125,1410.5150027076877
2010,3146,1543.170459689792
2010,3120,1558.9890774597393
2010,3407,1303.5724208998413
2010,3119,1223.279655834744
2010,3447,1239.0448453749757
2010,3111,1638.707497677567
2010,3267,1337.2784931720496
2010,3110,1705.958746557255
2010,3224,1521.4317006571894
2010,3104,1515.3623033777185
2010,3399,1392.0774064771538
2010,3155,1554.6910726464032
2010,3202,1189.0085043151341
2010,3188,1330.321684897556
2010,3287,1518.1766944296016
2010,3185,1618.2004987831292
2010,3227,1329.9962797274904
2010,3190,1791.9974951429972
2010,3151,1835.8528205711445
2010,3280,1677.1150275945245
2010,3115,1285.45096499658
2010,3279,1625.7855484367428
2010,3368,1293.4901508018818
2010,3276,1672.7160561288688
2010,3123,1480.03422545348
2010,3274,1518.398633980809
2010,3415,1651.3129418793465
2010,3265,1746.9108073221705
2010,3299,1532.4417771155229
2010,3264,1427.3476823477738
2010,3383,1042.7077414293026
2010,3263,1196.5034941842882
2010,3148,1424.8421790323534
2010,3259,1483.2357790554477
2010,3247,1259.2633544472692
2010,3256,1827.6217245575958
2010,3147,979.1678909471111
2010,3189,1312.9553332243534
2010,3464,970.2907532850186
2010,3251,1890.648238160545
2010,3445,928.5964610295259
2010,3250,1857.0978973296176
2010,3252,1090.653277135732
2010,3253,1368.989628990107
2010,3341,1314.0726071090141
2010,3245,1648.651165760485
2010,3352,1722.453169842945
2010,3195,1684.0346478034762
2010,3431,1426.8659272585808
2010,3197,1469.4871342600886
2010,3378,1509.517117741299
2010,3246,1797.8202414049358
2010,3131,1574.032463672712
2010,3200,1156.8524717636972
2010,3107,1401.1980650485339
2010,3201,1887.2111969484502
2010,3364,1544.8252005065729
2010,3199,1929.1142861842102
2010,3316,1443.1031472883976
2010,3210,1758.986780699981
2010,3457,1430.4142102287215
2010,3222,1633.8875738614952
2010,3205,1820.8615170459148
2010,3231,1491.0062870720592
2010,3272,1508.385636948582
2010,3206,1344.5568140990213
2010,3313,998.9968097300952
2010,3268,1671.6475800069845
2010,3300,1368.1679623912626
2010,3275,1353.6136411262814
2010,3137,1099.6266805585199
2010,3291,1334.1851926060642
2010,3145,1349.0922023435708
2010,3309,1437.5859530928665
2010,3270,1131.9227427878754
2010,3340,1581.3420988801076
2010,3449,1431.1623796969975
2010,3372,1589.0550633517526
2010,3317,1355.5304929466593
2010,3443,1748.2121248564442
2010,3184,1240.1704694189364
2010,3403,1533.617829500633
2010,3358,1446.693742931102
2010,3418,1186.9012891923462
2010,3411,1352.4237610268426
2010,3422,1345.834257064805
2010,3288,1479.7989399800297
2010,3266,1576.8773854030246
2010,3384,1735.7897923344665
2010,3379,1394.7073461727064
2010,3375,1379.0910028857231
2010,3238,1274.6521436413375
2010,3398,1261.9278560245652
2010,3207,1872.4783920041434
2010,3283,1549.9430900643954
2010,3234,1847.5341809425972
2010,3365,1262.039029797088
2010,3236,1296.5999456416016
2010,3460,1327.313304042533
2010,3112,1497.6142398569557
2010,3233,1521.6393929242988
2010,3159,1217.9567655485337
2010,3342,1129.5253511732456
2010,3163,2247.584665010512
2010,3318,1498.3932777214861
2010,3171,1342.659014662776
2010,3136,1452.6971395377523
2010,3193,1673.1100813086562
2010,3348,1198.763252579022
2010,3196,1492.4240277203298
2010,3391,1174.1187685674329
2010,3186,1482.3396480396004
2010,3339,1418.8047450500862
2010,3209,1415.350037918457
2010,3244,1378.2922974319483
2010,3216,1877.7715859616758
2010,3346,1372.0428743094114
2010,3217,1729.846290994068
2010,3130,1684.3110223544834
2010,3229,1767.8746512782825
2010,3417,1893.6975250012001
2010,3232,1525.9156654350977
2010,3243,1622.3832447853865
2010,3354,1496.4522884201558
2010,3366,1132.3962737139566
2010,3345,1562.6405654119947
2010,3442,1314.0600465310524
2010,3312,1217.7176074728084
2010,3292,1961.6327469019222
2010,3416,1589.310232746153
2010,3323,1948.0283488109128
2010,3385,1896.0520251675866
2010,3271,1419.8067502430579
2010,3395,1713.8842795712471
2010,3334,1221.5952408576884
2010,3458,1721.7168605446677
2010,3456,1395.9424732699065
2010,3347,1226.9952204813344
2010,3450,1313.702279199328
2010,3435,1774.8004346597515
2010,3423,1496.0316199635886
2010,3401,2055.595792637404
2010,3397,2095.510795457337
2010,3124,1802.6459426842266
2010,3353,1796.0141175777617
2010,3281,1453.7330110832156
2010,3160,1435.7961813101572
2010,3278,1443.221190196153
2010,3249,1711.4128453339274
2010,3335,1092.0984992809206
2010,3170,1511.4384012174594
2010,3153,1478.4511006985636
2010,3122,1612.1083624840323
2010,3143,1710.404203546936
2010,3129,1556.1372522124814
2010,3451,1184.077490258278
2010,3116,1474.5014273764787
2010,3113,1601.6240914266325
2010,3455,1506.064072591713
2010,3373,1376.4510950014865
2010,3208,1654.6324740342848
2010,3261,1720.7294170434398
2010,3257,1541.1080522801522
2010,3254,1667.158121633961
2010,3269,1425.9598252221008
2010,3242,1567.7798006635453
2010,3235,1797.572865313113
2010,3194,1427.5853653711074
2010,3139,1714.4272280576477
2010,3367,1640.922892468333
2010,3369,1053.3581756240992
2010,3376,1562.7603732521216
2010,3437,1512.1336492258424
2010,3332,1420.861222852977
2010,3305,1542.6587061318621
2010,3433,1651.8654847167566
2010,3157,1505.4979836516634
2010,3220,1649.1596904500257
2010,3284,1478.344451694927
2010,3225,1602.8745920201118
2010,3338,1544.0020010452697
2010,3360,1403.5979564161808
2010,3380,1635.7747902254607
2010,3322,1374.3559702466857
2010,3409,1491.4595496549202
2010,3362,1107.472280045391
2010,3402,1196.8078552667782
2010,3421,1252.4181853757973
2010,3174,1659.2626026367707
2010,3212,1341.5670795614765
2010,3218,1312.1977629041216
2010,3203,1259.2389463025136
2010,3175,1193.0364837546676
2010,3311,1024.5960324485552
2010,3434,1279.8295147846834
2010,3126,1474.56849979136
2010,3404,1426.7152727309642
2010,3106,1437.6110056393966
2010,3241,1850.3129176986986
2010,3260,1455.6430668845167
2010,3204,1682.9380425671916
2010,3164,1153.1980276565787
2010,3214,1740.597962155599
2010,3149,1512.7296488095603
2010,3290,1225.2945647221643
2011,3102,1272.0145101090404
2011,3252,1178.3564158769277
2011,3382,1717.8750654507187
2011,3127,1448.148165041827
2011,3379,1310.8509043655904
2011,3270,1840.5118607180605
2011,3378,1472.667147918171
2011,3239,1435.2922783285194
2011,3377,1514.0043330372087
2011,3294,1496.2692667178396
2011,3358,1457.6891968269595
2011,3369,1152.1059969242956
2011,3357,1578.6195683075268
2011,3389,1289.696363867724
2011,3355,1748.231920588613
2011,3430,1310.0795849305487
2011,3350,1615.30423011696
2011,3441,1359.5899938408538
2011,3349,1603.0271620666701
2011,3286,1460.6351451143717
2011,3345,1694.0587202378777
2011,3122,1572.9290312593935
2011,3339,1464.51076531416
2011,3129,1197.5614795739789
2011,3338,1519.5182940763614
2011,3464,1252.6993421765499
2011,3337,1569.4613263759034
2011,3364,1617.5323182676057
2011,3336,1769.5177761264374
2011,3173,1837.4874974383538
2011,3335,1240.9916767716236
2011,3136,1416.8594338590553
2011,3334,1354.292193546986
2011,3170,1113.3431915028357
2011,3331,1594.5786994721589
2011,3426,1203.118093853181
2011,3326,2013.7501982556953
2011,3396,1866.7905788593773
2011,3323,1973.327892005888
2011,3306,1258.050969144214
2011,3320,1969.4355192433864
2011,3161,1354.5709309825788
2011,3317,1111.2615969631142
2011,3372,1402.10800395361
2011,3314,1866.2545627017248
2011,3316,1371.2216063522467
2011,3301,1643.2210699594773
2011,3158,1377.1864422784654
2011,3298,1631.5996948551376
2011,3373,1539.137774848119
2011,3295,1374.7748781450375
2011,3308,1414.2836534781127
2011,3385,1739.0388892941448
2011,3265,1959.572797984763
2011,3386,1718.8979078035354
2011,3344,1527.6262161377438
2011,3388,1704.9797897623944
2011,3450,1412.12198114382
2011,3392,1198.2955881012485
2011,3407,1123.5277597970155
2011,3463,1524.7544586577837
2011,3221,1319.3733948937513
2011,3462,2099.7763228119024
2011,3376,1630.0668232853436
2011,3461,1621.1531282387336
2011,3176,1553.79038063309
2011,3460,1580.3354235801269
2011,3237,1068.8662935903728
2011,3458,1551.5076961864447
2011,3387,1196.921847295051
2011,3452,1678.6727463391092
2011,3259,1688.844754608716
2011,3451,1158.1278705423676
2011,3363,1075.932518928065
2011,3447,1309.3117366582203
2011,3119,1358.6383385327747
2011,3444,1385.4256309158002
2011,3183,1617.8780977844876
2011,3439,1366.5976317041732
2011,3342,1313.6470963806073
2011,3438,1584.1015861866856
2011,3220,1599.892031619192
2011,3437,1503.5831175490498
2011,3247,1454.6621513945513
2011,3288,1370.7642762122746
2011,3188,1398.3477842039
2011,3433,1699.4505289064145
2011,3219,1497.9357671341807
2011,3425,1636.6514506592046
2011,3211,1954.6512707411132
2011,3424,1288.0689230745659
2011,3381,1409.4268154178806
2011,3417,1950.3939963660634
2011,3361,1385.6464133029267
2011,3415,1581.3113655890022
2011,3285,1701.3181397478695
2011,3413,1696.9477542549278
2011,3362,1099.673103265709
2011,3405,1736.9839159274109
2011,3384,1771.7079705549093
2011,3404,1730.3799258128215
2011,3356,1046.5504489862833
2011,3403,1732.4327775287734
2011,3307,1531.5010990822018
2011,3400,1688.5934995692403
2011,3290,1446.77611181653
2011,3397,2140.3627301790475
2011,3257,1741.4874260250729
2011,3395,1686.7092685549305
2011,3223,1136.6556655151176
2011,3393,1746.2719519819598
2011,3318,1176.7115494831737
2011,3428,1650.567714896964
2011,3374,1418.6672100388519
2011,3283,1710.9472678704997
2011,3249,1635.707211827193
2011,3321,1573.6494179459742
2011,3171,1135.7469126421643
2011,3280,1570.709198261403
2011,3367,1547.366503861915
2011,3179,1540.6893539628202
2011,3282,1405.896211777211
2011,3178,1339.6568313379275
2011,3324,1601.8479477536628
2011,3177,1897.8403122668828
2011,3434,1213.319335239366
2011,3174,1682.185575948137
2011,3420,1638.7057273270311
2011,3166,1559.6740404225109
2011,3251,1657.2899742852603
2011,3281,1504.4166328867095
2011,3272,1552.4922831395068
2011,3155,1378.5997267691298
2011,3422,1349.6302450262394
2011,3148,1665.4453556699343
2011,3216,1677.618438303463
2011,3143,1589.0633635300087
2011,3353,1855.2116926071851
2011,3142,1512.0842345198564
2011,3370,1280.7856403974436
2011,3141,1670.7742549750485
2011,3299,1404.960282700569
2011,3138,1501.2939095765662
2011,3224,1522.836120173203
2011,3182,1660.452148992198
2011,3250,1639.958121157551
2011,3137,1484.6231441912219
2011,3351,1128.0281001995222
2011,3125,1370.0037088709403
2011,3457,1317.1270172697498
2011,3124,2133.60860845355
2011,3198,1630.285950389841
2011,3120,1578.9007295123745
2011,3273,1004.4172938243629
2011,3117,1598.797048030023
2011,3394,989.8576085645425
2011,3116,1548.6187016276763
2011,3197,1380.9222949626217
2011,3114,1775.9107106749943
2011,3172,1447.3174468383115
2011,3113,1701.93825628834
2011,3319,1335.1705533559145
2011,3112,1802.6748946010391
2011,3455,1683.1247582782128
2011,3111,1791.3632889990927
2011,3267,1407.6297643079524
2011,3110,1619.462423110393
2011,3187,1600.8676267461174
2011,3107,1377.6628289811083
2011,3135,1398.6072421590152
2011,3104,1575.764384179975
2011,3398,1239.5909593897586
2011,3130,1559.0977812973292
2011,3131,1492.0891087749892
2011,3185,1740.5685564847918
2011,3260,1283.211813687506
2011,3164,1430.3615801815524
2011,3406,1280.1512457083622
2011,3189,1566.842260150966
2011,3200,1348.2341489826472
2011,3279,1329.7111912246066
2011,3238,1213.946949755873
2011,3276,1604.7032136983682
2011,3108,1432.9050797889297
2011,3274,1998.7965801763182
2011,3244,1227.1168665581333
2011,3264,1612.1255369395292
2011,3383,994.6704283572445
2011,3255,1205.802681139378
2011,3144,1407.3306931669297
2011,3186,1421.0476369876367
2011,3168,1236.5794601462821
2011,3246,1919.171784000828
2011,3287,1514.8235158934085
2011,3245,1601.3386584327027
2011,3145,1294.287164680008
2011,3243,1817.9136117905252
2011,3212,1418.371078579154
2011,3234,1772.9283743771684
2011,3380,1545.8378419178282
2011,3232,1493.6332070840965
2011,3202,1495.0424227810465
2011,3231,1366.751421430508
2011,3123,1264.4562587764483
2011,3254,1499.986396651126
2011,3162,1316.7752252140667
2011,3227,1432.2954034917814
2011,3310,945.7252171865289
2011,3229,1580.2592435735037
2011,3228,1448.557253538847
2011,3190,1517.73049365017
2011,3151,1634.6760974421557
2011,3191,1195.9028791051428
2011,3132,1897.1471366261742
2011,3193,1368.6077562356093
2011,3346,1496.0760772790875
2011,3199,1835.9956557020573
2011,3106,1214.3756287527904
2011,3201,1866.4928836188778
2011,3365,1419.1638365751364
2011,3195,1710.2326936950499
2011,3371,1307.3839284299993
2011,3205,1675.831239399653
2011,3459,1206.2556942954077
2011,3206,1369.7303295630843
2011,3269,1244.9812463275507
2011,3210,1847.1181671539066
2011,3209,1443.0103586500493
2011,3214,1813.241974475338
2011,3241,1904.704732956045
2011,3226,1459.3726701220403
2011,3258,1287.7204250246782
2011,3315,1404.8098592460838
2011,3278,1467.3256686800637
2011,3296,1489.2389264031551
2011,3304,1413.916937778008
2011,3436,1187.6190009216452
2011,3277,1862.7267036670328
2011,3236,1558.9100279254528
2011,3328,1756.4397986156982
2011,3454,1454.3084520931016
2011,3408,1715.50240148515
2011,3375,1449.3286472678067
2011,3333,1329.3759816932075
2011,3253,1334.477789049291
2011,3343,1784.089823171137
2011,3192,1403.8236752988482
2011,3348,1167.5686287037345
2011,3159,1130.6333178934428
2011,3453,1963.3808029605013
2011,3203,1333.2542801868865
2011,3268,1810.5584021986595
2011,3284,1758.1734141605302
2011,3329,1547.0790782122324
2011,3411,1043.2373393475534
2011,3431,1509.8563550849158
2011,3414,1324.6590485495394
2011,3266,1742.4037355866183
2011,3115,949.5823727788669
2011,3133,1513.3208043343295
2011,3139,1599.2842171444631
2011,3150,1686.0436645138552
2011,3233,1332.2685551440395
2011,3156,1605.0307604144584
2011,3165,1133.235659127272
2011,3181,2030.5687774811458
2011,3140,1787.6422422843093
2011,3184,1088.8895361305563
2011,3152,1690.5492027971638
2011,3217,1510.1746241211958
2011,3263,1031.1838813239688
2011,3235,1704.5276023154288
2011,3442,1233.2667063911176
2011,3256,1785.0811613910246
2011,3341,1658.724430012011
2011,3196,1679.8213507252663
2011,3416,1838.6086846387677
2011,3330,1622.0574211102874
2011,3261,1713.035527096875
2011,3305,1584.3257303480664
2011,3292,1687.4379554525522
2011,3271,1385.1338498874206
2011,3312,1109.9366023838902
2011,3390,2124.0475589170564
2011,3435,1741.9665451901594
2011,3291,1325.4749060105657
2011,3325,1436.6074726742954
2011,3448,1652.4230565361008
2011,3300,1150.547793845546
2011,3449,1467.7708983018417
2011,3340,1667.9080810065702
2011,3456,1212.5113811541905
2011,3352,1546.3449794922565
2011,3248,1299.3085589015009
2011,3146,1644.799611109634
2011,3153,1351.9906294801406
2011,3149,1393.2181752552497
2011,3163,2203.83924384449
2011,3167,1572.401198864348
2011,3275,1291.3217415359256
2011,3194,1233.5742414016245
2011,3242,1675.3728224687989
2011,3222,1863.1921474011745
2011,3208,1697.1393806828305
2011,3204,1335.8505615184363
2011,3412,1531.6807050018579
2011,3360,1565.6175227252363
2011,3359,1862.3058786841477
2011,3399,1619.269716209877
2011,3105,1359.3694371517604
2011,3423,1671.4876619524857
2011,3429,1552.0348574646519
2011,3103,1474.4739817560574
2011,3401,1949.334263570727
2011,3322,1450.9896568823021
2011,3409,1183.5415524513835
2011,3410,1242.2232562190964
2011,3157,1307.2425290894132
2011,3160,1572.928897494399
2011,3180,1579.8699947192765
2011,3207,1763.3144929546957
2011,3443,1600.422616238099
2011,3311,1194.6471901648176
2011,3419,1467.7625883995827
2011,3169,1185.756675833543
2011,3421,1293.358117485971
2011,3147,1042.8672377984612
2011,3391,1652.6883782958093
2011,3366,1349.645007918253
2011,3293,1269.2424978518666
2011,3240,1225.917417123668
2011,3225,1431.176108989156
2011,3354,1431.7753058009407
2011,3347,1462.619974569212
2011,3332,1413.9660299815116
2011,3313,1106.7853423362149
2011,3427,1509.2483952860396
2011,3175,1289.9303073077544
2011,3126,1208.8849491924097
2011,3218,1391.842509902585
2011,3418,1224.7591726996473
2011,3368,1344.6328767470843
2011,3402,1172.7448947830046
2012,3102,1153.6589980670954
2012,3252,1163.8934842459873
2012,3350,1622.371858952432
2012,3298,1603.066963135971
2012,3343,1895.4315685498493
2012,3386,1733.1119669280656
2012,3341,1653.828029199283
2012,3349,1522.7279223902567
2012,3340,1424.6841167558853
2012,3414,1379.5209736880813
2012,3336,1848.1875560820358
2012,3450,1563.1143230366376
2012,3323,2067.9647882692675
2012,3103,1356.3668539889402
2012,3321,1418.107704068072
2012,3141,1676.738553599365
2012,3320,1429.6959986637396
2012,3161,1442.0858824965176
2012,3317,1347.9461037495435
2012,3426,1195.9669455523808
2012,3313,1416.8761314165135
2012,3411,1099.018049935657
2012,3308,1156.109220254299
2012,3222,1188.3856561209882
2012,3351,1160.7479955715555
2012,3248,1145.592252193556
2012,3306,1465.7921379077388
2012,3135,1397.4253529339703
2012,3293,1383.7400553506923
2012,3191,1185.1178167890532
2012,3292,1844.7592830097492
2012,3423,1689.716842942574
2012,3286,1513.4819380761346
2012,3339,1446.1025463797432
2012,3283,1741.8384174108091
2012,3256,1539.9862859435714
2012,3281,1558.8325129067468
2012,3427,1131.0842208086153
2012,3280,1470.7678215595267
2012,3240,997.8422053939215
2012,3279,1314.7610452160773
2012,3316,1408.691690899724
2012,3278,1593.775626963773
2012,3116,1813.6053370944067
2012,3276,1576.5653168423526
2012,3196,1728.5122446549751
2012,3274,1877.1179113248465
2012,3410,1362.9277842738559
2012,3272,1709.3599744088822
2012,3387,1425.8756116174259
2012,3301,1637.4361087088405
2012,3369,1201.7785846695224
2012,3357,1772.6457019182633
2012,3373,1504.9671190677143
2012,3359,1738.612659567809
2012,3285,1372.7946980708502
2012,3365,1400.1954547331627
2012,3167,1330.2882409679091
2012,3463,1433.655811397313
2012,3221,1567.9908083619277
2012,3459,1334.6381494907312
2012,3244,1371.7401969873697
2012,3458,1420.7747289903596
2012,3454,1295.4963935918117
2012,3456,1261.382965635567
2012,3165,1352.7422119334797
2012,3453,1926.6558888300324
2012,3295,1360.648361600151
2012,3452,1893.2449645099823
2012,3464,1171.5307154306731
2012,3441,1491.534053804524
2012,3300,1002.7625650723494
2012,3439,1246.8342604305774
2012,3330,1498.139777843289
2012,3438,1730.4585387097065
2012,3111,1742.2336555420995
2012,3437,1563.9171905011724
2012,3277,1724.2320912150226
2012,3436,1243.241441744383
2012,3162,1093.62533806107
2012,3435,1730.5243267252715
2012,3105,1458.3144525404769
2012,3429,1581.9356656580612
2012,3461,1445.3488685858415
2012,3425,1705.9905629849816
2012,3201,1820.1494360172596
2012,3420,1580.6709958307604
2012,3288,1132.3059624079353
2012,3417,1475.5459395445184
2012,3270,1754.8465529798368
2012,3413,1450.6724079121896
2012,3449,1662.8741453353327
2012,3404,1755.02198263632
2012,3125,1378.3797363405824
2012,3403,1666.9327905624307
2012,3307,1392.7226229423231
2012,3399,1558.2335268240427
2012,3190,1293.5057364182098
2012,3396,1827.0292592289786
2012,3275,1541.5299863597104
2012,3390,2119.0102590629654
2012,3400,1718.8435781344397
2012,3376,1841.473915342683
2012,3228,1467.8593347125347
2012,3372,1582.2219233129704
2012,3419,1285.2595066522651
2012,3371,1286.4790185395195
2012,3195,1873.1374981660501
2012,3268,2030.7870180989576
2012,3259,1432.9779334977807
2012,3267,1413.0535234025745
2012,3245,1229.330227348496
2012,3370,1569.5463429943386
2012,3364,1661.6755359652439
2012,3254,1541.7401662061677
2012,3180,1774.2550838848338
2012,3158,1235.00578001065
2012,3187,1503.6997414381135
2012,3156,1369.2099209663486
2012,3398,1141.1347208316677
2012,3153,1530.5016114234493
2012,3236,1246.8375064572901
2012,3151,1697.6592311787977
2012,3412,1525.375928986261
2012,3150,1467.7167416421632
2012,3342,1463.9383552501251
2012,3149,1462.8454564456456
2012,3202,1385.577782490082
2012,3148,1429.253047063749
2012,3263,1246.5580490052928
2012,3146,1621.921778520176
2012,3231,1289.9652980633143
2012,3138,1277.8439709847578
2012,3310,1542.663482691377
2012,3137,1237.3126883051186
2012,3389,1264.2754725535663
2012,3136,1304.7230021484115
2012,3159,1326.1574474625536
2012,3160,1554.0149647610176
2012,3319,1280.5608664690099
2012,3131,1701.856429530255
2012,3344,1438.2872444146712
2012,3127,1380.9281148134344
2012,3291,1471.243037073492
2012,3124,2194.510251733742
2012,3224,1828.1378939240544
2012,3122,1288.5632964225579
2012,3356,1316.7814860013746
2012,3120,1554.907389462213
2012,3273,1233.116491930442
2012,3119,1407.3292435867456
2012,3447,992.5762563960822
2012,3114,1798.4830555363424
2012,3409,1495.5087247776198
2012,3113,1660.963152558895
2012,3415,1154.2734723228111
2012,3112,1400.9796054032513
2012,3204,1185.7443623820463
2012,3110,1731.883013974622
2012,3206,1558.5998400373087
2012,3107,1776.4006349096699
2012,3200,1333.7006014676494
2012,3260,1416.9899812802887
2012,3152,1121.8649937171865
2012,3130,1326.9384864289118
2012,3192,1342.4789293418944
2012,3166,1791.340413252867
2012,3315,1633.2169352122912
2012,3155,1266.0006258643175
2012,3172,1698.9985722388421
2012,3169,1443.5530067659572
2012,3362,1191.6326902361318
2012,3253,1510.2494261939166
2012,3430,1342.5757544342014
2012,3251,1788.41865325508
2012,3422,1107.5565906566173
2012,3247,1541.6866565349105
2012,3250,1474.5565754320169
2012,3246,1841.1221284550043
2012,3287,1256.8393568547135
2012,3241,1782.4587137342792
2012,3346,1589.6156429449445
2012,3235,1693.6644393357267
2012,3223,894.6510823714742
2012,3233,1382.5222590174515
2012,3299,1393.7572945953611
2012,3232,1506.3208717400576
2012,3178,1742.148375418072
2012,3168,1241.8507991122244
2012,3170,1527.9843299338638
2012,3219,1552.940402959549
2012,3433,1493.3034923078412
2012,3216,1510.5824616912628
2012,3264,1424.4073561338141
2012,3211,1853.8174283664478
2012,3220,1573.782369488948
2012,3210,1872.8055505521054
2012,3106,1436.2475435540582
2012,3229,1634.6419816132968
2012,3123,1215.9465688952484
2012,3207,1819.8084962214466
2012,3255,1309.3603122092281
2012,3199,1459.0632833348127
2012,3378,1649.4057424640955
2012,3198,1662.5609255529666
2012,3239,1340.9703945215715
2012,3193,1710.4251146902866
2012,3392,1034.6318324289603
2012,3185,1815.0075499383706
2012,3318,1488.2315286420167
2012,3182,1576.8169860809871
2012,3384,1514.259657503922
2012,3181,1888.6984403617505
2012,3140,1889.5326724439428
2012,3177,1775.4302453173746
2012,3388,1690.3930398270916
2012,3176,1549.7779540569654
2012,3258,1284.0385991953176
2012,3174,2081.7586459065487
2012,3348,1028.6870842917017
2012,3173,1982.5724897593557
2012,3132,1679.06913211294
2012,3208,1801.0606744069194
2012,3395,1489.1383866080553
2012,3382,1961.1060067434655
2012,3385,1981.907114347223
2012,3374,1438.9380647545443
2012,3108,1416.1332244063756
2012,3375,1485.2661959371303
2012,3416,1315.9578510292743
2012,3401,1841.370133677349
2012,3249,1416.5384657957204
2012,3455,1544.5252208760517
2012,3322,1108.1898127563575
2012,3424,1549.065684991742
2012,3139,1462.7027232332157
2012,3431,1869.5929906319227
2012,3226,1769.382557982823
2012,3462,1431.4786949699712
2012,3184,1318.2734507234688
2012,3352,1605.3441522378455
2012,3164,1725.286127745977
2012,3406,1379.2583214499377
2012,3443,1360.669642379295
2012,3314,1672.2104734785682
2012,3205,1171.8859068918237
2012,3133,1588.8835057779545
2012,3294,1658.024505674529
2012,3394,1229.4401785812208
2012,3304,1767.939657778534
2012,3115,1009.5024826065842
2012,3104,1451.1108000824602
2012,3311,1448.3700023608556
2012,3188,1558.6255090349275
2012,3434,1451.9307809724041
2012,3227,1523.7574627318818
2012,3179,1634.573085203758
2012,3234,1771.4898919031868
2012,3217,1642.1774817212486
2012,3243,1673.0067972646027
2012,3171,1299.4973102623005
2012,3266,1481.30166022263
2012,3290,1545.3697113538883
2012,3214,1933.5361802639181
2012,3338,1248.9513480610333
2012,3363,1325.982061105983
2012,3355,1778.5437404050767
2012,3353,1760.5030866752686
2012,3143,1852.101923839896
2012,3345,1854.795007724955
2012,3237,1384.2522684078756
2012,3332,1528.1716601307758
2012,3142,1568.4743580717573
2012,3335,1476.5476322700176
2012,3383,1209.417162461881
2012,3333,1520.0648274077018
2012,3331,1555.3592242947027
2012,3329,1652.2190292248774
2012,3328,1716.6236383821672
2012,3460,1532.5333670986981
2012,3457,1544.4206027554774
2012,3407,1068.296457308771
2012,3428,1621.919119407283
2012,3381,1130.1124934867178
2012,3405,1701.0577625448893
2012,3397,1961.3139728270062
2012,3337,1483.086510077303
2012,3393,1610.7980255796301
2012,3284,1699.6314074705792
2012,3326,1698.0682108939466
2012,3117,1377.4528958712988
2012,3324,1257.6889724670928
2012,3203,1323.1248182225484
2012,3334,1519.6156848912012
2012,3354,1307.6519621605094
2012,3209,1263.819725591425
2012,3129,1374.0557669705843
2012,3451,1009.8204110915739
2012,3163,2086.5956776433013
2012,3367,1320.2988832618066
2012,3186,1426.3873296235702
2012,3325,1372.3872094993267
2012,3282,1618.995158090371
2012,3269,1307.4946627058644
2012,3312,1260.4043192340569
2012,3296,1444.808616196404
2012,3257,1812.3687582998798
2012,3242,1622.2165844992671
2012,3444,1291.9431511029281
2012,3361,1724.9371504756562
2012,3145,1215.23838068113
2012,3408,1626.678574959009
2012,3442,1363.6436121360398
2012,3368,1412.2553733777972
2012,3225,1460.982557961426
2012,3157,1260.39256156447
2012,3391,1489.9900335066282
2012,3197,1695.7247039432368
2012,3261,1876.3385211580025
2012,3194,1577.6335316990037
2012,3271,1431.8745670872138
2012,3448,1688.5604075902643
2012,3380,1362.3502775648192
2012,3183,1512.7747844090163
2012,3212,1447.2889750031763
2012,3379,1527.2287297495648
2012,3265,1882.232708210008
2012,3421,1093.2453814999378
2012,3418,1155.6124585895964
2012,3366,1143.4728235146517
2012,3126,1339.8016256362744
2012,3360,1727.781126066409
2012,3144,1482.609284443445
2012,3218,1332.581426933616
2012,3238,1195.121393734585
2012,3377,1708.4183248451768
2012,3402,1453.9055703230526
2012,3347,1458.0441684798125
2012,3175,1219.4642371468576
2012,3305,1245.3221831868543
2012,3189,1524.2680897474388
2012,3358,1571.2723988298744
2013,3112,1290.5719985995536
2013,3167,1421.2247043217242
2013,3350,1482.3952565817222
2013,3255,1494.1535185588564
2013,3349,1547.687310535677
2013,3341,1633.7271414354445
2013,3337,1204.9616135017243
2013,3413,1340.393932175434
2013,3334,1675.4191545041476
2013,3370,1641.875471844862
2013,3331,1724.4516669769691
2013,3409,1797.5792888115725
2013,3330,1529.0230044786458
2013,3439,1455.7853534694948
2013,3329,1715.7805207420693
2013,3142,1774.7323065932774
2013,3324,1175.728743207102
2013,3206,1171.7609670042484
2013,3323,2192.636179716015
2013,3326,1766.945934476451
2013,3322,1320.8379774575158
2013,3309,1059.3582640807886
2013,3321,1499.7486117550827
2013,3404,1769.7318735614087
2013,3314,1875.4739335194981
2013,3172,1673.167554331579
2013,3313,1269.422119350153
2013,3335,1506.8700529467976
2013,3310,1400.801594966119
2013,3352,1247.3043989833177
2013,3307,1494.6326030973778
2013,3319,1317.4982256030953
2013,3305,1145.020695662411
2013,3168,1458.5982977386907
2013,3304,1844.9784236731693
2013,3299,1596.8201343160733
2013,3301,1630.6658203447762
2013,3459,1160.0797776377606
2013,3295,1309.7183749618523
2013,3217,1730.3729226344963
2013,3294,1687.0321553459137
2013,3102,1109.6652119164144
2013,3292,1865.8335447835038
2013,3244,1141.882689683068
2013,3288,1414.8554731364072
2013,3420,1265.3491194268183
2013,3281,1561.2045368639265
2013,3387,1414.8915387436546
2013,3351,1415.9183778784118
2013,3392,1275.8011298539832
2013,3280,1476.6629899049026
2013,3222,1499.7075201393113
2013,3362,1356.208155970615
2013,3218,1596.7766723254756
2013,3371,1540.6986375731494
2013,3312,1476.5219459880914
2013,3464,1598.6914625869374
2013,3338,1222.9051048481508
2013,3461,1644.830019016747
2013,3225,1640.2015434879552
2013,3454,1401.5260490532967
2013,3152,987.345996896839
2013,3452,1651.7220078303226
2013,3423,1252.4310036120614
2013,3449,1608.8722659108735
2013,3388,1602.2226470248518
2013,3443,1532.8905542029927
2013,3293,1337.7124997185322
2013,3438,1455.2965027775524
2013,3241,1753.8340122000052
2013,3434,1360.7618818149617
2013,3231,1362.7976080924748
2013,3427,1442.7549562828856
2013,3410,1260.2933985807456
2013,3424,1362.5554808845359
2013,3364,1570.8040555114262
2013,3418,1303.7085018009507
2013,3380,1308.2536224624557
2013,3412,1564.3701560691597
2013,3122,1181.9660212342853
2013,3408,1639.7897873036309
2013,3256,1421.3242927727622
2013,3405,1860.8036152625184
2013,3117,1499.4179837451406
2013,3402,1201.790028227144
2013,3125,1541.6037657526792
2013,3400,1529.424990915324
2013,3385,1749.571670968652
2013,3396,1545.3402103132776
2013,3285,1805.5747315050824
2013,3390,2102.78429595111
2013,3201,1784.2518022074394
2013,3384,1542.2692880470056
2013,3224,1627.3214043199548
2013,3376,1754.3188502002274
2013,3189,1594.5199689011315
2013,3375,1467.4788242574996
2013,3223,1088.3516682631148
2013,3373,1439.3802648157587
2013,3192,1318.465720079861
2013,3372,1440.002616805584
2013,3419,1465.8935479931197
2013,3369,1319.8669448251937
2013,3460,1348.1060668938076
2013,3279,1368.3432114418117
2013,3368,1265.764585447189
2013,3365,1353.9896074551098
2013,3414,1364.7388692078619
2013,3274,1728.6843932092736
2013,3316,1321.2359229997928
2013,3184,1530.7002731025234
2013,3275,1494.5448411957223
2013,3182,1674.3004855668153
2013,3251,1847.4282088314862
2013,3180,1696.7062070664883
2013,3344,1278.3723293690032
2013,3174,2019.9332878150578
2013,3358,1547.4947712169962
2013,3173,1894.82584123077
2013,3290,1481.7042690571936
2013,3169,1463.6928522599205
2013,3339,1391.3431521770729
2013,3165,1350.3942135272152
2013,3159,1454.6623010078276
2013,3158,1485.2614898130746
2013,3157,1372.8630827462582
2013,3156,1307.999180875185
2013,3377,1567.6340479174382
2013,3153,1467.7172477907557
2013,3297,1666.1678909812133
2013,3151,1939.9065942348382
2013,3397,1873.2213345424473
2013,3148,1456.7210723913827
2013,3348,1118.7466996055446
2013,3145,1321.9142802633476
2013,3138,1456.1357395128384
2013,3143,1976.954230609103
2013,3250,1468.3027686684654
2013,3141,1813.0157389469475
2013,3133,1550.662366003323
2013,3140,1645.1759716378956
2013,3451,1014.4575075585857
2013,3131,1786.8101041442926
2013,3130,1538.4894464853026
2013,3129,1176.9069778116864
2013,3430,1403.6252895308605
2013,3124,2186.099244272054
2013,3249,1505.9602417877095
2013,3120,1614.3804542359799
2013,3263,1158.1621797216228
2013,3119,1636.0740101296135
2013,3447,1065.8656260997318
2013,3116,1583.0851197901732
2013,3238,1339.7779140632783
2013,3276,1690.606828235738
2013,3178,1520.1435840840581
2013,3187,1646.3940940464124
2013,3456,1339.7945075669816
2013,3191,1284.0435966128857
2013,3123,1601.8092457768728
2013,3177,1706.8882090556986
2013,3311,1526.3127382147281
2013,3248,1320.660414954499
2013,3260,1720.1752043738477
2013,3272,1500.5640326582886
2013,3212,1316.9034030317478
2013,3268,1798.6850511507805
2013,3291,1505.0089689676938
2013,3267,1278.3144745635543
2013,3347,1464.1654014419694
2013,3265,1875.6642708063698
2013,3436,1317.9690221705046
2013,3257,1832.2063380587172
2013,3401,1972.7636777821924
2013,3254,1258.2532661238743
2013,3162,1266.7297117966057
2013,3253,1465.3576581262955
2013,3170,1659.6683380439679
2013,3194,1321.0663607977804
2013,3204,1325.2438942692006
2013,3243,1595.4475109014656
2013,3226,1590.8556190752777
2013,3234,1717.6917977906137
2013,3296,1139.921651745075
2013,3233,1650.327569720963
2013,3298,1707.5016995725202
2013,3229,1778.7392254118304
2013,3287,1231.5499184331727
2013,3232,1545.7318081078918
2013,3183,1537.32593673821
2013,3220,1487.0143180549487
2013,3391,1768.9784793876656
2013,3196,1629.4995184517481
2013,3193,1358.7997390042326
2013,3197,1283.046718227238
2013,3239,1361.6431161593714
2013,3200,1783.7986095542371
2013,3107,1905.4881492355498
2013,3203,1573.8389866992575
2013,3426,1280.417533958746
2013,3221,1625.5603212552376
2013,3463,1588.1424840145437
2013,3205,1372.9658177414512
2013,3252,1073.9403703382802
2013,3209,1287.352010717861
2013,3416,1665.1338192592348
2013,3211,1942.847589356543
2013,3415,1243.9090213396432
2013,3214,1853.7132105647058
2013,3379,1516.583702579624
2013,3216,1599.7240384752367
2013,3259,1328.6954480423904
2013,3207,1439.6517007854761
2013,3357,1553.4109344945205
2013,3406,1461.8908550548088
2013,3264,1277.6051221969483
2013,3431,1587.8679465534995
2013,3258,1503.086225977316
2013,3417,1913.9444739542837
2013,3361,1789.7293173738105
2013,3428,1577.4866445059486
2013,3176,1357.3783395579937
2013,3435,1777.9348773388533
2013,3270,1555.2698196704448
2013,3462,1496.18452618292
2013,3137,1426.9006366853823
2013,3441,1144.6945660232116
2013,3421,948.9636221156899
2013,3444,1388.8334282635644
2013,3110,1419.1615400476906
2013,3453,1980.614389413804
2013,3320,1580.4951530401358
2013,3382,1290.8378773907261
2013,3127,1246.9408198989531
2013,3437,1684.0026752178865
2013,3355,1780.9899495088218
2013,3378,1748.6036995314196
2013,3149,1156.0140732607263
2013,3422,1308.840137206606
2013,3345,1844.946109722811
2013,3367,1346.3789077440647
2013,3374,1580.8004918158024
2013,3108,1031.782999368021
2013,3150,1799.8383904847842
2013,3300,1094.0830128364123
2013,3171,1167.8075020318017
2013,3136,1449.2859016081547
2013,3219,1498.3233208932738
2013,3190,1272.7280171718219
2013,3246,1976.0372344475668
2013,3175,1268.3969474971648
2013,3135,1238.8757017822174
2013,3389,1081.2595110483048
2013,3269,1089.8271190365372
2013,3245,1026.7615972570022
2013,3278,1639.3558286509185
2013,3450,1482.1918121267565
2013,3328,1741.0444935934095
2013,3166,1776.508374750888
2013,3266,1606.2007857680187
2013,3139,1470.852511709755
2013,3346,1922.9665547805553
2013,3343,1787.8348526269422
2013,3386,1903.4029619692485
2013,3342,1589.6441661649862
2013,3155,1455.978684461759
2013,3186,1644.6747652155993
2013,3336,1921.496926829214
2013,3210,1548.0235776855109
2013,3332,1317.0745563862795
2013,3393,1797.060151814378
2013,3403,1637.2107099696052
2013,3113,1380.100253506287
2013,3284,1517.7115532229707
2013,3448,1486.617359529673
2013,3164,1591.180387284936
2013,3457,1599.6720081076373
2013,3407,1329.371004767793
2013,3458,1498.423844783969
2013,3286,1459.7606203256187
2013,3161,1366.1701775491722
2013,3179,1418.154637702996
2013,3235,1830.5531203877367
2013,3442,1371.0171388112576
2013,3104,1416.567813520963
2013,3240,1061.7155107126503
2013,3394,1207.3477918880685
2013,3160,1838.3643043035565
2013,3185,1278.211683822358
2013,3318,1412.5228618494514
2013,3188,1501.5217051194797
2013,3236,1458.874271482524
2013,3198,1596.740390398037
2013,3199,1735.4427579731923
2013,3359,1426.866409132683
2013,3163,2001.0476341487279
2013,3425,1531.5605275760784
2013,3208,1862.9294957502873
2013,3353,1570.0665438465924
2013,3261,1868.6048734935919
2013,3455,1848.7412600842683
2013,3247,1278.3614738618116
2013,3115,1357.5989564912381
2013,3242,1576.877988042792
2013,3228,1549.2414826145018
2013,3315,1328.0088144542233
2013,3277,1816.3925503801568
2013,3383,1302.5800650523856
2013,3411,1569.4578464805343
2013,3398,1475.9071439522631
2013,3317,1347.4390977040582
2013,3105,1186.0708529482138
2013,3429,1530.0416926520757
2013,3308,1466.0283272150677
2013,3282,1227.2251166185445
2013,3303,1374.4741983907998
2013,3333,1345.3460238029286
2013,3144,1582.0897823330672
2013,3433,1348.8499869353004
2013,3114,1798.1465420089291
2013,3126,1206.0979700133712
2013,3325,1101.805049068848
2013,3283,1348.125700873916
2013,3381,1473.6507035002064
2013,3271,1174.6047483483371
2013,3103,1686.822827628759
2013,3399,1627.1789971671199
2013,3146,1317.495522416722
2013,3356,1207.4104986785405
2013,3202,1279.6905411043158
2013,3111,1547.9146115807953
2013,3237,1574.451259119456
2013,3195,1819.8333672682386
2013,3395,1392.5927347511786
2013,3273,1539.838066903201
2013,3306,1398.4712248310252
2013,3340,1285.244038979037
2013,3363,1269.427302573497
2013,3366,1003.0263532864542
2013,3106,1144.6857824001806
2013,3132,1610.0138360442036
2013,3227,1298.8239929351635
2013,3354,1524.4037631810168
2013,3360,1752.8262645247935
2013,3181,2071.7045053984407
2014,3103,1825.9487176127648
2014,3194,1511.1453603416574
2014,3369,1290.9871664773307
2014,3105,1203.9693282091787
2014,3367,1522.2452945368686
2014,3271,1297.7943689680014
2014,3349,1403.3490613351414
2014,3341,1563.4536870928603
2014,3346,1700.880492957222
2014,3299,1653.4604351277858
2014,3344,1235.529405679485
2014,3262,1175.6439355973862
2014,3339,1396.8485797198355
2014,3186,1490.9610550016878
2014,3338,1388.8407126694037
2014,3137,1506.074654425104
2014,3337,1246.8016225234505
2014,3370,1493.3955607358662
2014,3336,1803.2951786310955
2014,3384,1551.7730484624494
2014,3371,1523.611022316529
2014,3255,1160.9869075255979
2014,3329,1711.2433694671415
2014,3249,1489.6929751655666
2014,3326,1643.276480551824
2014,3452,2002.4957429557342
2014,3318,1395.1331443746549
2014,3131,1477.1933194069609
2014,3314,1894.0406931693474
2014,3102,975.8981107045287
2014,3305,1548.8421239368913
2014,3430,1256.0830263707328
2014,3304,2011.0045364088055
2014,3417,1507.883101040117
2014,3301,1866.2712034600504
2014,3382,1677.0330758465489
2014,3298,1654.5937029734826
2014,3406,1348.776337875497
2014,3287,1310.4954459695255
2014,3313,1272.499790745341
2014,3281,1559.219938851785
2014,3387,1500.6251532061178
2014,3328,1622.085203305562
2014,3391,1740.8306999633205
2014,3280,1565.7718432992567
2014,3222,1279.0233642523058
2014,3376,1946.1950405275961
2014,3149,1057.3813757067405
2014,3381,1673.920236682505
2014,3129,1495.4856324566601
2014,3460,1773.9582513646205
2014,3356,1108.7857279484217
2014,3455,1665.3174819609906
2014,3236,1433.1208943064007
2014,3453,1701.3652855912096
2014,3296,1407.7955119516755
2014,3444,1361.6119434320399
2014,3269,1109.6332009798432
2014,3435,1540.015124231403
2014,3111,1456.2688801638544
2014,3428,1464.2143794779167
2014,3176,1437.512498567898
2014,3425,1910.541817892621
2014,3413,1464.86207570124
2014,3424,1423.473158364302
2014,3365,1348.7742407383907
2014,3418,1364.6412713150023
2014,3303,1370.9210702505152
2014,3377,1649.9478231043904
2014,3168,1409.0966205745128
2014,3416,1279.377649611004
2014,3148,1249.6953325003226
2014,3408,1597.2554201190828
2014,3309,970.9744907278017
2014,3407,1363.431543615047
2014,3106,1432.5137646896414
2014,3404,1734.7211308622486
2014,3209,1251.808251417459
2014,3397,2077.0202206057384
2014,3292,2030.0648417092636
2014,3394,1549.7944037877176
2014,3442,1348.2081204411754
2014,3392,1705.7052911575252
2014,3312,1215.9165919945458
2014,3388,1637.724782513642
2014,3449,1707.5688000644907
2014,3386,1656.9572160672285
2014,3291,1564.3217764917467
2014,3385,1719.3173966736513
2014,3357,1276.5657321414421
2014,3411,1520.7745598954637
2014,3409,1380.6889142958653
2014,3279,1511.754104990983
2014,3240,1473.0315704494433
2014,3396,1502.6213139695444
2014,3247,1604.4494558302797
2014,3273,1516.5682295785987
2014,3441,1377.8772259844318
2014,3179,1590.910603368932
2014,3166,1668.1725303433163
2014,3177,1950.3661425654261
2014,3217,1705.3796788897566
2014,3174,1586.226880516877
2014,3348,1148.9352122405498
2014,3172,1461.9109989919377
2014,3155,1509.3438070476889
2014,3170,1400.0592774270485
2014,3169,1676.1834612818923
2014,3162,1215.1372687546166
2014,3254,1349.8456112038048
2014,3158,1497.72364153665
2014,3244,1131.469431087431
2014,3151,1891.1472038997767
2014,3104,1642.8725549656458
2014,3150,1512.0978785054576
2014,3251,1589.8187359057674
2014,3182,1568.225594556492
2014,3142,1527.6447062956413
2014,3146,1408.517992754579
2014,3108,1193.468567299415
2014,3143,1768.1140039429752
2014,3253,1412.1794072309253
2014,3140,1866.1888918865554
2014,3355,1691.1583094346627
2014,3139,1643.9159185336423
2014,3156,1415.0930621570121
2014,3138,1489.8307910502695
2014,3127,1060.9013741272656
2014,3133,1314.7616863496505
2014,3228,1359.8996478877132
2014,3132,1860.025079617449
2014,3276,1637.4546348938316
2014,3116,1605.9528076306042
2014,3358,1335.3076859011373
2014,3107,1808.6242481132447
2014,3373,1216.9072782301066
2014,3274,1676.1695534240964
2014,3316,1137.707202477592
2014,3145,1462.645556677787
2014,3178,1208.600268951423
2014,3184,1450.4348830718097
2014,3275,1238.704047110666
2014,3165,1423.8093543596033
2014,3159,1309.0448219979583
2014,3193,1610.0151835955467
2014,3412,1509.1028560743812
2014,3272,1392.5709570315446
2014,3190,1222.1056711350225
2014,3268,1873.3658187643098
2014,3378,1822.1233306263573
2014,3261,1620.7146130538
2014,3372,1597.410069516383
2014,3191,1540.4021303143309
2014,3183,1302.2530982707456
2014,3248,1422.9733790835817
2014,3351,1484.194723259925
2014,3246,1929.5396907042425
2014,3265,1902.9316053531365
2014,3243,1414.62942232814
2014,3398,1389.506846656618
2014,3241,1856.4819331613292
2014,3438,1545.8308173798837
2014,3234,1901.9182951514458
2014,3415,1171.61495748258
2014,3233,1729.2094867346896
2014,3112,1254.9226322145073
2014,3223,1370.333628033055
2014,3426,1191.2610022691063
2014,3250,1360.2182750650127
2014,3310,1328.7104709598725
2014,3220,1473.037969709003
2014,3352,1667.8605601428083
2014,3221,1651.3070567173183
2014,3171,1180.4781782821253
2014,3196,1662.4885884045723
2014,3126,1442.8510489901566
2014,3199,1714.9866030201165
2014,3422,1129.4437349702805
2014,3200,1872.6104923102541
2014,3362,1494.468673315533
2014,3197,1523.578383251751
2014,3239,1400.4456940119562
2014,3210,1784.297797203628
2014,3164,1613.7066785843126
2014,3211,1979.6174157139048
2014,3225,1761.8038836008966
2014,3207,1430.55041696766
2014,3350,1571.714029800731
2014,3195,1884.0411123738606
2014,3198,1593.5866285006655
2014,3317,1394.495754711421
2014,3282,1314.3967011544064
2014,3307,1333.1171672910784
2014,3258,1394.0271216619828
2014,3383,1446.4498055922886
2014,3335,1825.2257725644934
2014,3323,2222.214161737924
2014,3423,1251.9602940129644
2014,3330,1684.3925020937038
2014,3175,1172.05680537809
2014,3332,1537.6203164744197
2014,3167,1538.2573926952346
2014,3360,1604.8571951802776
2014,3294,1354.6488487805352
2014,3437,1708.7289148124219
2014,3290,1224.3466789701968
2014,3395,1665.520014798487
2014,3419,1326.9368742492347
2014,3421,1222.2373943343673
2014,3202,1499.7736470198943
2014,3433,1649.3186672717636
2014,3464,1472.4774711880202
2014,3439,1521.4668906067723
2014,3224,1236.481710132604
2014,3443,1739.973722102644
2014,3122,1210.4661548909805
2014,3463,1461.2606137066887
2014,3284,1348.3122120995718
2014,3297,1595.2003878835812
2014,3153,1491.516051803914
2014,3390,1969.5588505426053
2014,3130,1388.5416400743325
2014,3278,1702.2964085076585
2014,3320,1557.2100634449525
2014,3180,1495.2806983859489
2014,3405,1460.2370657210784
2014,3266,1727.3544126238287
2014,3448,1585.2209722746604
2014,3113,1635.3363350490674
2014,3218,1494.2507095198516
2014,3124,2061.346943059436
2014,3212,1197.0261370396859
2014,3136,1512.4863504992431
2014,3436,1099.4649376830826
2014,3163,2194.078042853961
2014,3216,1437.0782919678843
2014,3173,1855.755056268761
2014,3120,1687.1635050231641
2014,3204,1261.3472400741373
2014,3203,1760.0064369980666
2014,3238,1493.0154180813188
2014,3231,1500.3863917884505
2014,3324,1414.7691125207655
2014,3232,1660.7394456983711
2014,3375,1229.2120140313914
2014,3237,1551.078625621396
2014,3125,1502.05711814246
2014,3257,2005.8311678866767
2014,3260,1330.5144858158305
2014,3359,1310.080879368841
2014,3353,1755.7405380440568
2014,3343,1674.6753710038374
2014,3325,1189.5879209682407
2014,3462,1192.8712505818341
2014,3374,1536.7106155534618
2014,3345,1873.2712761740775
2014,3123,1690.658030268461
2014,3256,1535.607127788247
2014,3434,1277.5836864374198
2014,3340,1323.69140884388
2014,3393,1809.4845020341618
2014,3450,1702.3836611706706
2014,3400,1756.9731887340151
2014,3427,1400.971533388866
2014,3403,1202.664357389121
2014,3410,1333.120738740108
2014,3414,1554.2242500047366
2014,3201,1782.1350390353018
2014,3457,1725.4952880807314
2014,3458,1361.3626666049154
2014,3321,1470.1733614394589
2014,3227,1574.4751872674271
2014,3245,1317.0080723384663
2014,3286,1413.2775627874857
2014,3252,1240.823774920206
2014,3114,1563.4599515748762
2014,3141,1667.989779836822
2014,3459,1102.064639327377
2014,3181,1942.297053663934
2014,3187,1547.5642998665985
2014,3206,1229.0085588715144
2014,3208,1716.221777942445
2014,3342,1458.8627826654354
2014,3361,1390.9760361068156
2014,3319,1261.3874276668935
2014,3188,1411.9691379283356
2014,3214,1905.5980878350088
2014,3389,997.0145825302656
2014,3259,1129.7799743539047
2014,3264,1292.6337070519198
2014,3192,1130.0161526913419
2014,3447,1366.0098578754607
2014,3135,1343.5406094596697
2014,3242,1480.760036474166
2014,3331,1336.6520546215752
2014,3235,1671.850312049865
2014,3315,1714.343274833315
2014,3119,1827.3772942237856
2014,3334,1721.233533347316
2014,3380,1563.7966497946143
2014,3368,1216.3711874125688
2014,3219,1647.4279021518137
2014,3270,1508.4064304163112
2014,3333,1867.9663550852229
2014,3401,1866.4200933162228
2014,3277,1838.371071116982
2014,3117,1608.677445949408
2014,3283,1326.7166759797738
2014,3205,1354.8697957994782
2014,3456,1297.2784745871857
2014,3115,975.937570535521
2014,3293,1235.9183519555509
2014,3379,1902.9310090541526
2014,3267,1385.4377144628638
2014,3363,1306.8455922451287
2014,3461,1512.76975488414
2014,3431,1715.286058727054
2014,3308,1334.1203585456312
2014,3399,1337.630036099093
2014,3110,1731.6114002205632
2014,3160,1579.1147035491945
2014,3161,1679.9671518556834
2014,3152,949.3403474038472
2014,3322,1719.9792237944848
2014,3144,1498.1234463057438
2014,3402,1505.0766742622961
2014,3429,1511.0908531296998
2014,3229,1399.6150820377638
2014,3306,1490.1023957869158
2014,3420,1129.3633361528334
2014,3185,1411.6277144697067
2014,3189,1513.5860750630322
2014,3454,1203.5868612619897
2014,3300,1259.333105301943
2014,3311,1460.9005102138435
2014,3230,1091.7201209028008
2014,3263,1491.2859388714146
2014,3295,1126.9376896717936
2014,3451,1222.395202160043
2014,3354,1189.4856509486751
2014,3347,1180.5842104324834
2014,3226,1534.1913322028915
2014,3366,1534.5040113062846
2014,3364,1195.8416501204624
2014,3157,1375.4862809017222
2014,3288,1231.2375868237402
2014,3285,1665.932933891298
2014,3101,1486.2458587795243
2014,3213,1613.85100058221
2015,3103,1595.6823248425437
2015,3127,1083.2718904249136
2015,3361,1404.6502892511166
2015,3170,1603.775204394827
2015,3356,1454.669037670044
2015,3404,1759.8031860627166
2015,3355,1798.832208863039
2015,3140,1788.7968646588868
2015,3353,1745.6595256349403
2015,3386,1689.464578600744
2015,3350,1639.695896088777
2015,3344,1216.3784012102778
2015,3349,1249.9171501805415
2015,3341,1351.8102689896987
2015,3345,1380.9998389911598
2015,3123,1587.6899012840734
2015,3343,2041.3064796756641
2015,3338,1648.2409151423453
2015,3336,1300.6760301199824
2015,3406,1322.7219583013364
2015,3333,1842.2859285151483
2015,3339,1107.6452245973671
2015,3332,1485.7507350458825
2015,3429,1215.674522214587
2015,3330,1662.591244421522
2015,3342,1373.5032555175608
2015,3362,1669.4421785542154
2015,3162,1283.621534624907
2015,3329,1717.031373810323
2015,3258,1387.5867084320773
2015,3325,1901.5041010131624
2015,3293,1193.200413625794
2015,3323,2134.981966150093
2015,3262,1511.8797653679305
2015,3321,1862.3158199269787
2015,3152,1009.3824512354594
2015,3320,1588.7003498783704
2015,3409,1636.778677956132
2015,3319,1409.7118709549495
2015,3414,1318.5398470322987
2015,3318,1070.2815323535403
2015,3131,1141.9879729380789
2015,3314,1774.9001171289449
2015,3224,1112.2873354928909
2015,3306,1417.5279278581656
2015,3312,1285.764240169418
2015,3305,1237.897797179922
2015,3364,1170.8242541765544
2015,3301,1592.7076874664874
2015,3398,1778.1237291619634
2015,3300,1148.927220171325
2015,3441,1289.5928252591114
2015,3299,1590.4054044017676
2015,3298,1554.2969653050918
2015,3328,1773.7854144429148
2015,3449,1729.930597248892
2015,3297,1692.1434238588308
2015,3175,1005.557115819446
2015,3369,1168.3983484941775
2015,3105,1114.177810115512
2015,3377,1682.1914082297726
2015,3179,1586.718405393149
2015,3460,1725.104012579703
2015,3122,1280.5053857198961
2015,3456,1471.9181712392794
2015,3259,1188.2689033136767
2015,3450,1586.4931048480385
2015,3173,1949.0318251611834
2015,3444,1574.0928671019747
2015,3269,1489.8485113578824
2015,3443,1915.4828686821138
2015,3146,1311.82955505877
2015,3438,1589.0002487753777
2015,3326,1917.8707583603039
2015,3435,1499.0780375150123
2015,3125,1563.128553901986
2015,3434,1175.47589856189
2015,3139,1474.6473539303038
2015,3433,1441.7488205417521
2015,3447,1203.2693386818557
2015,3431,1351.4916499552855
2015,3308,1723.8989730738
2015,3428,1356.0215721408842
2015,3363,1459.9919519249145
2015,3424,1380.417917658665
2015,3394,1433.285931913158
2015,3371,1839.8765509386296
2015,3351,1305.6157032382134
2015,3418,1567.9867777654406
2015,3249,1498.0278648968003
2015,3415,1371.5769935492724
2015,3365,1371.3790512034159
2015,3410,1509.7540693858866
2015,3307,1706.1815486108371
2015,3408,1638.1009595410244
2015,3290,1046.7790811739962
2015,3403,1454.5498589884082
2015,3240,1476.7739201598017
2015,3401,1693.0110226841662
2015,3177,1946.408597526354
2015,3399,1181.7549736708065
2015,3198,1068.9863593062435
2015,3397,1990.3860452478843
2015,3335,1778.6188994419635
2015,3396,1615.5903260341265
2015,3247,1486.0376078746579
2015,3395,1626.8181625506845
2015,3223,1501.1868956427152
2015,3391,1719.4727878610524
2015,3126,1358.5097523453987
2015,3390,1922.0818578080489
2015,3130,1497.6089961967848
2015,3382,1455.2073575868649
2015,3145,1309.6749156126907
2015,3416,1243.9451100609017
2015,3194,1359.133528710634
2015,3296,1387.0455765530262
2015,3229,1087.6174194887508
2015,3373,1560.8916883308982
2015,3138,1661.0913820011021
2015,3294,1692.474103300598
2015,3374,1265.0622752628508
2015,3199,1981.9455187176475
2015,3412,1584.9542875803672
2015,3196,1442.2796594284143
2015,3239,1531.692754633938
2015,3195,1995.6469270868479
2015,3203,2028.7915470104417
2015,3192,1339.568279375026
2015,3264,1054.668290287644
2015,3187,1720.8521100759303
2015,3193,1484.565933869357
2015,3186,1589.8139270492875
2015,3430,1236.6131355735567
2015,3169,1749.8133172916396
2015,3225,1485.2376091185356
2015,3167,1563.4662881149522
2015,3102,1030.5971377037167
2015,3163,2124.6053226504755
2015,3413,1445.1841656567744
2015,3156,1592.083434195102
2015,3405,1536.6165993780417
2015,3155,1291.539248094116
2015,3422,1129.7602935778239
2015,3151,1970.7962922578442
2015,3437,1692.1340782808413
2015,3202,1526.7836351357266
2015,3172,1180.8299128522792
2015,3150,1599.190219895369
2015,3251,1859.7236113769727
2015,3137,1489.7562671903004
2015,3132,1136.4033078133994
2015,3136,1518.8496093308331
2015,3263,1665.3981165305374
2015,3129,1660.0836435367892
2015,3286,1561.1676301706086
2015,3124,1981.99121748679
2015,3331,1497.5905685052724
2015,3120,1514.5952889069797
2015,3407,1683.0473433882457
2015,3117,1720.2515539395272
2015,3238,1394.171379372011
2015,3116,1644.3923268332067
2015,3311,1470.400552112156
2015,3114,1896.388112364246
2015,3261,1752.0365942951823
2015,3113,1871.8121810585506
2015,3292,1627.5436890481271
2015,3107,1742.145514775671
2015,3383,1628.4224567680187
2015,3104,1336.4593761719661
2015,3197,1182.4787992000406
2015,3295,1315.9320875318765
2015,3245,1219.3026494721828
2015,3148,1473.5010779057302
2015,3220,1626.0697174328614
2015,3206,1372.4320634781072
2015,3439,1511.6368771413242
2015,3190,1685.3803534083388
2015,3421,1293.120139519209
2015,3268,2155.48634273393
2015,3291,1112.2853756403608
2015,3287,1299.0587753829097
2015,3313,1385.424211896894
2015,3280,1802.4053079866862
2015,3273,1576.03169370551
2015,3279,1591.8057089693052
2015,3212,1190.1284520093657
2015,3278,1697.9245360683396
2015,3368,1076.2096731831673
2015,3276,1534.559876903578
2015,3178,1456.8581062590326
2015,3274,1623.8562101668765
2015,3324,1373.4746677724918
2015,3272,1398.4361016668213
2015,3283,1714.911188733254
2015,3207,1118.635831962791
2015,3271,1410.5670478425477
2015,3267,1350.717347011578
2015,3348,1563.4920314823435
2015,3257,1843.2436285744513
2015,3237,1501.6402654914164
2015,3253,1478.1190251353019
2015,3370,1341.843746852693
2015,3252,1239.5351183289545
2015,3204,1172.3815371249086
2015,3246,1869.4003376493256
2015,3111,1439.4800353170401
2015,3248,1349.6284874322448
2015,3174,1521.474845809519
2015,3243,1640.8212719252338
2015,3188,1584.8040932950378
2015,3208,1603.7929420744922
2015,3288,1225.9747347231694
2015,3210,1641.3640069608548
2015,3260,1243.8631206775933
2015,3216,1539.8043504598265
2015,3165,1447.0393582284014
2015,3218,1752.810192861931
2015,3161,1642.9762711588962
2015,3244,1418.0003398895942
2015,3158,1167.457940653584
2015,3227,1405.3436878884072
2015,3133,1199.993421133109
2015,3222,1097.0247950828436
2015,3317,1221.6077021806968
2015,3232,1397.9343159734947
2015,3387,1568.68328188055
2015,3233,1421.8098213282171
2015,3200,1698.1473185001923
2015,3234,1846.645056513944
2015,3367,1439.5669049720168
2015,3241,1884.7275316718324
2015,3417,1574.0004277543276
2015,3228,1540.870319383829
2015,3236,1193.337985223233
2015,3346,1947.5645224917644
2015,3119,1689.620167741741
2015,3376,2078.6335139347652
2015,3425,1476.9137229302949
2015,3378,1833.8516942353824
2015,3392,1491.5789114112383
2015,3389,1212.8693705518306
2015,3385,1648.233935394882
2015,3463,1533.4229273097544
2015,3400,1810.2632623829263
2015,3427,1533.187452871705
2015,3464,1573.0863850279122
2015,3310,1358.0751533128005
2015,3448,1533.7262572965096
2015,3255,1119.9048348205822
2015,3452,1616.523715352265
2015,3184,1175.5395141600234
2015,3453,1919.2548707326105
2015,3266,1431.5397849726191
2015,3455,1928.5856816171588
2015,3166,1612.234996382367
2015,3462,1519.7956740075456
2015,3459,1190.4873210867083
2015,3304,1722.4736099799522
2015,3337,1240.2752392538794
2015,3303,1364.2561676002565
2015,3108,1313.478596055241
2015,3135,1406.4945490715531
2015,3436,1193.0495002235791
2015,3281,1650.372955896891
2015,3442,1419.1304926113323
2015,3282,1138.600047325791
2015,3183,1291.862658766717
2015,3153,1358.598424234446
2015,3115,1173.127422521576
2015,3160,1640.7323743855882
2015,3315,1323.7111809326807
2015,3217,1652.1560453386196
2015,3159,1451.8849826650921
2015,3231,1468.0869009667963
2015,3205,1452.0592992613504
2015,3250,1530.1304860971532
2015,3284,1382.8155278782779
2015,3256,1522.779033426161
2015,3372,1681.5238676566935
2015,3358,1155.317499428364
2015,3209,1383.6805919761484
2015,3316,1287.058862215216
2015,3411,1674.235786208241
2015,3357,1395.053444317359
2015,3182,1779.942041100653
2015,3384,1243.344312656882
2015,3168,1451.2953544276731
2015,3164,1212.0043422419092
2015,3214,1533.4719988348133
2015,3340,1179.8917709943926
2015,3458,1417.0229955043003
2015,3454,1344.663408334131
2015,3226,1373.7404289609203
2015,3347,1490.9766284011507
2015,3426,1545.2649039869802
2015,3420,1452.5366826505342
2015,3213,1375.9400710362827
2015,3270,1415.4203019063834
2015,3393,1745.4929772318692
2015,3265,1633.1002497537431
2015,3277,1719.0160480171535
2015,3185,1776.182016337171
2015,3366,1679.9639570732559
2015,3388,1626.677114835371
2015,3141,1391.2560076378684
2015,3143,1834.1742548288382
2015,3334,1646.136254134271
2015,3180,1639.8808731796348
2015,3181,1787.418742913765
2015,3189,1641.1129207122674
2015,3191,1349.3824041658168
2015,3201,1615.2795027421478
2015,3142,1461.3336066463805
2015,3171,1517.2256997981226
2015,3221,1517.4021788530122
2015,3254,1228.6193900566486
2015,3242,1540.9443585337
2015,3359,1450.5903262602988
2015,3235,1603.1564470986962
2015,3352,1506.8272149516806
2015,3176,1202.4578060099684
2015,3211,1760.3567101001163
2015,3379,1723.004326615894
2015,3375,1160.8431209483895
2015,3144,1572.4471992639244
2015,3112,1369.0569385865576
2015,3219,1603.6350911089492
2015,3110,1836.4022026434031
2015,3230,1060.18475037222
2015,3457,1523.1375497193353
2015,3322,1594.9603601172644
2015,3360,1757.5981481597616
2015,3380,1602.591597915195
2015,3402,1521.2038629286722
2015,3106,1558.3766018249664
2015,3101,1416.8665964773472
2015,3423,1568.8399390795464
2015,3451,1307.3826590594513
2015,3381,1263.0160198261703
2015,3419,1385.7291140586087
2015,3285,1748.9363403711347
2015,3461,1511.5900323614226
2015,3149,993.941588208376
2015,3309,1420.9378252495826
2015,3275,1329.1904452428093
2015,3354,1349.5204102102002
2015,3157,1141.617337498983
2016,3104,1457.5546734726108
2016,3105,1110.8906617140485
2016,3353,1642.9920815942605
2016,3386,1483.8577105126128
2016,3350,1475.9124932876693
2016,3330,1673.64228173316
2016,3347,1558.7487724748148
2016,3206,1485.5420379527893
2016,3343,1785.7189266455212
2016,3110,1260.2847526356697
2016,3338,1534.1812767107942
2016,3447,1061.9076635970437
2016,3336,1547.3440734978803
2016,3221,1342.8636919225382
2016,3334,1399.2828488702667
2016,3167,1469.3357783921986
2016,3333,2074.4258195368275
2016,3255,1251.0655959996536
2016,3329,1728.1030242893614
2016,3249,1316.5925869342066
2016,3328,1802.7273168570505
2016,3457,1081.0857574858537
2016,3318,1593.0346332440388
2016,3131,1086.5590659098305
2016,3355,1813.0459409861874
2016,3265,1493.664564771025
2016,3316,1126.1398444715176
2016,3282,1273.9039079083248
2016,3307,1555.4876465655755
2016,3223,1343.5368877569015
2016,3301,1692.2506100181358
2016,3437,1690.3097386207305
2016,3297,1594.2361104148713
2016,3275,1195.4935448069782
2016,3294,1425.7815922603293
2016,3176,1179.4068668745638
2016,3286,1525.9450933989867
2016,3370,1132.8507738870974
2016,3281,1645.9017625800968
2016,3283,1790.200952542185
2016,3280,1850.9331506507554
2016,3359,1654.3168680664992
2016,3279,1366.0461243170041
2016,3290,925.3393100618545
2016,3278,1668.9278678261696
2016,3459,1268.8187936426075
2016,3274,1837.4192529368245
2016,3460,1640.852609392838
2016,3272,1645.905221132905
2016,3240,1172.3564402329305
2016,3308,1761.2408514731142
2016,3295,1138.072456166481
2016,3360,1669.718423387872
2016,3305,1170.615207510741
2016,3367,1528.035758310147
2016,3313,1098.512024859256
2016,3371,1713.3530917580213
2016,3136,1410.730874042622
2016,3464,1491.7350125745663
2016,3145,1290.886396670334
2016,3456,1291.3566371689583
2016,3291,1312.497642272858
2016,3453,1878.7553630953175
2016,3266,1574.8535096645899
2016,3450,1446.3813378542986
2016,3364,1314.3879503582398
2016,3448,1564.2250448007767
2016,3261,1506.9294053244512
2016,3439,1489.4075149183122
2016,3342,1529.902687993169
2016,3438,1476.6990467749567
2016,3292,1879.1098135077889
2016,3436,1308.4971660367169
2016,3148,1316.958317941333
2016,3433,1744.4837978251826
2016,3164,1504.7041359022846
2016,3428,1560.7910666850003
2016,3377,1829.2900450313057
2016,3417,1946.8824804234573
2016,3385,1788.7088601541088
2016,3415,1754.4177441972693
2016,3201,1678.4632657462253
2016,3408,1689.720008405587
2016,3114,1763.3270093829808
2016,3403,1481.7544594481992
2016,3310,1261.0288381987366
2016,3401,1767.4470015866532
2016,3402,1284.9925816026323
2016,3396,1690.6909601235618
2016,3196,1778.5638292657416
2016,3395,1562.279967699671
2016,3358,1521.5688183756524
2016,3393,2001.9230303363443
2016,3348,1376.050153187002
2016,3392,1395.327269105481
2016,3233,1763.2918899097465
2016,3390,1880.829581720295
2016,3413,1574.8156508729094
2016,3388,1822.6991666263568
2016,3169,1210.6877589345343
2016,3382,1708.3828571879112
2016,3373,1330.086403156429
2016,3379,1336.800054383327
2016,3106,1683.4413901967787
2016,3378,1835.0371955649975
2016,3239,1747.0526570280347
2016,3376,2137.7994828082733
2016,3326,1835.168671782227
2016,3267,1667.7309101944954
2016,3287,1210.891915622317
2016,3263,1814.0685953114803
2016,3217,1591.1856210296064
2016,3362,1883.315587881231
2016,3317,1354.2367471180887
2016,3253,1659.2521376764566
2016,3361,1402.9873420416907
2016,3177,1842.5813723799822
2016,3356,1557.2319381815132
2016,3174,1585.690598620104
2016,3248,1108.6462934564029
2016,3172,1337.707871298426
2016,3202,1462.563383036837
2016,3168,1024.1782313804042
2016,3340,1132.6961460359005
2016,3166,1685.0154963733014
2016,3455,1242.9544822644634
2016,3162,1235.8803945627467
2016,3420,1404.0735583916176
2016,3158,1327.7610613724196
2016,3222,1187.7016579775811
2016,3155,1176.7693107107789
2016,3149,1332.7275603874753
2016,3151,1874.824947053211
2016,3270,1505.0713101376139
2016,3150,1648.1639271397978
2016,3123,1727.8526874782176
2016,3143,1650.7724555594168
2016,3122,1353.6217426130827
2016,3142,1413.747211096853
2016,3394,1253.3815875894197
2016,3141,1771.664603477234
2016,3232,1381.1627888938826
2016,3140,1886.7108465385254
2016,3430,1470.193067160507
2016,3139,1442.5657742485598
2016,3434,1375.0076538037729
2016,3137,1692.27630010939
2016,3156,1454.5009771426364
2016,3135,1411.0064503602166
2016,3126,1465.8079833981562
2016,3133,1289.6253480030098
2016,3178,1589.3242653876123
2016,3132,1353.568598501739
2016,3229,1221.4543994668388
2016,3130,1439.2566763848984
2016,3344,1248.7553550776497
2016,3124,2170.0855408136767
2016,3426,1461.2506408829452
2016,3120,1725.3135885980328
2016,3412,1436.4214086656812
2016,3119,1866.1083800852093
2016,3337,1309.0640975463034
2016,3116,1548.932815539979
2016,3368,1079.3544133365788
2016,3259,1597.2248879941412
2016,3252,1085.9507277419864
2016,3180,1694.3379607238874
2016,3171,1476.3878964973358
2016,3181,1660.09966603219
2016,3335,1859.695985153738
2016,3173,1502.468986187427
2016,3463,1476.3105017976984
2016,3182,1829.8041220087102
2016,3389,1053.7960156370218
2016,3251,1581.4778901059437
2016,3111,1371.7189817008707
2016,3250,1404.0934895129674
2016,3284,1552.7716346847908
2016,3246,1932.4028093182103
2016,3349,1450.1638819117545
2016,3243,1660.2903833137627
2016,3409,1442.4414823357497
2016,3235,1410.053521411037
2016,3214,1323.752008275911
2016,3234,1655.4603692296926
2016,3315,1724.1979659799044
2016,3231,1722.3319478113472
2016,3398,1300.0323974435753
2016,3228,1311.4674861849376
2016,3152,1111.4043341513384
2016,3220,1652.7345504885886
2016,3298,1356.83212186144
2016,3218,1750.3310207393777
2016,3213,1470.6432458838708
2016,3216,1320.8153788957247
2016,3165,1414.6612026921368
2016,3211,1576.9489319850795
2016,3102,1039.6664123750259
2016,3227,1243.6928657420285
2016,3224,1190.5123625752115
2016,3209,1241.24546833651
2016,3244,1297.0759708957598
2016,3183,1125.2122231285916
2016,3237,1540.2676286844876
2016,3210,1759.785801412247
2016,3260,1383.022868338346
2016,3188,1534.1017849094328
2016,3296,1321.9299431325383
2016,3190,1433.0624960649645
2016,3421,1696.169046655934
2016,3193,1454.0185175696183
2016,3247,1249.945229739431
2016,3187,1462.4532436634586
2016,3410,1536.9939895008786
2016,3195,1827.2070350571041
2016,3299,1651.1108543142034
2016,3198,1214.4382071069533
2016,3197,1355.1638139662914
2016,3205,1466.6818986434573
2016,3314,1375.0788390603145
2016,3207,1590.4405116127587
2016,3271,1413.4047598767086
2016,3194,1358.1425690717044
2016,3103,1662.3929675743623
2016,3462,1406.9604618718113
2016,3191,1096.4219260603238
2016,3351,1285.6299284945887
2016,3406,1292.4132932279538
2016,3458,1255.450175634586
2016,3256,1374.7206889304728
2016,3452,1849.6713561496692
2016,3175,1201.9959218427082
2016,3449,1821.74176706021
2016,3365,1790.156617018678
2016,3424,1496.15698516189
2016,3381,1186.9280599281437
2016,3404,1639.1967542329992
2016,3400,1966.9057343578138
2016,3427,1346.8828667419516
2016,3387,1799.8399866717566
2016,3369,1276.773532491425
2016,3304,1552.9557886941225
2016,3115,1167.6981983274075
2016,3112,1506.9977504550068
2016,3405,1644.5947920293497
2016,3276,1595.9604993186529
2016,3127,1465.421338322162
2016,3303,1455.9626627875016
2016,3416,1269.5552744916997
2016,3117,1755.8867336873816
2016,3399,1344.2661446442814
2016,3153,1216.5880738286928
2016,3384,1416.9878324731555
2016,3160,1367.9239668723408
2016,3258,1468.1163253610407
2016,3138,1786.4418771027922
2016,3254,1182.6119103666608
2016,3203,1891.782248354543
2016,3212,1485.3649556008456
2016,3264,1338.3912329832751
2016,3192,1208.9505367151394
2016,3268,2049.3973601592124
2016,3262,1126.2428507726092
2016,3170,1488.2241320425533
2016,3429,1387.4544126014666
2016,3200,1556.2184026671448
2016,3332,1612.460320091161
2016,3323,2201.00873405907
2016,3219,1346.557451444811
2016,3184,1551.1513520504866
2016,3293,1423.8486463942688
2016,3277,1893.587324491731
2016,3444,1490.2132517518749
2016,3321,1601.5210669198877
2016,3285,1624.1177773232973
2016,3363,1463.2954042885287
2016,3422,1086.765172660393
2016,3451,1464.4042464030692
2016,3442,1377.597300490413
2016,3435,1628.0110051067375
2016,3374,1372.8124442136084
2016,3322,1555.2906586729987
2016,3431,1740.8865153288884
2016,3380,1578.4900637478406
2016,3397,1717.8741427607379
2016,3146,1792.3525011219429
2016,3309,1217.3912557319286
2016,3414,973.7859147915449
2016,3418,1550.6602536145601
2016,3107,1888.610328029309
2016,3346,1784.131393944145
2016,3125,1755.668502916879
2016,3324,1450.7088815942402
2016,3257,1970.5316079511904
2016,3157,1288.3345688640684
2016,3179,1628.229097652069
2016,3352,1597.8504765263613
2016,3208,1721.9873100920227
2016,3391,1548.8021664497658
2016,3269,1490.6400397292105
2016,3186,1513.2323826715542
2016,3204,1146.4054421915382
2016,3113,1898.8529089033648
2016,3245,1255.5556323004453
2016,3159,1231.1715458963586
2016,3242,1280.577763418395
2016,3411,1484.1694936066156
2016,3241,1952.6316597053976
2016,3419,1384.3457989714022
2016,3383,1162.237169249923
2016,3325,1727.7385677248387
2016,3225,1715.463701861471
2016,3319,1084.8979745183055
2016,3357,1614.373982182805
2016,3306,1417.989384550889
2016,3339,1137.81544505107
2016,3345,1656.574257819201
2016,3425,1550.7240180269055
2016,3454,1697.9968791521885
2016,3273,1727.1992309819123
2016,3129,1500.898388703137
2016,3144,1391.8470447725115
2016,3300,1110.4034093550208
2016,3163,2144.926291528694
2016,3312,986.2155066283253
2016,3354,1356.9902101652594
2016,3331,1525.4540869631173
2016,3101,1768.7072680052006
2016,3189,1548.688330205038
2016,3199,1855.004906557804
2016,3238,1233.572734469265
2016,3341,1308.9022197399643
2016,3311,1256.7311370397713
2016,3407,1802.631366440072
2016,3320,1720.4974344445054
2016,3108,1362.6544096463354
2016,3161,1966.6256376895917
2016,3230,1101.111911124139
2016,3288,1330.037058585592
2016,3441,1232.9015142441638
2016,3226,1629.7158371331657
2016,3443,1752.4733657499846
2016,3236,1243.2442514705187
2016,3375,1504.265131677851
2016,3461,1335.277891931472
2016,3372,1521.38391041008
2016,3185,1685.2142389261983
2016,3366,1254.9008144383313
2016,3423,1176.240150614398
2017,3104,1652.9416795226227
2017,3309,1259.248205565835
2017,3357,1365.5760669647918
2017,3193,1562.1471980181905
2017,3355,1664.1386958448766
2017,3166,1860.354118385378
2017,3351,1684.2683640481036
2017,3343,1667.7494811338977
2017,3349,1530.189640214657
2017,3341,1392.720953839169
2017,3346,1827.4258302433159
2017,3195,1790.897121490645
2017,3344,1354.1674961488818
2017,3159,1280.6692120060122
2017,3333,1991.151748405738
2017,3249,1582.8638348372936
2017,3329,1591.826020773072
2017,3117,1272.2959259997442
2017,3326,1899.8614929400585
2017,3182,1667.0028010721458
2017,3323,2140.605596164057
2017,3141,1746.3545534073141
2017,3321,1612.0269945857847
2017,3214,1599.3840402834705
2017,3320,1744.767861511913
2017,3237,1762.8533503530618
2017,3362,1583.6659239452288
2017,3170,1232.6582780555111
2017,3319,1262.0156017123704
2017,3431,1263.6778781033447
2017,3316,1208.5816345271203
2017,3197,1412.0320302174855
2017,3314,1522.212023140106
2017,3106,1444.7996968823009
2017,3310,1231.5163103453335
2017,3382,1272.772987438025
2017,3308,1762.9533835499192
2017,3363,1399.729070151967
2017,3296,1648.1613530163584
2017,3260,1066.6336460727307
2017,3281,1811.0974997699848
2017,3101,1735.7520589628652
2017,3280,1916.257171823088
2017,3437,1639.803445482125
2017,3279,1590.2673260158851
2017,3368,1081.932890820818
2017,3277,1748.562789551102
2017,3172,1312.362473278951
2017,3276,1645.964732741339
2017,3324,1591.8109857268219
2017,3275,1365.3108357034603
2017,3122,1366.6514600577493
2017,3272,1518.2256220182298
2017,3283,1520.8281038621733
2017,3318,1486.035750991345
2017,3131,1516.5942380360514
2017,3365,1438.3526210289424
2017,3226,1593.033797459444
2017,3371,1401.2348874503045
2017,3366,1296.3283703085915
2017,3374,1615.8305325149136
2017,3402,1464.749577973639
2017,3460,1609.3215002933584
2017,3399,1270.2735909358553
2017,3453,1805.572702119312
2017,3189,1920.7723211225878
2017,3450,1550.9795795540513
2017,3258,1464.2442160760074
2017,3449,1871.820594887584
2017,3186,1598.6011034599765
2017,3448,1601.4645845463276
2017,3298,1648.784162684384
2017,3443,1952.5366452312899
2017,3105,975.6777327582819
2017,3439,1458.5736772251755
2017,3421,1598.448447927749
2017,3438,1725.9985977205488
2017,3292,1717.9430148159738
2017,3435,1499.5817543351263
2017,3244,1464.7747371293494
2017,3433,1536.3423890994734
2017,3164,1206.5862122084773
2017,3425,1534.4040289800419
2017,3218,1424.4702104415778
2017,3423,1451.133914322631
2017,3313,1266.9364248561265
2017,3420,1467.9764274584888
2017,3162,1383.745427100189
2017,3417,1916.2681775593346
2017,3334,1253.1061968204551
2017,3416,1737.9621926156233
2017,3198,1146.8203332246903
2017,3415,1408.1504772023304
2017,3361,1343.903104827497
2017,3413,1702.3934088510907
2017,3339,1246.118789774121
2017,3412,1423.2857514493464
2017,3205,1203.605048434378
2017,3409,1517.332053068637
2017,3282,1314.0100339544695
2017,3406,1315.2474797581947
2017,3262,1027.1220222278841
2017,3397,1716.1162924896194
2017,3241,1797.0934367904572
2017,3396,1858.773141271507
2017,3386,1666.9815169802177
2017,3395,1371.5645786276887
2017,3230,1265.223941435964
2017,3393,1821.6453478867468
2017,3348,1215.9270796112826
2017,3390,2043.2338267907783
2017,3142,1280.095737120689
2017,3387,1699.294177063077
2017,3414,1126.9535845580408
2017,3377,1575.1102025975624
2017,3188,1431.6957735463875
2017,3267,1324.8533669975632
2017,3228,1362.8056188781106
2017,3266,1954.0749777543951
2017,3255,1020.6833815930598
2017,3360,1450.6548517098963
2017,3168,1018.1112948319117
2017,3263,1600.1029135199742
2017,3345,1862.87315070898
2017,3179,1957.1342991819772
2017,3315,1603.3169725522491
2017,3178,1619.0488889404114
2017,3175,964.2672254662481
2017,3177,1865.6625706513983
2017,3111,1328.95301402613
2017,3176,1166.2933834491864
2017,3102,1170.727631854412
2017,3171,1437.6271075410802
2017,3148,1270.0526017051911
2017,3169,1555.1884871804355
2017,3340,1493.8456797668125
2017,3165,1622.1689968238488
2017,3306,1740.2259456055224
2017,3161,1712.2311413324628
2017,3303,1597.1353736449335
2017,3160,1538.758016502622
2017,3294,1569.5741359397102
2017,3155,1581.5183762193624
2017,3157,1383.9063923450387
2017,3153,1387.3148095219678
2017,3369,1364.485649758079
2017,3151,1779.6695773980493
2017,3353,1242.4949516681515
2017,3150,1551.1865272056405
2017,3458,1409.989038732277
2017,3143,1647.7030109064874
2017,3388,1694.4796449720973
2017,3140,1644.881399956845
2017,3430,1227.4321778735102
2017,3138,1632.8390137563397
2017,3269,1134.7387421322876
2017,3137,1812.046074538038
2017,3127,1363.244736459449
2017,3136,1515.033871193857
2017,3436,1373.317520883173
2017,3135,1574.6175614801039
2017,3224,1442.601566613765
2017,3125,1856.2972513774318
2017,3236,1204.1898056518903
2017,3124,2009.3734076069607
2017,3223,1141.9197410280656
2017,3123,1669.8946535841371
2017,3115,1268.973453542001
2017,3120,1557.0357897638191
2017,3407,1659.0622479414503
2017,3116,1323.559154393951
2017,3358,1145.895119475632
2017,3114,1743.5262618434524
2017,3317,1453.1580990730868
2017,3264,1181.540850431749
2017,3221,1185.0305263991092
2017,3110,1508.9415198142606
2017,3464,1203.8583175419187
2017,3180,1597.4755098509224
2017,3336,1675.2761428287565
2017,3181,2009.5970843363236
2017,3251,1414.4390221220406
2017,3113,1719.3862930292962
2017,3229,1280.0224769287072
2017,3190,1405.9080723980057
2017,3139,1306.9380474013817
2017,3184,1464.9348622366874
2017,3132,1310.403207018722
2017,3261,1669.4272171178377
2017,3256,1659.1660930279536
2017,3259,1311.6463364173128
2017,3252,1202.7282399224548
2017,3257,1960.7804100632145
2017,3404,1487.007390719037
2017,3253,1690.5977768828773
2017,3305,1326.0279256345732
2017,3248,1210.484179509033
2017,3247,1480.994769293885
2017,3246,1856.5882256973614
2017,3274,1891.9828743084545
2017,3245,1692.1308106925462
2017,3133,1385.4220226419727
2017,3243,1805.533359438591
2017,3152,944.1041942522263
2017,3235,1770.4927595834245
2017,3364,1537.4309559931635
2017,3233,1565.1100054646045
2017,3392,1340.106118758741
2017,3232,1219.4277280978242
2017,3297,1191.5014696827766
2017,3231,1682.2854483032695
2017,3342,1431.9788789942036
2017,3234,1561.6952915135487
2017,3331,1453.2440550153417
2017,3220,1455.6284798935994
2017,3265,1469.7283842751797
2017,3196,1566.4484047617805
2017,3375,1345.4092468257372
2017,3225,1513.0366979590126
2017,3370,1453.201321902267
2017,3200,1620.402793978948
2017,3202,1371.243477563241
2017,3204,1399.256412760615
2017,3299,1364.902855562598
2017,3206,1343.4899790456784
2017,3347,1584.731138424577
2017,3207,1611.891431442361
2017,3203,1668.6907203689977
2017,3199,1832.0402008376147
2017,3240,1415.2456154998129
2017,3209,1404.095465256418
2017,3287,1495.1031245043634
2017,3210,1590.7530840246309
2017,3359,1423.7644531502156
2017,3213,1334.8169497823358
2017,3108,1265.3265085705546
2017,3216,1424.0712789727131
2017,3130,1388.3326663086561
2017,3208,1673.9273189028258
2017,3354,1002.1144783860819
2017,3312,1262.1407084483005
2017,3447,1043.0191104171895
2017,3452,1875.8633066486966
2017,3149,1457.5649726323327
2017,3428,1566.722634941411
2017,3286,1798.0939905995544
2017,3418,1605.7941417913578
2017,3270,1314.925275764046
2017,3408,1526.455023159879
2017,3212,1567.4488118829834
2017,3405,1895.3359199754511
2017,3394,1416.6737109308349
2017,3462,1334.8674151133991
2017,3398,1299.6598596729286
2017,3338,1424.4401897261027
2017,3291,1378.91100442244
2017,3307,1421.623783290794
2017,3192,1193.7186522623526
2017,3391,1740.6416735315174
2017,3434,1364.7000884342199
2017,3301,1807.4008171986836
2017,3459,1298.2061132335164
2017,3304,1376.9175347367955
2017,3410,1380.191916052357
2017,3156,1428.7633327002113
2017,3191,1528.0112392273688
2017,3119,1559.9440524362005
2017,3254,1185.6603748693453
2017,3211,1788.4115265849828
2017,3311,1244.351089531627
2017,3107,1736.7228296956368
2017,3278,1573.7757711043007
2017,3217,1557.2578945204184
2017,3185,1160.4681159771494
2017,3379,1779.3571867266942
2017,3372,1670.496177540259
2017,3173,1838.7168220380888
2017,3332,1747.6202117994455
2017,3328,1757.6155277380744
2017,3356,1499.3672484140775
2017,3325,1583.6080384266172
2017,3219,1542.5567775676966
2017,3145,1350.9086215074428
2017,3389,1030.4501234233694
2017,3384,1349.957400539243
2017,3411,1680.498730024348
2017,3284,1437.4054267799254
2017,3352,1638.5175601606395
2017,3463,1627.0537691037912
2017,3455,1522.503926073257
2017,3454,1569.752401335389
2017,3442,1886.834968242187
2017,3444,1573.0152411667755
2017,3426,1625.965290911462
2017,3427,1432.964365342005
2017,3403,1508.8049260239486
2017,3401,1750.544692304495
2017,3146,1849.059874682954
2017,3385,1730.8638379635943
2017,3456,1629.293071924406
2017,3242,1340.9436332794794
2017,3174,1524.9203166252255
2017,3461,1620.7648977411015
2017,3335,1894.124720142469
2017,3167,1428.3286968186956
2017,3350,1388.7404028510011
2017,3250,1275.686795921322
2017,3441,1329.4228524478408
2017,3419,1165.1980382866557
2017,3112,1579.369934946206
2017,3158,1313.4983190485186
2017,3187,1352.5048558654878
2017,3268,2015.7782850620722
2017,3337,1192.2558153420705
2017,3383,1127.7488327696137
2017,3239,1658.7175804818341
2017,3126,1619.9392730970865
2017,3273,1738.313537848232
2017,3222,1479.5440772059242
2017,3457,943.086222539477
2017,3367,1142.779985429341
2017,3376,2046.8504149561757
2017,3293,1286.5491108664385
2017,3373,1528.4724623343911
2017,3422,1529.7824701923425
2017,3429,1530.3983060845574
2017,3400,1854.0202478633262
2017,3295,1206.7703382417728
2017,3163,2168.2242673499386
2017,3183,1263.578934961337
2017,3290,1188.9539731710558
2017,3194,1040.4824874175747
2017,3227,1210.6725685193223
2017,3378,1824.1472038874567
2017,3424,1597.4151038578225
2017,3201,1591.2855652591616
2017,3381,1180.8883863686601
2017,3288,1291.2518948406998
2017,3300,1250.8045973414353
2017,3380,1405.3251556350708
2017,3103,1176.3417143677957
2017,3451,1329.4726600608215
2017,3144,1445.2312998156408
2017,3129,1816.883721824557
2017,3271,1284.6648734136593
2017,3330,1545.4143379133493
2017,3285,1278.04270373817
2017,3238,1375.6624183812132
2017,3322,1276.3920166085122
2018,3104,1551.201234048465
2018,3105,1203.8958039150766
2018,3361,1217.5695094658097
2018,3342,1399.77815708531
2018,3355,1892.5890047238368
2018,3312,1137.311805606799
2018,3353,1594.201153296303
2018,3241,1754.347795069199
2018,3350,1511.0462511751773
2018,3193,1361.1485604331626
2018,3349,1616.0122526699265
2018,3213,1443.0029956492021
2018,3348,1042.571801900129
2018,3262,1052.495797339581
2018,3345,1589.155107168565
2018,3141,2037.795598082069
2018,3343,1931.1620367536075
2018,3203,1794.9142728655127
2018,3339,1213.5943809569421
2018,3218,1326.3927754319602
2018,3338,1355.476128164454
2018,3464,1707.0439212594306
2018,3337,1323.0831192531482
2018,3253,1382.088908729019
2018,3336,1538.3842761405717
2018,3373,1489.4399424398823
2018,3333,1857.564907012975
2018,3315,1218.805550403112
2018,3332,2073.6587725472464
2018,3169,1641.4934158969763
2018,3329,1664.5469201131432
2018,3230,1211.4442741635814
2018,3328,1694.460693172448
2018,3125,1927.696803693142
2018,3326,1970.8495885536447
2018,3390,1905.310332350915
2018,3321,1471.1278378493878
2018,3152,998.9987046575817
2018,3307,1549.7554069577886
2018,3444,1654.6342941761798
2018,3301,1877.2291797641203
2018,3239,1705.9572672772747
2018,3299,1775.971183809185
2018,3204,1067.5079085936704
2018,3298,1709.4427944145104
2018,3265,1633.303698890638
2018,3296,1456.0070589543272
2018,3183,1075.1268487972152
2018,3294,1821.9632993669745
2018,3177,1964.6737061267263
2018,3292,1616.7353133032766
2018,3435,1366.631285529405
2018,3362,1600.3147681887071
2018,3142,1523.3035358863174
2018,3284,1393.9254988529092
2018,3357,1478.6017135942682
2018,3364,1384.317593832689
2018,3319,1240.7363406580835
2018,3374,1359.8698689591636
2018,3311,1717.6607877577826
2018,3463,1608.6325079986557
2018,3254,1426.6915033911885
2018,3452,1634.599566788415
2018,3148,1316.4680414621384
2018,3451,1519.4742961278366
2018,3430,1223.9432722748768
2018,3448,1544.727895749753
2018,3411,1443.556392990246
2018,3443,1757.0869147821531
2018,3281,1792.4145548368165
2018,3442,1674.91957611452
2018,3282,1292.0840400979237
2018,3439,1658.9032421174104
2018,3447,1184.4497902936168
2018,3437,1714.3022057457335
2018,3216,1626.1241771038185
2018,3428,1503.8039753740156
2018,3305,1555.58265923872
2018,3425,1717.037990278596
2018,3286,1413.2709213095295
2018,3424,1562.1559722268269
2018,3340,1579.0053212859534
2018,3418,1503.1159770280249
2018,3309,1393.2053896370467
2018,3417,1884.7542774206652
2018,3363,1146.728204679925
2018,3414,1413.2373147376984
2018,3429,1243.025014321465
2018,3413,1652.8705565952607
2018,3450,1365.6378644456909
2018,3408,1513.9588765327037
2018,3263,1807.2918257957863
2018,3405,1477.7408661271813
2018,3384,1746.0623046948392
2018,3401,1885.64729112226
2018,3222,1513.9837695466508
2018,3396,1434.6604575680053
2018,3175,1181.019099025154
2018,3393,1718.732023604281
2018,3288,1306.3270531297171
2018,3387,1586.9590399912668
2018,3232,1373.5218410900247
2018,3385,1579.9210066869339
2018,3383,1343.7737713963172
2018,3382,1206.6339423938557
2018,3310,1386.6782294289767
2018,3378,1941.3075279399775
2018,3261,1785.1826951201042
2018,3376,2047.6330007168358
2018,3106,1153.2033716810033
2018,3371,1538.754697882915
2018,3389,965.410225341906
2018,3280,2079.145545593043
2018,3438,1783.9903151406595
2018,3356,1500.7800687188
2018,3404,1648.0551367993596
2018,3276,1697.1026065110839
2018,3206,1575.8784589738182
2018,3179,1882.720929850206
2018,3454,1581.4602203554268
2018,3176,1456.8664117361718
2018,3102,1378.5657213612258
2018,3173,1771.4261731292058
2018,3217,1748.1904148466956
2018,3172,1388.8951848376705
2018,3441,1123.9677118121485
2018,3171,1543.1630519462135
2018,3436,1249.615017857144
2018,3166,1695.76181917609
2018,3455,1541.972247040649
2018,3162,1326.919501322222
2018,3344,1317.4913577919017
2018,3160,1532.8918579490817
2018,3359,1490.6969030219366
2018,3159,1251.8967958373996
2018,3145,1324.6941333213426
2018,3158,1275.4243806641566
2018,3252,1417.6719983796822
2018,3155,1291.815110826854
2018,3244,1182.4538324386765
2018,3150,1545.0874697770241
2018,3182,1641.3123352779244
2018,3185,1439.576319172857
2018,3197,1246.3978768163695
2018,3143,1753.907419893348
2018,3388,1611.1936298337655
2018,3138,1935.7493074209692
2018,3174,1628.69742548972
2018,3137,1768.6022651988824
2018,3351,1481.8790860950467
2018,3133,1232.224069555743
2018,3303,1351.643650207642
2018,3132,1309.8341098099054
2018,3184,1195.4645457539784
2018,3131,1216.9180098970944
2018,3318,1556.266317371139
2018,3130,1321.404133174056
2018,3136,1252.839987541436
2018,3124,2143.982773241596
2018,3249,1715.0058871187975
2018,3119,1551.8037879911087
2018,3127,1501.7076031609056
2018,3116,1429.1491884670918
2018,3358,1054.5526405051528
2018,3112,1297.868677567376
2018,3233,1056.5365552861251
2018,3279,1375.3996699774705
2018,3322,1064.0061486548336
2018,3108,1289.7050607798653
2018,3368,1278.4576400131932
2018,3140,1435.562216188385
2018,3381,1039.8461705218501
2018,3187,1541.7433546367274
2018,3367,1336.250600051661
2018,3110,1793.1559124113578
2018,3409,1363.594426985547
2018,3190,1670.8025431317994
2018,3153,1711.9756840641653
2018,3275,1758.6359373624546
2018,3178,1114.8304350279693
2018,3274,1790.3336486822013
2018,3198,1278.875947768609
2018,3273,1954.322974292315
2018,3416,1784.1663327104545
2018,3272,1433.2727737022276
2018,3398,1194.0795834504734
2018,3268,1852.8399985228416
2018,3107,1633.4963956065433
2018,3267,1289.7166191218346
2018,3255,1242.5497565589683
2018,3259,1374.1177697912544
2018,3165,1385.7206989940664
2018,3258,1537.9744479910344
2018,3415,1457.5064814015552
2018,3189,1939.9224016189958
2018,3457,1078.280070241067
2018,3256,1640.135462907404
2018,3212,1597.5548799996498
2018,3251,1761.8696983159437
2018,3330,1356.509308026263
2018,3247,1197.3833745593786
2018,3248,1323.155165990474
2018,3246,1641.8360694062828
2018,3170,1266.9748639162954
2018,3257,2131.949496480767
2018,3369,1390.01558782733
2018,3237,1610.64022978353
2018,3320,1694.2261467827218
2018,3235,1609.8640396739547
2018,3377,1847.3513355683517
2018,3234,1830.6528764726695
2018,3346,1923.6956566689253
2018,3228,1237.0254979002123
2018,3236,1135.6928514967974
2018,3226,1576.1299478996095
2018,3370,1583.2231782034153
2018,3225,1628.0854950056162
2018,3161,1557.6114650840777
2018,3214,1633.520433560944
2018,3314,1497.8936593679218
2018,3210,1636.781662824009
2018,3111,1326.6908136626178
2018,3201,1485.875027145019
2018,3186,1542.7702454054418
2018,3200,1639.3449701600189
2018,3420,1221.180874115853
2018,3199,1919.6303211864274
2018,3316,1383.4412730947272
2018,3243,1541.43271362345
2018,3372,1677.4794790829199
2018,3323,2093.32596234106
2018,3291,1200.795909507851
2018,3324,1456.5053333621308
2018,3229,1449.108836695694
2018,3392,1592.3081493525583
2018,3264,1318.3000336096031
2018,3395,1682.3143309726227
2018,3331,1534.4237641459363
2018,3462,1320.6027965582057
2018,3306,1557.5626108383465
2018,3426,1497.455448004076
2018,3431,1440.3016262481462
2018,3167,1486.7510475115225
2018,3453,1947.057642620567
2018,3151,1471.6217613531903
2018,3456,1408.0181109530763
2018,3224,1271.830764296526
2018,3412,1736.596112467514
2018,3290,1037.514959666167
2018,3287,1532.8937271684395
2018,3304,1757.9082176170289
2018,3188,1460.7398401611795
2018,3278,1821.7499137247366
2018,3250,1343.6594497582196
2018,3123,1716.9379934735236
2018,3156,1591.927163732158
2018,3139,1448.723178231607
2018,3122,1351.4017637441345
2018,3196,1400.1470090175337
2018,3209,1244.6783419579992
2018,3168,1181.8544841293353
2018,3365,1287.1127399625575
2018,3245,1449.9888384631372
2018,3297,1329.6482952105598
2018,3277,1628.632366397378
2018,3352,1663.3541925974864
2018,3231,1789.3676188855322
2018,3117,1344.6988590810347
2018,3180,1846.9437676179944
2018,3347,1689.879271772419
2018,3313,1446.594644147872
2018,3433,1282.4695773326705
2018,3295,1205.8728412922615
2018,3325,1485.0427906663554
2018,3219,1389.5770834674256
2018,3397,1825.674541462034
2018,3223,1283.754631200871
2018,3386,1673.614795864392
2018,3400,1938.5258530023743
2018,3391,1385.6833290798131
2018,3402,1671.3270950453584
2018,3403,1245.4391995579863
2018,3421,1556.8281360211308
2018,3308,1498.952436631166
2018,3458,1310.674315171272
2018,3269,1410.7422070833159
2018,3406,1233.4839731629024
2018,3113,1726.554620052214
2018,3427,1454.8559644950053
2018,3114,1826.433679096254
2018,3164,1097.8733396803077
2018,3135,1391.4651511868335
2018,3103,1319.446691373691
2018,3163,2192.9245178297256
2018,3181,1788.0643670136242
2018,3191,963.2972782240838
2018,3293,1306.4956206862919
2018,3195,1851.571973489057
2018,3240,1575.1575495632405
2018,3202,1437.3241055503465
2018,3354,1323.1234317305668
2018,3208,1844.0517904098258
2018,3459,1174.1797915875773
2018,3194,1365.1477271544463
2018,3149,1235.3860928575866
2018,3205,1343.6340235493305
2018,3242,1330.9193061594258
2018,3144,1338.7541775318457
2018,3260,1233.2937872871385
2018,3449,1273.7281698406562
2018,3221,1411.9150447790448
2018,3220,1255.0795647633538
2018,3266,1861.0153096281301
2018,3334,1430.8294792152165
2018,3461,1583.0299199961885
2018,3285,1367.2319020078323
2018,3120,1549.763150707669
2018,3419,1018.6379501990763
2018,3366,1086.7494664146939
2018,3283,1651.6182440658752
2018,3126,1645.9502189327832
2018,3211,1883.7590048932875
2018,3192,1226.2032162653145
2018,3271,1388.8593875367706
2018,3360,1525.2353109129144
2018,3379,1339.4193047878623
2018,3422,1425.5112806562902
2018,3157,1535.485235084562
2018,3410,1264.6517717280847
2018,3394,1462.35544522022
2018,3460,1723.562058277606
2018,3146,1580.4400095226642
2018,3207,1748.8738148723673
2018,3380,1521.3676902926443
2018,3399,1220.4862886811247
2018,3300,1257.55917862171
2018,3423,1438.841183882952
2018,3270,1288.459784390176
2018,3335,1820.934266795007
2018,3407,1548.934323306871
2018,3238,1321.160277161759
2018,3227,1160.167529740809
2018,3129,1795.7012123336908
2018,3375,1391.6897940697177
2018,3101,1309.7708857933212
2018,3115,1280.741677663924
2018,3317,1528.0300713589568
2018,3341,1444.0006957962555
2018,3434,1313.9703525718242
2019,3113,1757.104669231883
2019,3230,1209.3450979907866
2019,3281,1817.8446913611635
2019,3442,1382.6284154168925
2019,3314,1707.5498132861715
2019,3189,1274.083994685296
2019,3319,1509.4746051058412
2019,3201,1545.4009777880556
2019,3330,1554.674096100975
2019,3144,1569.6913372587132
2019,3337,1678.3097614366525
2019,3218,1642.9508885572318
2019,3343,1917.16313805964
2019,3351,1558.556815032815
2019,3353,1795.8204896827217
2019,3384,1496.778944829132
2019,3371,1492.6808990430516
2019,3447,1217.3975098391336
2019,3378,1634.3872918460497
2019,3326,1626.2396492941032
2019,3382,1215.1895734592076
2019,3310,1193.3305438227626
2019,3389,992.9463979802807
2019,3312,1154.8432176973165
2019,3393,1882.491470656294
2019,3315,1398.046567478918
2019,3395,1653.0053631689461
2019,3182,1634.5427761689855
2019,3396,1427.9497922787757
2019,3175,1171.5482369149609
2019,3404,1700.6353431942443
2019,3359,1264.5460966564187
2019,3409,1389.450025678869
2019,3391,1436.3159733173843
2019,3425,1620.1861576446431
2019,3415,1550.399435856708
2019,3429,1538.274900835969
2019,3450,1415.2636291732094
2019,3430,1223.4659281743795
2019,3364,1386.0251080845917
2019,3433,1673.658911130143
2019,3456,1466.0093447596366
2019,3439,1685.795330280873
2019,3367,1068.8962341446947
2019,3448,1327.0396796835628
2019,3406,1712.4129726047663
2019,3452,1704.7890121239498
2019,3164,1209.683436364386
2019,3459,1448.4273521529888
2019,3204,1186.8342679720229
2019,3463,1493.565491638512
2019,3159,1382.1907575904688
2019,3464,1577.6829915068436
2019,3352,1656.921743640351
2019,3466,1399.2911366380513
2019,3435,1279.9006233979587
2019,3280,2081.9817465809538
2019,3369,1362.9022606884616
2019,3279,1283.018015904658
2019,3313,1463.537206349043
2019,3321,1541.945598050312
2019,3453,1714.5068794538583
2019,3274,1837.5216030073163
2019,3198,1171.5043211476936
2019,3120,1735.55027158771
2019,3212,1477.543413537812
2019,3124,2151.145959942291
2019,3311,1565.0801380492646
2019,3135,1200.0409112776163
2019,3148,1119.974508734259
2019,3136,1353.4187273866496
2019,3262,1137.6098625882823
2019,3137,1868.7144871549683
2019,3284,1398.7542614682066
2019,3143,1746.9926130037086
2019,3222,1509.0525372018194
2019,3153,1709.5642377526717
2019,3122,1397.3068300171126
2019,3157,1483.4902525323382
2019,3441,973.0606557395465
2019,3277,1665.3258171505493
2019,3132,1385.7751411779873
2019,3167,1345.6376053617114
2019,3460,1826.3143788076395
2019,3168,1316.9552809526233
2019,3370,1153.5660725402645
2019,3187,1514.9270374600635
2019,3271,1437.7319013912477
2019,3199,1789.7875349588883
2019,3407,1646.0757229135202
2019,3205,1363.4090395800538
2019,3196,1438.9410695579343
2019,3160,1397.6050642233563
2019,3294,1566.9901592767894
2019,3207,1726.642174655568
2019,3350,1347.1176680922888
2019,3206,1416.692772352745
2019,3259,1379.9886432937394
2019,3266,1831.6992995565702
2019,3355,1900.4064170524816
2019,3264,1444.6181849116545
2019,3254,1099.7331708467589
2019,3261,1557.4027748220385
2019,3358,1481.103141297366
2019,3258,1591.2005240351614
2019,3417,1874.8246778534294
2019,3269,1441.9300989661704
2019,3357,1510.2099779097368
2019,3249,1746.8913948155596
2019,3418,1230.09966166469
2019,3240,1454.5964708959575
2019,3197,1061.228470969186
2019,3225,1640.1149201543642
2019,3169,1477.4352441106964
2019,3224,1372.8763626459229
2019,3247,1291.817401185514
2019,3220,1422.980714084806
2019,3233,1227.4743963160022
2019,3257,2043.7052233594827
2019,3443,1665.0790775884593
2019,3345,1572.3562318220932
2019,3123,1285.5197166335697
2019,3347,1809.7535946828186
2019,3354,1349.9409298930161
2019,3377,1759.4115735129444
2019,3166,1702.7441244568076
2019,3381,1265.971083688555
2019,3360,1227.9094243474926
2019,3390,2079.150337810347
2019,3413,1893.114498765543
2019,3428,1522.279471198826
2019,3305,1443.820223930727
2019,3416,1828.155299226233
2019,3338,1462.0397062165164
2019,3437,1610.996624642643
2019,3216,1709.3509475994958
2019,3455,1328.8774694896888
2019,3115,1090.7075717039156
2019,3301,1932.264957079831
2019,3125,1850.9190666407796
2019,3401,1852.6133448222072
2019,3349,1986.5836683085154
2019,3293,1471.44911730434
2019,3191,1170.753163257363
2019,3232,1180.0046406061558
2019,3267,1437.8070001465524
2019,3246,1817.267130483609
2019,3106,1352.6700181422875
2019,3104,1480.697207680338
2019,3368,1081.5566276862405
2019,3179,1865.7822002511816
2019,3304,1616.8081474077283
2019,3211,1870.2392614070018
2019,3285,1328.66980766451
2019,3214,1390.0480688121718
2019,3194,1121.7463811815921
2019,3226,1615.1563383506782
2019,3465,1571.2532600217903
2019,3209,1546.2674304922366
2019,3422,1232.2702127426323
2019,3228,1292.5643984849573
2019,3105,1296.0113671262834
2019,3231,1652.6236045258618
2019,3454,1455.0778442943356
2019,3272,1367.4394303037236
2019,3238,1592.6937563950733
2019,3242,1372.078205941681
2019,3282,1408.4453221040915
2019,3227,1000.3333451587386
2019,3434,1282.3219858961056
2019,3296,1587.1107721039066
2019,3458,1533.648040597539
2019,3457,1106.345657399886
2019,3449,1558.5818661229187
2019,3444,1351.018543914468
2019,3236,1183.3451605538132
2019,3408,1287.913338819058
2019,3411,1435.592545353641
2019,3336,1413.113143635559
2019,3344,1581.8898943095103
2019,3241,1826.002828622309
2019,3203,1310.5668670343732
2019,3400,1758.5469760367002
2019,3150,1637.9655689365622
2019,3421,1514.4832912438546
2019,3141,1831.37898466561
2019,3324,1147.7867542289234
2019,3130,1425.6759856237952
2019,3348,1171.9473020165024
2019,3129,1855.7883346368405
2019,3155,1753.229358401901
2019,3329,1378.446757073795
2019,3117,1390.2056897791447
2019,3328,1412.585053536695
2019,3178,1080.166610231547
2019,3323,2143.9144318724557
2019,3217,1625.3573162764624
2019,3320,1641.314160535307
2019,3174,1610.1714775744347
2019,3318,1604.7818598681106
2019,3131,1430.1919561606571
2019,3303,1144.1649721320646
2019,3307,1638.750980750623
2019,3402,1481.7523362124082
2019,3275,1737.039066023089
2019,3145,1279.9063109576698
2019,3292,1655.2793539008667
2019,3287,1602.7468481894819
2019,3299,1634.3533348373367
2019,3438,1604.7400893097508
2019,3278,1682.665696550294
2019,3306,1121.5400886165578
2019,3276,1744.9482211623454
2019,3291,1371.0025895839672
2019,3333,1830.7674422833697
2019,3142,1248.9169391135981
2019,3245,1672.244663045362
2019,3309,1323.60137570263
2019,3412,1710.0965102841787
2019,3111,1617.9655664350669
2019,3392,1600.458099164968
2019,3372,1677.2157415953868
2019,3253,1323.9794134549516
2019,3260,1329.832658635923
2019,3424,1494.2766066185582
2019,3273,1787.0950216536683
2019,3436,1301.8760855117328
2019,3255,1038.7028269791927
2019,3356,1497.699000297731
2019,3403,1557.4748399236987
2019,3386,1409.6671892559907
2019,3388,1717.7802831041893
2019,3461,1690.3128924185503
2019,3387,1540.3629381542107
2019,3184,995.5556975936373
2019,3107,1423.270086388277
2019,3374,1368.4315288422713
2019,3419,1337.3430823322167
2019,3362,1260.1785681125773
2019,3363,1354.85485461204
2019,3361,1507.5632019713014
2019,3195,1851.5892561564394
2019,3346,1881.0757709648456
2019,3180,1729.5768231695356
2019,3268,1928.5256941695804
2019,3385,1605.47657686126
2019,3173,1575.1411730517798
2019,3295,1171.2218906740152
2019,3162,1352.2223347653523
2019,3286,1423.1055986463332
2019,3190,1381.077461660187
2019,3140,1919.0254934137924
2019,3139,1640.7543909854949
2019,3183,1257.7533212384842
2019,3127,1339.5366752139205
2019,3165,1553.3129667206476
2019,3126,1597.3627746896375
2019,3251,1584.4298336675713
2019,3119,1240.1579006699337
2019,3116,1728.407099713323
2019,3322,1306.8247171453409
2019,3114,1816.5513724214866
2019,3256,1387.9212623897174
2019,3112,1634.3698713876217
2019,3110,1734.4254376209558
2019,3176,1462.3641381317843
2019,3177,2006.7480666340095
2019,3171,1499.3180032647767
2019,3151,1361.5811974689877
2019,3252,1121.9618005333493
2019,3398,1243.5117344248138
2019,3248,1154.714002649523
2019,3192,1189.0122693461335
2019,3237,1607.9725912799001
2019,3235,1893.853609068584
2019,3185,1495.725029205553
2019,3156,1254.5264866448804
2019,3210,1602.354452508217
2019,3219,1641.618125188196
2019,3300,1240.494223116957
2019,3234,2012.3622326798866
2019,3331,1608.7192592450704
2019,3213,1145.5412805034864
2019,3288,1235.019450711971
2019,3316,1518.2391849447226
2019,3200,1847.763393799953
2019,3193,1387.1868613645554
2019,3208,1597.8412176413544
2019,3270,1215.5327210458827
2019,3102,1166.334201171401
2019,3365,1463.79093224834
2019,3283,1896.2731181389688
2019,3431,1403.3907383440228
2019,3108,1078.6023625755702
2019,3426,1752.9865436336008
2019,3420,1216.9249447925583
2019,3427,1188.018398213236
2019,3383,1391.8856936176187
2019,3244,1287.4831295394536
2019,3339,1366.3469952990074
2019,3332,1995.70156560775
2019,3263,1835.516430362133
2019,3405,1663.3518131895084
2019,3250,1625.1104970275273
2019,3335,1788.331809159149
2019,3373,1255.4874722890058
2019,3152,1046.4410229329562
2019,3158,1197.7788805864745
2019,3133,1544.31218432277
2019,3340,1719.3649621096338
2019,3334,1566.7465333614807
2019,3462,1311.0645464238723
2019,3399,1517.8733515731954
2019,3308,1808.3241814793178
2019,3325,1842.4865413288558
2019,3423,1517.5656177573164
2019,3376,1783.5240125153543
2019,3379,1484.3147206410636
2019,3239,1318.6100908119847
2019,3397,1653.4734254673388
2019,3342,1230.412480826262
2019,3290,1214.2829089050147
2019,3202,1542.470702881256
2019,3181,1678.2206732353936
2019,3138,1882.538666359271
2019,3163,2084.634555272533
2019,3170,1242.0407947521808
2019,3172,1446.7507346354755
2019,3149,1476.5846803756356
2019,3188,1390.0317609161877
2019,3229,1696.1579432857588
2019,3380,1683.7005246176582
2019,3265,1644.8558088477348
2019,3298,1185.3069956801614
2019,3221,1576.8394186821401
2019,3186,1509.3807286197673
2019,3317,1466.6617739733379
2019,3394,1491.7231239029454
2019,3410,1491.8383215492097
2019,3451,1173.4120185565835
2019,3243,1868.7634227690032
2019,3414,1527.6671233899353
2019,3146,1346.0515468842682
2019,3103,1418.1837028071013
2019,3375,1675.7052942351215
2019,3161,1168.2891703208597
2019,3341,1521.5488304249525
2019,3366,1145.5508920200778
2019,3223,1247.4696296818913
2019,3297,1464.5119482718455
2019,3101,1716.4285111164106
2020,3107,1167.2547241365628
2020,3162,1678.9534313810536
2020,3392,1747.130291828004
2020,3383,1130.1679527996325
2020,3390,1966.3872813145597
2020,3186,1109.5797108724494
2020,3389,1230.515810074523
2020,3254,1217.8331849153965
2020,3385,1713.3874932163385
2020,3382,1288.3652393049495
2020,3378,1694.7530571637533
2020,3239,1566.1686070622343
2020,3377,1932.899649173605
2020,3318,1427.2447610252543
2020,3376,2185.0459081283966
2020,3106,1202.0567345853888
2020,3374,1427.7713203332864
2020,3270,1013.3685882733174
2020,3372,1684.0479351772103
2020,3409,1340.0846828742465
2020,3367,1268.2621422331233
2020,3197,1174.9360183203642
2020,3364,1475.4736717211842
2020,3430,1347.7567961341706
2020,3362,1450.4333470411252
2020,3294,1377.2601920264283
2020,3353,1774.5334542783914
2020,3375,1523.9616656115143
2020,3350,1532.4632704501414
2020,3422,1545.3553174757787
2020,3349,1811.7618383508384
2020,3311,1543.5471108175075
2020,3343,2025.560258628315
2020,3351,1789.4029811452367
2020,3336,1273.8547553878495
2020,3406,1446.1541736969812
2020,3393,1619.0194366562746
2020,3325,1590.8086550042867
2020,3395,1818.8929205277364
2020,3352,1733.45920242229
2020,3396,1448.9124359652305
2020,3193,1485.2834454333781
2020,3397,1692.9209836172856
2020,3190,1236.7890935089424
2020,3467,1588.5107846294661
2020,3269,1519.3091143717659
2020,3465,1426.201893384555
2020,3253,1347.40287165709
2020,3464,1243.3130526979505
2020,3145,1153.4324094300484
2020,3463,1701.4829000115465
2020,3344,1387.061370313655
2020,3458,1436.3617892086102
2020,3316,1528.1009579457593
2020,3456,1686.673306191623
2020,3119,1392.61056827885
2020,3450,1431.50226067607
2020,3337,1533.086828230145
2020,3448,1549.1681989200197
2020,3423,1407.9376053668254
2020,3329,1561.4141530910522
2020,3225,1734.5361738276245
2020,3439,1678.6418096881127
2020,3384,1220.1117687071903
2020,3435,1432.616670857827
2020,3240,1522.6851329056267
2020,3433,1747.0938522355625
2020,3111,1401.2721802180235
2020,3425,1710.634074947119
2020,3169,1296.670338364819
2020,3417,1881.1851359760026
2020,3451,1106.2646242570197
2020,3414,1504.2300505856037
2020,3363,1501.8229281995575
2020,3408,1445.2226148524117
2020,3238,1589.2961811459147
2020,3405,1601.2134743153224
2020,3209,1258.663562726988
2020,3401,1739.018871506482
2020,3114,1358.7698579958003
2020,3438,1586.0316404623495
2020,3137,1864.9490894738806
2020,3323,1577.998525456823
2020,3200,1668.1679200896858
2020,3342,1401.713184583382
2020,3354,966.3966806853687
2020,3305,1433.351066000689
2020,3388,1300.1111105703712
2020,3196,1556.68778024916
2020,3212,1142.2789830632441
2020,3307,1317.6634569199125
2020,3415,1155.8901835379029
2020,3181,1761.0896277050747
2020,3219,1618.7215718268947
2020,3180,1845.986413806104
2020,3346,1475.0700772003038
2020,3173,1882.2535285287188
2020,3252,1293.311164816339
2020,3172,1454.1415660931177
2020,3207,1203.1981981081879
2020,3171,1432.390692818179
2020,3436,1264.4459099510057
2020,3166,1652.3580264861112
2020,3303,1113.5930723897372
2020,3199,1747.716308156983
2020,3149,1059.950898657246
2020,3159,1448.4898934492576
2020,3312,1128.7791451225844
2020,3150,1665.2697298728265
2020,3205,1622.241509763203
2020,3138,1613.3084004413959
2020,3148,1158.4136435415858
2020,3136,1252.072391089543
2020,3135,1295.353889900325
2020,3130,1775.954458408181
2020,3262,1489.6104056509153
2020,3127,1582.507632222432
2020,3373,1343.282991359481
2020,3124,2035.1011196272273
2020,3306,1327.3852250992068
2020,3113,1616.168597656698
2020,3102,1444.5506844768565
2020,3112,1834.1673592385305
2020,3315,1298.7735430185817
2020,3153,1789.3049919315954
2020,3428,1617.8580825783488
2020,3210,1659.4221647820475
2020,3222,1304.1944232477842
2020,3195,1886.333978078294
2020,3198,1152.3989496142103
2020,3218,1480.0598633521047
2020,3361,1368.4017242310572
2020,3283,1920.3180351527074
2020,3278,1522.8386552220556
2020,3282,1607.9523107648583
2020,3176,1469.4080239421464
2020,3281,1451.7146142230163
2020,3442,1398.617027130119
2020,3279,1197.8548270515762
2020,3290,936.0169398988347
2020,3217,1506.0491035290497
2020,3296,1538.31879879186
2020,3272,1414.1785895442695
2020,3108,1300.6010125721828
2020,3268,2106.666095179653
2020,3447,1187.7339674411814
2020,3266,1844.202819259817
2020,3288,1582.2940450213732
2020,3261,1673.068436713596
2020,3309,1543.6942473608888
2020,3277,1627.9468941868697
2020,3185,1620.0163204566893
2020,3257,1887.2648595847768
2020,3443,1776.0795869408282
2020,3260,1380.1867652890573
2020,3178,1123.476989176133
2020,3237,1745.8048991325602
2020,3123,1672.6888429329636
2020,3245,1707.3663932511074
2020,3182,1565.0016455287096
2020,3228,1322.8410416883078
2020,3152,991.2961863176679
2020,3247,1404.720361489462
2020,3224,1282.3380012982634
2020,3248,1529.6354850709909
2020,3192,1438.15863956179
2020,3251,1765.9606372458916
2020,3313,1539.6527508482525
2020,3246,1747.0700263086135
2020,3291,1563.4018263564565
2020,3292,1785.1014456756538
2020,3187,1419.8329841989953
2020,3453,1655.0757825980807
2020,3141,1721.6373525686686
2020,3416,1742.988972109277
2020,3338,1292.5814809381732
2020,3387,1643.8050998450137
2020,3404,1786.3265690577318
2020,3371,1690.9677993188645
2020,3357,1410.7078847627295
2020,3320,1687.554594088383
2020,3295,1438.3487328468657
2020,3304,1519.6383738207337
2020,3105,1536.9949749428608
2020,3301,1934.33353315303
2020,3299,1423.1327243896742
2020,3250,1593.3862359082993
2020,3175,1229.836152581762
2020,3241,1894.12515153948
2020,3255,1236.6805599078007
2020,3120,1557.8013962549076
2020,3459,1368.2480266548218
2020,3214,1607.3142983099995
2020,3104,1720.4630365183793
2020,3206,1264.5893986424421
2020,3158,1286.092609307744
2020,3203,1500.3795244980035
2020,3437,1693.9456739218
2020,3201,1669.592670136828
2020,3142,1501.71281035995
2020,3184,1262.3214731488347
2020,3297,1607.6731586028786
2020,3155,1350.557734118848
2020,3202,1471.7596041339016
2020,3132,1321.9501520616216
2020,3156,1493.786828228736
2020,3125,1705.6399100580004
2020,3151,1478.9742887637742
2020,3220,1051.8416730585475
2020,3216,1030.1084813164498
2020,3310,1252.7765078325608
2020,3386,1221.8199176808355
2020,3146,1394.9410221184191
2020,3411,1564.653728702486
2020,3410,1305.6387761663505
2020,3452,1596.731129229476
2020,3462,1201.299077529443
2020,3381,1516.759415911468
2020,3168,1377.7466500771873
2020,3308,1392.314680932106
2020,3348,1348.678444520462
2020,3339,1779.80502399117
2020,3429,1221.030460460729
2020,3314,1387.2325202662912
2020,3441,1101.9994580168702
2020,3242,1544.6181754634476
2020,3232,1288.5647250667937
2020,3236,1041.067157832001
2020,3227,1087.2878711710862
2020,3235,1813.8402854420992
2020,3380,1512.58764404176
2020,3234,1773.3686438810487
2020,3194,1352.4454639516002
2020,3231,1878.5335908925667
2020,3208,1758.2407542910628
2020,3244,1403.316329554045
2020,3331,1530.1940864585195
2020,3402,1396.1881176723866
2020,3330,1696.7672086531268
2020,3144,1589.1856005637876
2020,3249,1191.1857534854494
2020,3328,1401.557042429719
2020,3341,1289.8804050671981
2020,3286,1855.2286643363404
2020,3413,1536.8254697018397
2020,3213,1340.0353099049921
2020,3319,1491.4865200601969
2020,3334,1506.5962216549524
2020,3259,1248.5597323502363
2020,3356,1518.573461001244
2020,3188,1031.4547406641504
2020,3276,1785.6881075586493
2020,3444,1561.8548990451936
2020,3400,1769.2634044793967
2020,3264,1565.1519527925318
2020,3412,1627.572516650602
2020,3347,1679.9967399768007
2020,3273,1304.3242431714807
2020,3449,1534.4228646749766
2020,3167,1316.8262445061546
2020,3394,1807.0320373379202
2020,3265,1819.5013940400179
2020,3131,1678.1790346184712
2020,3365,1408.1576855805588
2020,3116,1826.760595501318
2020,3129,1764.7865015139714
2020,3340,1402.8871572781188
2020,3133,1696.7054444554267
2020,3324,1285.300089680785
2020,3157,1717.2455563129354
2020,3115,1206.259195893551
2020,3161,1233.111165466699
2020,3177,1906.3578876743425
2020,3275,1263.1160675510823
2020,3179,1800.8964865537957
2020,3355,1660.0893410386448
2020,3143,1578.5432405336328
2020,3243,1826.2939060419985
2020,3293,1329.4103235809118
2020,3263,1701.498246398992
2020,3174,1520.3126422770033
2020,3165,1375.2434374764266
2020,3164,1123.76120425971
2020,3335,1781.3422361679013
2020,3333,1745.0558552841314
2020,3455,1469.454918343749
2020,3117,1313.693163240534
2020,3258,1166.522416143224
2020,3426,1601.154371760976
2020,3370,1343.192294976024
2020,3431,1459.1526111329017
2020,3140,1586.0064025768136
2020,3271,1405.7994235859524
2020,3466,1598.7629064124983
2020,3284,1299.0249991609464
2020,3170,1182.6662534043598
2020,3139,1596.9972849911767
2020,3424,1310.7576921522686
2020,3189,1451.6916835626118
2020,3287,1216.7398037146734
2020,3420,1332.0413793073624
2020,3368,1347.1772823088625
2020,3298,1131.893844669659
2020,3267,1402.8538810973528
2020,3280,1901.942450618371
2020,3379,1369.0179862653015
2020,3233,1230.4464769438848
2020,3457,1138.0460744717461
2020,3221,1643.801989207826
2020,3359,1653.516118134914
2020,3321,1926.214694621601
2020,3110,1440.8681243409007
2020,3326,1877.1672836560513
2020,3434,1680.894595422801
2020,3345,1648.5536440731796
2020,3454,1548.4508893992381
2020,3369,1842.771825066506
2020,3191,1086.8468731271294
2020,3461,1600.7348876071271
2020,3358,1537.022146022674
2020,3418,1540.1044072912646
2020,3419,1057.2533134256948
2020,3103,1488.2751062032362
2020,3160,1516.7266100123636
2020,3163,2028.5983671363276
2020,3204,1355.4927151436457
2020,3274,1469.7305674966328
2020,3229,1735.3467989762814
2020,3183,1599.8319381505203
2020,3211,1842.6353019874966
2020,3427,1068.112486953678
2020,3230,1421.9293709746914
2020,3360,1670.6123607727288
2020,3332,2214.772863943184
2020,3317,1415.8603199643987
2020,3226,1593.8112821763912
2020,3399,1407.2167979370806
2020,3407,1792.224906551193
2020,3300,1513.9629425163855
2020,3256,1460.9587288895334
2020,3122,1505.4654156986644
2020,3391,1354.2477913683933
2020,3322,1164.8141068940865
2020,3398,1136.8818021702457
2020,3403,1631.489039411273
2020,3223,1270.519987089684
2020,3101,1745.3579262555131
2020,3460,1556.5471647329382
2020,3285,1473.2764983629086
2020,3421,1322.7081820706203
2020,3126,1680.937506503364
2021,3104,1642.9433597507186
2021,3359,1577.3614978182422
2021,3389,1549.435935023073
2021,3312,1258.7577601597088
2021,3376,1970.5945961453133
2021,3158,1294.7115485681963
2021,3368,1514.812022917234
2021,3108,1365.4125566307787
2021,3363,1509.0964755616887
2021,3143,1234.1170871294296
2021,3349,1714.649245990886
2021,3223,1368.734329559011
2021,3346,1454.426476891189
2021,3344,1387.2088210980125
2021,3339,1388.3964126881294
2021,3370,1355.6305182539088
2021,3338,1331.076666293973
2021,3206,1086.484907591874
2021,3336,1433.8141304004314
2021,3164,1252.8239462409472
2021,3325,1607.2322621242122
2021,3251,1643.226676945565
2021,3319,1441.5111965532649
2021,3424,1625.2022491608209
2021,3317,1590.536459439026
2021,3470,1306.7586179430914
2021,3314,1656.6902814488078
2021,3347,1468.7315137618764
2021,3301,1969.5708677583725
2021,3316,1561.9818819227394
2021,3300,1305.8697051717686
2021,3144,1682.0745400142143
2021,3390,1996.7941644805442
2021,3142,1474.2915089740548
2021,3395,1444.441275644977
2021,3230,1310.5399949550952
2021,3401,1936.045021038876
2021,3249,1488.614915230818
2021,3403,1342.0390631996406
2021,3410,1296.220271673493
2021,3462,1324.8664465421878
2021,3178,1187.8735750122505
2021,3459,1455.3236366124759
2021,3457,1201.869848686663
2021,3454,1575.2688097316498
2021,3123,1548.9691961566366
2021,3449,1423.1513654004918
2021,3361,1313.7276197092476
2021,3439,1692.2268150959683
2021,3350,1535.6462013344408
2021,3437,1638.1606788598003
2021,3351,1426.2420149596558
2021,3433,1735.674634660787
2021,3388,1379.1344858266702
2021,3288,1653.1231374711597
2021,3420,1340.695541591166
2021,3431,1670.2999251171334
2021,3308,1495.481945957849
2021,3425,1525.6694953772278
2021,3258,1297.7368758699677
2021,3423,1427.2324330126241
2021,3313,1393.4413884431892
2021,3421,1307.1470280139126
2021,3441,1229.4252160415365
2021,3416,1813.034813445643
2021,3438,1316.7288171615255
2021,3413,1810.5464786479818
2021,3362,1712.2056785665936
2021,3408,1647.6725791127608
2021,3311,1423.5657643559705
2021,3406,1450.7791371982723
2021,3187,1337.7942348063352
2021,3429,1151.9563406403563
2021,3285,1371.9678257948685
2021,3276,1644.5457075504537
2021,3141,1780.2195528134591
2021,3400,1705.4604526851283
2021,3374,1280.715370314726
2021,3269,1733.271441351835
2021,3136,1337.9594092950997
2021,3185,1425.0029448118667
2021,3356,1342.2371410759554
2021,3183,1490.3637135048916
2021,3227,1152.9428588270625
2021,3179,1662.5540353210786
2021,3166,1629.6073151549779
2021,3176,1247.3950031362378
2021,3102,1411.9187592083247
2021,3173,1715.0601253211894
2021,3287,1315.0372017865589
2021,3155,1443.198131933512
2021,3202,1456.497828476545
2021,3153,1512.7602975712493
2021,3297,1500.078317625701
2021,3188,1188.2767788896608
2021,3236,1131.536354278277
2021,3133,1673.842791022446
2021,3282,1355.206336467355
2021,3124,2021.8645844776559
2021,3146,1561.611384772153
2021,3122,1405.20592330625
2021,3466,1272.3701528807876
2021,3120,1217.5121989754066
2021,3367,1385.6231091490586
2021,3116,1749.3661054815418
2021,3331,1315.242315514345
2021,3113,1454.628203083408
2021,3372,1905.3765361519502
2021,3111,1586.2237016969236
2021,3150,1545.7826298888326
2021,3274,1583.7273135929474
2021,3239,1224.0852567913878
2021,3130,1442.1016073328092
2021,3306,1288.869157788739
2021,3189,1465.6021929908864
2021,3205,1562.5666589697344
2021,3181,1549.9106661724707
2021,3255,1548.3569355260452
2021,3196,1435.7237067368294
2021,3212,1535.7401257524405
2021,3257,1852.1251398258046
2021,3369,1505.8240473899216
2021,3256,1529.2609944115793
2021,3270,1200.3143073283402
2021,3246,1690.2217287716312
2021,3293,1678.6056770097123
2021,3242,1255.969263913241
2021,3294,1605.3617815082896
2021,3240,1502.2294208269634
2021,3204,1377.800889859665
2021,3237,1694.0962684769672
2021,3296,1461.3445576876743
2021,3235,1644.6949754703091
2021,3303,1474.1357939659445
2021,3234,1784.0258625673669
2021,3320,1510.071602665354
2021,3241,1615.2013683732903
2021,3291,1693.5735976390065
2021,3228,1333.7871238848386
2021,3232,1184.3765225939574
2021,3222,1686.589200487729
2021,3328,1623.4953348664828
2021,3220,1490.5613413444933
2021,3119,1458.685191601482
2021,3210,1657.547016734091
2021,3209,1482.8236029573982
2021,3208,1846.6263605049821
2021,3273,1684.999753404464
2021,3200,1694.0743275363516
2021,3392,1768.8455607482394
2021,3231,1805.5123052572344
2021,3184,1348.1594323360757
2021,3323,1543.893665395437
2021,3353,1744.6632290339649
2021,3284,1147.4554901732113
2021,3452,1788.7562681963475
2021,3201,1602.9204867240371
2021,3417,1765.7149094943964
2021,3168,1265.3265582103766
2021,3283,1894.924842773727
2021,3195,1885.163450309764
2021,3455,1350.9764324864923
2021,3394,1352.462456914537
2021,3407,1858.9458604357644
2021,3281,1543.805193761585
2021,3324,1439.8118651221498
2021,3268,1989.736816601418
2021,3172,1365.229179690007
2021,3213,1673.6770685522388
2021,3451,1197.3278541905431
2021,3342,1477.594623162697
2021,3140,1780.7846395510703
2021,3261,1558.4686550072445
2021,3448,1595.4244414675625
2021,3115,1202.0814236401607
2021,3117,1238.1838360513373
2021,3277,1656.9462673258856
2021,3384,1574.981871148763
2021,3397,1769.4727343335858
2021,3443,1323.2784330186728
2021,3378,1881.3733732412595
2021,3377,1769.1033200198256
2021,3177,1532.862611178064
2021,3385,1425.9479896574908
2021,3192,1682.9198670923442
2021,3453,1702.888826909091
2021,3465,1911.4368751269828
2021,3414,1587.303293379712
2021,3355,1784.987568601707
2021,3430,1581.825798038903
2021,3381,1411.3000876131487
2021,3114,1520.5889153263736
2021,3332,1574.7018758002914
2021,3348,1619.240353012343
2021,3157,1141.599948643386
2021,3354,1240.360131976007
2021,3160,1532.2969178008739
2021,3180,1736.1197259750606
2021,3190,1207.9586353077489
2021,3105,1477.9017402445338
2021,3226,1872.7578590096896
2021,3203,1395.5784520082188
2021,3330,1612.100410729055
2021,3422,1419.4170523105963
2021,3309,1205.7946136862477
2021,3402,1503.0180605791609
2021,3398,1003.4879741379968
2021,3260,1484.39534402705
2021,3152,1094.003630255227
2021,3458,1270.8552307415107
2021,3442,1409.639075227721
2021,3280,1496.02105122821
2021,3238,1854.636169287293
2021,3219,1690.8913623051744
2021,3275,1294.4809842358413
2021,3326,1564.1880723273057
2021,3182,1329.0482533953011
2021,3329,1721.1909318464063
2021,3345,1309.100395043697
2021,3211,1926.6028582485033
2021,3405,1512.6442092587897
2021,3266,1810.3395939711331
2021,3315,1163.2168366584503
2021,3393,1666.1308714003899
2021,3125,1875.1929074376715
2021,3112,1672.5336520038823
2021,3233,1385.9024560649693
2021,3167,1431.2426260072841
2021,3132,1719.842183567012
2021,3434,1513.2731121162649
2021,3298,1454.4141791535942
2021,3243,1433.7005526665232
2021,3380,1592.9102291048953
2021,3279,1658.7291697767275
2021,3427,1111.2960306582077
2021,3247,1450.7092499358148
2021,3224,1653.4423103356146
2021,3194,1561.4973083050345
2021,3138,1664.3171167310895
2021,3375,1389.3092032854752
2021,3191,1202.3457514772767
2021,3272,1204.5285781369703
2021,3103,1388.8719956092007
2021,3199,1616.5168190241893
2021,3245,1549.432332812207
2021,3278,1421.336669430156
2021,3295,1501.355651824563
2021,3460,1753.6767943506497
2021,3127,1432.8136940390084
2021,3149,1147.95170127829
2021,3198,1450.423864250482
2021,3456,1506.6854295543403
2021,3333,1747.6184049768694
2021,3193,1611.6044603559892
2021,3419,1176.5754043874244
2021,3161,1529.6553391323014
2021,3387,1765.6974472412498
2021,3418,1745.7747860534078
2021,3396,1512.9797866832348
2021,3304,1535.531140701424
2021,3225,1764.6373966581323
2021,3170,1209.298286600317
2021,3101,1423.1156521392334
2021,3139,1323.094071642267
2021,3186,1217.0760227593967
2021,3360,1524.1689573068238
2021,3411,1356.5769546556905
2021,3444,1401.2399042717757
2021,3461,1684.0518492696835
2021,3415,1219.828224631017
2021,3265,1767.3193003592464
2021,3435,1516.7317805810633
2021,3175,1266.2424288612035
2021,3428,1287.1358236923872
2021,3307,1649.8363050677701
2021,3358,1660.7493065434908
2021,3252,1492.6444544706899
2021,3412,1337.3623498749266
2021,3151,1467.669620533809
2021,3174,1741.3910392165453
2021,3286,1677.6513948621707
2021,3292,1757.6164098712961
2021,3262,1530.1610127208135
2021,3145,1350.4390791285305
2021,3129,1506.085815805485
2021,3404,1790.4980165343056
2021,3267,1514.8413531668664
2021,3264,1525.5609012568243
2021,3426,1538.2823233616618
2021,3371,1632.9638104917117
2021,3337,1194.6767247384355
2021,3290,1206.6853313512897
2021,3383,1446.2263080804612
2021,3364,1460.2021842833703
2021,3214,1248.9513137039667
2021,3321,1655.233888806953
2021,3263,1719.1774130351998
2021,3365,1549.3787296980292
2021,3450,1495.1778806448847
2021,3447,1678.3509498958556
2021,3107,1445.486796659769
2021,3373,1368.1362199996165
2021,3382,1268.1570062517674
2021,3399,1569.9068081302703
2021,3322,1119.2138967160386
2021,3305,1564.2148024341495
2021,3352,1312.9430841529927
2021,3163,2042.4977510402928
2021,3409,1216.5860679010348
2021,3391,1336.5081073642425
2021,3229,1650.5036397505787
2021,3299,1745.7163681416914
2021,3148,1200.123700758902
2021,3468,1263.0747882092933
2021,3357,1407.2088483902446
2021,3254,1482.2872391231792
2021,3334,1523.9718759448351
2021,3386,1401.0079320579644
2021,3341,1163.7828859124595
2021,3340,1436.6326128961325
2021,3469,1404.4599523898335
2021,3318,1449.0580987065746
2021,3379,1322.6509188119912
2021,3244,1180.0356140384783
2021,3207,1258.463543861441
2021,3156,1575.3153055085245
2021,3436,1546.681481859753
2021,3216,1240.465234541974
2021,3253,1389.3549556631817
2021,3464,1476.8877818416563
2021,3471,1422.3421131043488
2021,3310,1338.5035276764559
2021,3159,1258.5371943956904
2021,3137,1708.5265715634807
2021,3259,1127.5213104634245
2021,3250,1665.6887076960627
2021,3248,1425.6700222897375
2021,3131,1707.1329624646146
2021,3221,1517.4501049206203
2021,3106,1692.9222220285249
2021,3110,1569.1379291088006
2021,3218,1576.322772641465
2021,3467,1463.0071991338662
2022,3102,1602.3131559312942
2022,3176,1381.6688799173264
2022,3371,1750.5272602475347
2022,3291,1554.4755848629752
2022,3364,1441.446250564657
2022,3258,1439.9288265654313
2022,3362,1634.2847686129812
2022,3288,1566.1214667613458
2022,3360,1551.2629509353094
2022,3218,1777.6078386912247
2022,3355,1841.2072673470593
2022,3453,1713.602309993744
2022,3353,1441.1328035701222
2022,3389,1317.5706682056455
2022,3348,1739.4193527010636
2022,3171,1191.133159730087
2022,3336,1375.4386114246897
2022,3254,1413.2587090084628
2022,3332,1745.1005429747536
2022,3226,1526.4399777189012
2022,3330,1607.8289416748257
2022,3354,1080.2139432958643
2022,3372,1844.1855065880331
2022,3427,1319.1200399497038
2022,3328,1779.8488682703887
2022,3377,1948.0114088853313
2022,3320,1687.3624468620728
2022,3387,1376.614211698604
2022,3314,1855.8980698602752
2022,3299,1376.239373937911
2022,3310,1534.5271452385912
2022,3259,1159.7473864456554
2022,3307,1578.6907930954078
2022,3249,1392.3286055828346
2022,3304,1776.88229667945
2022,3263,1708.022314649707
2022,3296,1597.059943975663
2022,3229,1739.9659416098468
2022,3292,1772.4125054551128
2022,3187,1394.768106767866
2022,3283,1730.3436563912296
2022,3114,1636.204299673329
2022,3280,1502.6144028024637
2022,3106,1495.5790825008155
2022,3277,1562.006622072396
2022,3287,946.3868646882925
2022,3323,1822.7800606680587
2022,3325,1472.1245105016772
2022,3276,1772.07686268343
2022,3237,1879.5258473176889
2022,3374,1548.9800514029466
2022,3282,1666.045829362822
2022,3378,1856.8892774224942
2022,3410,1447.7625650655268
2022,3465,1615.7202289813483
2022,3415,1611.6983957167686
2022,3464,1604.3213139058562
2022,3185,1273.3414139004394
2022,3463,1557.9149827939784
2022,3344,1300.2299727755635
2022,3455,1471.7248906807627
2022,3152,1130.9504298303114
2022,3451,1278.8961356733669
2022,3315,1392.4318303514099
2022,3450,1736.5100824715355
2022,3363,1201.22578640365
2022,3448,1416.2958441138464
2022,3273,1781.0298900078292
2022,3447,1432.160065674591
2022,3312,1367.8628652267337
2022,3439,1896.3775395600753
2022,3172,1528.9806926795254
2022,3436,1602.7664730591043
2022,3467,1234.5863669337837
2022,3376,2058.270288990834
2022,3301,2129.992091172117
2022,3435,1547.5911745391195
2022,3205,1550.413792607462
2022,3416,2014.0975925826594
2022,3182,1391.7740221707736
2022,3408,1706.0829863426789
2022,3368,1430.9870047091763
2022,3405,1816.996969589647
2022,3324,1503.6825530067058
2022,3401,1478.8399343460217
2022,3394,1472.8068840021697
2022,3400,2077.0028158711543
2022,3309,1243.2576091456835
2022,3396,1512.6395171376876
2022,3384,1234.0779008404404
2022,3395,1287.8162331738943
2022,3223,1549.144740950241
2022,3392,1596.5417257959734
2022,3175,947.0397240812671
2022,3386,1640.5027055928017
2022,3271,1410.9439300421313
2022,3382,1256.675607509991
2022,3352,1478.150573297074
2022,3422,1242.9078708914712
2022,3421,1259.8811825733642
2022,3274,1884.261929213044
2022,3238,1779.3624612861045
2022,3424,1789.143223473591
2022,3331,1578.2222622320116
2022,3270,1379.919055728524
2022,3115,1343.3419260181872
2022,3181,1516.240641526928
2022,3457,1178.841824601481
2022,3177,1666.3092410560573
2022,3411,1344.936540502786
2022,3173,1912.6253206420647
2022,3105,1500.8494745118403
2022,3272,1525.7532862390442
2022,3462,1271.345045488794
2022,3164,1362.9377073718229
2022,3247,1518.2613733539824
2022,3162,1767.7700259084334
2022,3214,1390.3602034913345
2022,3158,1580.5912565753163
2022,3459,1479.6914808138938
2022,3156,1659.7738090196342
2022,3190,1264.3424669664078
2022,3150,1871.728835402162
2022,3350,1502.8831260942472
2022,3143,1348.3187652634695
2022,3170,1314.7571206750342
2022,3189,1547.2206570050225
2022,3219,1503.84041890226
2022,3140,1913.298464681316
2022,3252,1222.462710308103
2022,3133,1151.507395195176
2022,3460,1162.1649259398555
2022,3131,1551.630842330941
2022,3262,1328.9863662257192
2022,3130,1681.0264514658654
2022,3217,1456.162534862816
2022,3127,1283.500872053897
2022,3373,1373.1483339291785
2022,3125,1815.0656681385444
2022,3151,1138.8482979020062
2022,3124,1997.873152177463
2022,3402,1479.6130541472248
2022,3123,1706.6708142915893
2022,3454,1526.8910110988313
2022,3113,1445.3449299273448
2022,3294,1533.5002559377783
2022,3112,1685.3643671875657
2022,3169,1197.8345930963378
2022,3104,1711.8600418232882
2022,3149,990.1655656178153
2022,3138,1888.3419548728953
2022,3145,1255.3735093789685
2022,3191,1155.478406366712
2022,3122,1473.4141858110918
2022,3168,1299.1281742171498
2022,3381,1493.7006100875278
2022,3196,1741.2506051838138
2022,3209,1314.152779523746
2022,3269,1918.3343783407681
2022,3148,1187.0509190500243
2022,3268,1809.916944833086
2022,3255,1772.487258525631
2022,3266,1738.1714653514707
2022,3108,995.2385314794248
2022,3265,1169.9780223909702
2022,3180,1797.9023705495413
2022,3264,1649.5554695192347
2022,3383,1461.8206554395017
2022,3261,1957.7694642139343
2022,3311,1010.6290637234873
2022,3193,1860.5024804651684
2022,3135,1154.3398259961307
2022,3246,2004.2430662800334
2022,3342,1344.298667846657
2022,3243,1601.9352075068928
2022,3146,1179.7000660084284
2022,3241,1555.4683955164205
2022,3438,1311.0154792296184
2022,3239,1449.2498207897613
2022,3278,1507.4345095179979
2022,3260,1591.3758284399432
2022,3178,1011.1023488923604
2022,3199,1775.497568145484
2022,3316,1431.752640820907
2022,3235,1887.2049057842953
2022,3303,1209.033589831821
2022,3200,1620.743909644809
2022,3346,1559.6488052270852
2022,3203,1448.385011938007
2022,3110,1784.7095139906585
2022,3207,1393.164321492941
2022,3298,1368.553653153471
2022,3210,1666.601912168284
2022,3141,1122.1072482404702
2022,3206,1379.1085385944443
2022,3198,1405.2733939319428
2022,3222,1697.5795845367306
2022,3224,1654.275583753699
2022,3228,1271.2550317275493
2022,3300,1138.072916989883
2022,3233,1376.7592339074802
2022,3136,1392.7485369508356
2022,3234,1977.9959860629092
2022,3306,1212.98469111762
2022,3212,1438.4529448088854
2022,3419,1006.852844120441
2022,3365,1535.5807480667725
2022,3142,1129.5823606276238
2022,3343,1927.634001211637
2022,3437,1863.9403012047992
2022,3345,1409.3570526918757
2022,3443,1484.9737418954246
2022,3357,1237.0847139429734
2022,3216,1163.4870151768757
2022,3385,1494.5393424087017
2022,3192,1508.72067157889
2022,3458,1386.5197335445882
2022,3472,1253.5902464249284
2022,3393,1363.5831842383127
2022,3284,1203.3026074558284
2022,3397,1766.856547829881
2022,3356,1691.644852507781
2022,3417,1635.7762228697336
2022,3337,1287.3185409678717
2022,3428,1797.4129688009573
2022,3388,1518.5638659044498
2022,3305,1527.759077751725
2022,3326,1817.9651137012956
2022,3137,1663.0540366814619
2022,3338,1296.7071726819643
2022,3347,1091.320975121451
2022,3318,1406.6324487433565
2022,3221,1603.382286686445
2022,3321,1646.9545258145802
2022,3227,986.4119449662229
2022,3107,1733.9547524873567
2022,3220,1331.2677841119698
2022,3116,1687.2640383539235
2022,3470,1397.2465663323462
2022,3155,1421.0115950090774
2022,3367,1530.006474901728
2022,3160,1819.197956313539
2022,3329,1470.2262874328342
2022,3153,1428.8880433847971
2022,3179,1596.741297282404
2022,3166,1678.8758110688289
2022,3231,1824.364317404034
2022,3139,1059.7253027217655
2022,3242,1742.0139926612526
2022,3188,1426.3776316952603
2022,3245,1529.6121152832397
2022,3297,1589.9170171930475
2022,3275,1207.4200412834023
2022,3434,1503.536805765346
2022,3165,1283.7556172897296
2022,3159,1216.7745447468046
2022,3442,1375.8350227753222
2022,3351,1247.434805398968
2022,3186,1317.7115536100223
2022,3390,2115.1808268891104
2022,3425,1502.6670307890718
2022,3403,1402.2258500443863
2022,3407,1761.487290115323
2022,3197,1035.6244344661666
2022,3409,1536.5174585626255
2022,3414,1641.1212454861466
2022,3317,1636.3612522502826
2022,3431,1280.9472949837307
2022,3230,1500.0962325550172
2022,3380,1399.3147457550576
2022,3313,1561.7934868188454
2022,3144,1652.6712974512736
2022,3339,1571.595316602861
2022,3471,1459.664550034048
2022,3295,1380.3778523920926
2022,3341,1334.9491673552955
2022,3426,1770.1024578534807
2022,3279,1835.8241148459958
2022,3456,1353.4756571239175
2022,3201,1367.7875954252884
2022,3430,1540.8834136524365
2022,3204,1508.1866153449419
2022,3120,1454.665782900881
2022,3208,1710.148424578727
2022,3132,1507.2189330726058
2022,3211,1937.797241490446
2022,3286,1656.6910822802054
2022,3359,1384.803083431896
2022,3466,1391.6552431157236
2022,3111,1517.401970641777
2022,3244,1296.9351176501016
2022,3281,1614.4954029405867
2022,3293,1597.6118953613995
2022,3375,1173.7875998847019
2022,3174,1875.8177095237907
2022,3340,1026.150778340676
2022,3469,1340.4949741101152
2022,3333,1631.0447214660996
2022,3117,1336.1888634356173
2022,3248,1466.7190416651813
2022,3449,1425.6493529149443
2022,3398,1234.9097142547935
2022,3406,1742.765099602479
2022,3441,963.0771480128843
2022,3319,1574.8045441677878
2022,3433,1630.4763499116443
2022,3257,1937.1312180388124
2022,3468,1105.656458937583
2022,3161,1621.1191637698375
2022,3195,1927.9506684755972
2022,3404,1406.2732887942868
2022,3250,1498.273659998878
2022,3126,1187.5139882751796
2022,3202,1561.0777144008653
2022,3399,1655.8751475449783
2022,3413,1474.3865771584153
2022,3412,1450.0996325982487
2022,3334,1225.5854571401449
2022,3429,1451.6620644837521
2022,3358,1509.056907395714
2022,3461,1625.4913498148096
2022,3370,1348.6961752066193
2022,3308,1238.5545622970358
2022,3418,1615.8573176284535
2022,3349,1616.4164901630386
2022,3379,1512.4501768407893
2022,3119,1486.5764191970118
2022,3101,1368.1529224366318
2022,3103,1638.622571724196
2022,3157,1429.5418907586043
2022,3420,1085.0419965009057
2022,3251,1749.8582970059704
2022,3253,1475.064592390058
2022,3129,1160.4086365564008
2022,3335,1489.9598471461823
2022,3444,1462.8599525102304
2022,3184,1425.780290937863
2022,3232,1282.1002451255526
2022,3361,1468.8998477460473
2022,3225,1509.1944703724637
2022,3423,1018.7097607941679
2022,3163,2003.7369129554793
2022,3240,1722.1900560308675
2022,3285,1478.6052959826702
2022,3194,1127.7869559597189
2022,3290,1130.0139568603822
2022,3391,1721.0821119977988
2022,3267,1579.155060858121
2022,3369,1121.2928101763143
2022,3452,1644.1831786042287
2022,3213,1687.3464566128087
2022,3167,1280.4430105239644
2022,3183,1416.1168953732672
2022,3322,1207.862708347896
2022,3236,1197.9584621977162
2022,3256,1741.5416692604472
2023,3102,1297.9013047698006
2023,3176,1338.602927738917
2023,3393,1710.979030825558
2023,3392,1466.3212853913935
2023,3390,1931.5694735640425
2023,3361,1645.2356516777884
2023,3388,1365.5862605865932
2023,3305,1269.6640970866556
2023,3386,1582.0051746858492
2023,3137,1380.2060257557291
2023,3381,1803.8427656107017
2023,3307,1615.0848484459805
2023,3378,1824.2482549285846
2023,3287,1295.819300754414
2023,3376,2215.441162211408
2023,3190,1581.8341364523535
2023,3374,1506.6588613404228
2023,3106,1397.43602206191
2023,3372,1709.656392097312
2023,3427,1632.9812226915803
2023,3371,1559.9137568192668
2023,3389,946.9098861513723
2023,3364,1529.3880994438077
2023,3365,1317.147512426181
2023,3357,1585.7520859720146
2023,3216,885.3257052953604
2023,3353,1455.91081960301
2023,3220,1382.0276654939119
2023,3352,1264.7110310608957
2023,3384,1212.8083039925143
2023,3350,1683.9038316526874
2023,3251,1811.508128251126
2023,3344,1321.5553926633759
2023,3173,1397.727448787904
2023,3343,1938.9623605116642
2023,3396,1396.5802600034592
2023,3338,1442.313514946809
2023,3164,1258.8216894117359
2023,3334,1629.6220625259
2023,3415,1173.2484595403148
2023,3333,1529.6110619776457
2023,3218,1709.3586598100874
2023,3332,1660.2425949051126
2023,3321,1316.6023449684385
2023,3329,1736.7653663288136
2023,3410,1370.8885763737103
2023,3328,1847.7314865155854
2023,3331,1346.047983836109
2023,3324,1328.2125292459777
2023,3103,1474.9663219567747
2023,3323,1931.4199477503196
2023,3296,1542.3044838702815
2023,3395,1405.4662250314957
2023,3252,1611.5050880627148
2023,3320,1721.276428316049
2023,3472,1476.142819788411
2023,3399,1714.282414128176
2023,3123,1717.7337885812885
2023,3405,2012.015775802887
2023,3460,1455.1471808230879
2023,3465,1696.2748940642064
2023,3471,1342.9458199000765
2023,3464,1452.0129289530191
2023,3459,1648.0589705291338
2023,3462,1192.7545730465258
2023,3275,1472.0901746622055
2023,3458,1557.7871520325107
2023,3454,1398.6673951207972
2023,3456,1591.797535050505
2023,3298,951.7301878016629
2023,3450,1961.8073059366523
2023,3258,1213.4365671442567
2023,3449,1571.9643208935695
2023,3469,1467.0895646966928
2023,3448,1587.0939056287737
2023,3189,1306.6122238527478
2023,3447,1217.0068196644766
2023,3264,1586.0445715588894
2023,3439,2103.9676444239967
2023,3291,1339.5830803577612
2023,3438,1432.0816485069063
2023,3203,1521.6046338873975
2023,3437,1950.423833877874
2023,3265,1253.4952358872947
2023,3435,1408.3499619803601
2023,3443,1707.4606240686596
2023,3434,1272.7056803937385
2023,3141,1268.8963899763048
2023,3433,1195.1639955941998
2023,3248,1235.0837982848477
2023,3431,1615.9902540090975
2023,3309,1268.2255010822123
2023,3428,1906.3683666353086
2023,3225,1453.9264367958885
2023,3426,1407.6985649786009
2023,3411,1022.475556772508
2023,3424,1977.9731868766887
2023,3337,1405.4952147560145
2023,3418,1374.885755920299
2023,3222,1720.748862472397
2023,3417,1844.030155570474
2023,3142,1262.4397028305987
2023,3416,1486.2797492774191
2023,3457,1146.0774659810509
2023,3409,1424.035849257791
2023,3108,1293.6094058044885
2023,3408,1615.4370668794522
2023,3212,1342.5758408696606
2023,3407,1437.2111713463532
2023,3359,1306.451650344306
2023,3403,1502.04990697597
2023,3394,1495.0175213165
2023,3318,1633.1963203157284
2023,3131,1662.511372271907
2023,3385,1735.942475337858
2023,3284,1698.0999319650698
2023,3312,1336.324432925774
2023,3351,1364.9495823413222
2023,3200,1584.6495867150577
2023,3463,1544.1698979561545
2023,3199,1692.8357196102054
2023,3126,1268.9619117288566
2023,3196,1525.1988517057002
2023,3197,1146.4126909575891
2023,3195,1916.4052045985309
2023,3330,1608.5035734730332
2023,3193,1344.8521571811439
2023,3135,1431.1513248530553
2023,3191,1160.3824380992942
2023,3184,1477.8784860563876
2023,3187,1844.7765802048273
2023,3354,1048.2433530762173
2023,3185,1459.7357474922965
2023,3473,1040.0528311990922
2023,3181,1892.4199164616618
2023,3299,1443.2110006990274
2023,3179,1859.0993581032733
2023,3453,1842.6818502589858
2023,3174,1417.3384198589044
2023,3255,1297.854139523434
2023,3172,1471.3092545856223
2023,3219,1489.136691128546
2023,3208,1776.5949335118962
2023,3157,1496.562021316133
2023,3166,1890.5877501151704
2023,3355,1885.6312001899187
2023,3160,1813.3486089610467
2023,3308,1524.6550081984751
2023,3159,1405.5127582768346
2023,3165,1299.6238224322135
2023,3155,1670.5659921185613
2023,3205,1817.140028053536
2023,3145,1192.1901501561683
2023,3138,1480.4583479252956
2023,3143,1519.6778949747877
2023,3169,1183.208463973121
2023,3136,1226.1426723120967
2023,3171,1089.6119621945377
2023,3132,1804.351829490979
2023,3382,1236.977515652218
2023,3315,1494.9914748300714
2023,3178,1185.62201173094
2023,3124,1655.1636081465579
2023,3249,1594.9621611165667
2023,3116,1629.7500639586378
2023,3115,1499.763914416206
2023,3113,1342.695786960927
2023,3319,1663.8954314883867
2023,3104,1586.1556860361245
2023,3105,1384.8563831102606
2023,3162,1770.3403351724455
2023,3272,1788.7697132397907
2023,3217,1687.649008638711
2023,3348,1736.3262538909328
2023,3130,1547.9507265030643
2023,3262,1273.1795254839312
2023,3224,1524.4281684024663
2023,3247,1476.6235533316326
2023,3310,1614.3088146735972
2023,3259,1232.763527260618
2023,3304,1572.3784221444166
2023,3303,1506.8879546318328
2023,3301,1764.5335079346316
2023,3346,1609.1881660559893
2023,3295,1460.9618950849456
2023,3285,1473.6839638551223
2023,3281,1499.6081677045704
2023,3283,1602.5235639604591
2023,3279,1839.851172810476
2023,3244,1464.2374297678714
2023,3278,1388.2697486678608
2023,3442,1243.8888178112973
2023,3221,1713.0799928063452
2023,3467,1429.2922840648034
2023,3274,1737.5356258864124
2023,3271,1325.5442346334669
2023,3273,1460.5416582076525
2023,3292,1894.6458492559757
2023,3269,1847.333784626834
2023,3148,1076.5962854411744
2023,3268,1992.3270244252421
2023,3206,1607.6446482674523
2023,3266,1816.2870737112626
2023,3192,1561.4803247444129
2023,3277,1665.6152570247027
2023,3175,1257.322151709917
2023,3261,1992.874419909048
2023,3468,1290.1973576753312
2023,3263,1479.6681522646047
2023,3241,1809.62638030522
2023,3232,1212.9488817103443
2023,3387,1867.5599368995893
2023,3234,2098.646763738695
2023,3380,1655.3630493546823
2023,3235,1914.4182217641041
2023,3156,1898.855126501896
2023,3243,1564.9540990086882
2023,3146,1213.0597893920733
2023,3227,1503.4802505962705
2023,3237,1510.8490098179318
2023,3250,1546.9428446733161
2023,3476,1233.38283099549
2023,3254,1274.8939024697497
2023,3325,1293.15973178496
2023,3257,1878.8482722377807
2023,3153,1296.7379034707528
2023,3260,1114.304258982279
2023,3444,1434.4182752782508
2023,3246,1500.3763944452726
2023,3347,1396.077686244958
2023,3425,1721.4837173316555
2023,3167,1254.8762518551678
2023,3326,1898.2706912016956
2023,3397,1919.6820285107756
2023,3231,1987.2549667620776
2023,3436,1815.7706016453092
2023,3150,1376.9802574927776
2023,3111,1394.9851189091194
2023,3120,1581.4458474580213
2023,3358,1365.1643447368044
2023,3161,1611.6832623067312
2023,3140,1542.9942938208912
2023,3455,1605.2423038727902
2023,3339,1870.4711814813531
2023,3336,1443.3795806722349
2023,3313,1668.2904606059017
2023,3314,1794.967950403211
2023,3238,1669.676270007036
2023,3280,1661.2347824311905
2023,3290,928.8565188002675
2023,3228,1706.8318419766053
2023,3242,1641.3617602379582
2023,3239,1247.3156581505948
2023,3198,1297.396719809904
2023,3300,1429.1511318612809
2023,3177,1563.3446729805255
2023,3110,1286.7963354203473
2023,3139,1509.7623702802787
2023,3152,1190.522573454202
2023,3125,1825.2745924917913
2023,3151,1683.3288362266223
2023,3276,1685.3585279538415
2023,3373,1524.7158808520458
2023,3306,1112.7164023428156
2023,3349,1639.5676114472985
2023,3370,1250.4538721338567
2023,3335,1617.8660311692486
2023,3297,1493.7388970830814
2023,3288,1360.0276479006227
2023,3345,1707.5113831334274
2023,3267,1532.0638519506838
2023,3404,1400.804363169069
2023,3401,1505.0149006347679
2023,3363,1284.3403888063822
2023,3270,1354.4469089653421
2023,3420,1433.2720229562167
2023,3441,1164.7016122356818
2023,3452,1735.2679557431807
2023,3367,1214.4119391184204
2023,3474,1146.0728358134702
2023,3133,1102.735463349892
2023,3369,1556.8824334303783
2023,3233,1777.7607252413875
2023,3391,1317.6813737088605
2023,3236,1522.4244074465882
2023,3112,1694.2930289973465
2023,3375,1229.3603597098531
2023,3230,1427.873883507314
2023,3127,1240.8503460213697
2023,3119,1442.2643325568358
2023,3163,2048.47176381571
2023,3377,1367.8124095103144
2023,3180,1517.1219217360124
2023,3149,1054.7934542712962
2023,3245,1750.5763257460094
2023,3114,1727.96202273727
2023,3256,1607.4645117777357
2023,3117,1510.1760053164203
2023,3229,1686.8420538173066
2023,3211,1861.0261995285157
2023,3253,1660.2920794190256
2023,3210,1490.3737811588169
2023,3209,1352.5286966826995
2023,3383,1319.730850531626
2023,3168,1435.111771771885
2023,3368,1674.0425113012782
2023,3429,1001.240584751063
2023,3430,1126.0770618843085
2023,3400,1864.5805669170163
2023,3413,1565.5540158203776
2023,3362,1498.8836016740859
2023,3322,1214.615388969422
2023,3475,1318.9046428569986
2023,3188,1332.0633599408734
2023,3223,1160.2767766397626
2023,3461,1706.8231747499196
2023,3107,1689.352355646422
2023,3201,1148.9560985792882
2023,3182,1489.6450275670213
2023,3186,1597.5633064827575
2023,3129,1525.4259780352245
2023,3202,1268.6585946552186
2023,3342,1271.0718575700266
2023,3294,1337.967445821864
2023,3282,1271.0940967110503
2023,3398,1260.3773072596287
2023,3466,1506.1854893855023
2023,3360,1588.974468621408
2023,3340,1503.7863429197037
2023,3207,1554.5131241873355
2023,3477,1393.3167960199478
2023,3406,1650.9312300651718
2023,3414,1638.3744648913876
2023,3170,1799.362577872103
2023,3226,1253.6634449773878
2023,3379,1634.944193910211
2023,3402,1707.672316485162
2023,3144,1306.52597824708
2023,3422,1576.9623198590289
2023,3122,1540.7265036106367
2023,3213,1575.9235582960314
2023,3214,1458.5029035301918
2023,3286,1538.6102611647204
2023,3356,1399.8316145850438
2023,3158,1274.9455983504101
2023,3311,1057.7214738506013
2023,3101,1396.3426057514137
2023,3316,1217.370100152032
2023,3341,1430.012439340579
2023,3293,1397.1723234921594
2023,3451,1156.7333543563618
2023,3423,1128.0984327685044
2023,3419,1129.5498297399688
2023,3240,1417.666492540764
2023,3204,1605.5286029308306
2023,3421,1315.4704377129103
2023,3183,1486.0269401144974
2023,3194,1266.1987530651124
2023,3470,1146.3922641310987
2023,3412,1453.3917045887943
2023,3317,1390.68447673903
2024,3102,1400.5038753253382
2024,3176,1293.9026112301951
2024,3365,1727.4636161401907
2024,3363,1150.643330513983
2024,3355,1951.2759267606964
2024,3117,1325.3291363959336
2024,3353,1250.9787274925684
2024,3284,1713.9092261666349
2024,3352,1055.3789433044144
2024,3384,1058.7828495726167
2024,3349,1703.1453938752575
2024,3223,1019.6291538198673
2024,3346,1404.5562118395922
2024,3263,1780.120032992668
2024,3343,1954.0407393825353
2024,3182,1716.7786269478224
2024,3339,1764.7223378171495
2024,3361,1659.6360033225963
2024,3333,1829.6488993176306
2024,3115,1413.7351566921172
2024,3332,1355.16812071255
2024,3319,1745.8823954072855
2024,3329,1555.6416707695785
2024,3188,1059.797517424471
2024,3328,1872.5456382157213
2024,3455,1405.7771755627264
2024,3324,1328.6892775555773
2024,3103,1391.5054328368533
2024,3320,1688.9747900593818
2024,3453,1840.3066941452482
2024,3318,1292.7358368518196
2024,3476,1040.2251513657893
2024,3313,1781.319971675624
2024,3456,1418.3460414321974
2024,3312,1387.2023607983058
2024,3119,1282.6720723930537
2024,3307,1549.5832082136785
2024,3411,1261.510267805276
2024,3304,1824.8557801081456
2024,3322,1284.7224331790935
2024,3292,1929.672849641574
2024,3272,1549.4202917673026
2024,3283,1723.7864771850927
2024,3114,1378.3466166046924
2024,3374,1388.8838739533514
2024,3415,1543.5393266976207
2024,3376,2213.0835242510825
2024,3323,2063.926416838922
2024,3378,1561.5487512485129
2024,3426,1532.526685454591
2024,3385,1629.2973713459262
2024,3254,1132.3228780097422
2024,3475,1735.7428117300215
2024,3460,1501.6144298755385
2024,3465,1869.5147945961803
2024,3471,1288.1596324597836
2024,3461,1428.136890007171
2024,3315,1284.8096291204856
2024,3450,1615.3244180490374
2024,3142,1505.6901929035655
2024,3449,1608.2636419696667
2024,3170,1284.666199717293
2024,3448,1415.2201423952476
2024,3459,1485.8634536732216
2024,3443,1269.8551185683853
2024,3273,1575.4915107729894
2024,3439,1870.0259211646198
2024,3219,1604.091835021684
2024,3436,1655.9176850949993
2024,3275,1377.1850740349682
2024,3435,1683.2438014370348
2024,3244,1268.9763531722467
2024,3282,1214.810928905559
2024,3133,1061.1083372259584
2024,3430,1250.5786087947404
2024,3451,1197.6706052288514
2024,3425,2066.4854827533172
2024,3326,1899.9774283822148
2024,3424,1956.2959121895342
2024,3258,1374.9949290115283
2024,3417,1928.9577713717147
2024,3345,1495.6632321020602
2024,3412,1354.9232140597073
2024,3105,1352.7291714611345
2024,3409,1691.2651746705876
2024,3473,1190.2461874659105
2024,3408,1399.0547775195776
2024,3391,1554.0755782946164
2024,3406,1627.2692266932916
2024,3420,1291.1338527950893
2024,3396,1661.305548450291
2024,3175,1192.570797184226
2024,3395,1667.1067192795952
2024,3331,1608.784119862379
2024,3392,1781.9716735716502
2024,3162,1896.5808215034242
2024,3428,1803.3737682616563
2024,3290,1104.5677509796399
2024,3281,1354.1091885308665
2024,3125,1748.2771119858494
2024,3416,1364.1542241446396
2024,3126,1185.6476480232375
2024,3279,1885.0902889504162
2024,3474,1072.0326782072864
2024,3178,1329.8086366715406
2024,3185,1241.799417026118
2024,3177,1355.0555929100603
2024,3444,1306.0922676724313
2024,3169,1084.4674543096514
2024,3429,1143.434388859511
2024,3280,1581.2631866595655
2024,3108,1516.327920272873
2024,3161,1602.0680985737015
2024,3478,1552.1053371033718
2024,3160,1685.6133648887342
2024,3261,2017.2966395943988
2024,3155,1386.4837113154604
2024,3457,1357.913374222327
2024,3143,1652.0714859541201
2024,3167,1208.915619963361
2024,3138,1614.8831487980715
2024,3145,1487.5750458958778
2024,3136,1415.8496888258542
2024,3171,1224.8311343909666
2024,3131,1514.946417641372
2024,3262,1152.3405853786462
2024,3130,1515.3309719242316
2024,3221,1563.255579124116
2024,3124,1843.5713667398927
2024,3380,1485.899705461503
2024,3123,1778.1511452972468
2024,3399,1408.0745359649084
2024,3120,1771.7063408489844
2024,3240,1376.386845484597
2024,3113,1420.9869693518067
2024,3427,1609.6751154186488
2024,3112,1719.021897462204
2024,3308,1385.348445887814
2024,3111,1629.8944344968504
2024,3422,1614.6938782877698
2024,3110,1261.702961138696
2024,3255,1275.7158300040633
2024,3107,1610.8704693714405
2024,3467,1252.972809762866
2024,3104,1816.3521796870875
2024,3106,1050.6895637013188
2024,3179,1964.5637811146012
2024,3472,1348.2351659294527
2024,3181,1773.1903706966455
2024,3350,1947.3839451538063
2024,3166,1881.9298202046696
2024,3295,1723.5092904386172
2024,3195,1890.8363375684692
2024,3135,1565.8396976540873
2024,3276,1702.9560860169138
2024,3236,1600.2447091477443
2024,3269,1210.048238782049
2024,3389,1188.9041003369439
2024,3268,1774.995318145075
2024,3217,1590.8570734438695
2024,3266,1753.6871395148125
2024,3404,1506.5370595604352
2024,3264,1363.526047961442
2024,3148,1216.434320797253
2024,3257,1763.135743398183
2024,3153,1510.215772598014
2024,3187,1645.6404653708298
2024,3189,1330.6899061826862
2024,3243,1784.801246891666
2024,3342,1569.0530864787406
2024,3237,1290.8778983840155
2024,3183,1406.6548165979377
2024,3235,1897.6853259617237
2024,3139,1471.0633295732437
2024,3234,2019.3755575248592
2024,3192,1438.786928234324
2024,3247,1244.7097100807434
2024,3164,1381.2388366958116
2024,3229,1573.0849370093392
2024,3303,1311.563256952673
2024,3227,1438.2159307765214
2024,3260,1479.741137385566
2024,3213,1563.846875871897
2024,3388,1353.1036645257786
2024,3211,1932.353635206756
2024,3285,1647.6876129428754
2024,3210,1541.7745427299983
2024,3157,1424.1986814889713
2024,3208,1445.0033890892819
2024,3299,1545.3583526421348
2024,3207,1779.2819743653474
2024,3271,1389.6017239296316
2024,3203,1425.1536873850664
2024,3224,1549.080917406207
2024,3199,1782.7978575753773
2024,3149,1324.9639069107347
2024,3196,1614.1040076031577
2024,3316,1170.3521332739292
2024,3232,1353.2319068789814
2024,3297,1490.1720156574852
2024,3348,1691.6505191169215
2024,3357,1692.527940034092
2024,3356,1329.4722235020165
2024,3369,1259.942483126383
2024,3364,1277.61010775618
2024,3362,1577.7683904011599
2024,3371,1602.5761919042134
2024,3233,1279.3758272176103
2024,3386,1744.768853225261
2024,3351,1362.8773680306895
2024,3452,1715.2036825562811
2024,3259,1437.5426971099432
2024,3397,1861.257367019138
2024,3197,1300.94177580542
2024,3403,1433.8114703368117
2024,3410,1185.6550701643237
2024,3433,1816.6744413381105
2024,3220,1279.1296476978466
2024,3458,1477.4872122331167
2024,3454,1414.021437273324
2024,3393,1742.8595838730732
2024,3248,1264.3244919087956
2024,3344,1424.112842623487
2024,3214,1091.669918971291
2024,3336,1635.8206277427944
2024,3137,1435.2472342356145
2024,3337,1089.4494341285426
2024,3414,1783.836494249365
2024,3338,1283.571721126214
2024,3463,1425.7781788821894
2024,3132,1438.1636532160296
2024,3156,1821.1923116374392
2024,3140,1567.9057099431689
2024,3286,1491.3102834797937
2024,3159,1491.9933129782012
2024,3165,1217.627451684455
2024,3172,1560.2025539354076
2024,3367,1337.2242882904595
2024,3116,1531.4158132567322
2024,3419,1501.8841710020033
2024,3228,1649.45680896621
2024,3287,1297.0055856195556
2024,3246,1575.0872168384874
2024,3190,1398.136371166928
2024,3252,1442.547897252348
2024,3191,1113.5690857992224
2024,3301,1905.9115803890713
2024,3150,1370.2392644069537
2024,3202,1384.1996192128145
2024,3421,1190.3801267636813
2024,3314,1660.0765155995032
2024,3205,1154.4120517269969
2024,3464,1520.7106584669054
2024,3462,1113.6595836014326
2024,3438,1648.8368395445896
2024,3400,2054.7495161297907
2024,3390,1937.926456032003
2024,3218,1702.6656425782594
2024,3309,1308.559459001673
2024,3180,1801.6599083538679
2024,3405,1815.3443596985428
2024,3241,1729.0479994497334
2024,3310,1759.0287271386374
2024,3382,1047.3466413346123
2024,3278,1422.067648149783
2024,3277,1780.5540673019577
2024,3242,1871.2793892273007
2024,3186,1890.5267391068533
2024,3381,1239.0687679769376
2024,3163,2052.8824821559583
2024,3173,1301.2469892905533
2024,3225,1432.841295962158
2024,3311,1310.1697332468723
2024,3340,1183.3972163916644
2024,3413,1650.3296692640674
2024,3321,1343.9777113593377
2024,3305,1513.5265424636052
2024,3347,1400.9879931865753
2024,3441,1125.5135381100074
2024,3317,1637.9403821129583
2024,3212,1615.3012626860836
2024,3101,1374.3704610411937
2024,3401,1649.5158836916378
2024,3394,1778.0409072055165
2024,3468,1356.6805563697894
2024,3373,1624.1127440522994
2024,3127,1517.7539971571184
2024,3375,1185.6873341294756
2024,3141,1238.851239734938
2024,3354,1016.8830906827875
2024,3300,1421.900222100175
2024,3442,1318.528126533169
2024,3469,1479.8157316156196
2024,3274,1613.261456028195
2024,3239,1403.7525789831116
2024,3447,1113.602171317082
2024,3194,1411.4327676660544
2024,3265,1155.0687887505405
2024,3296,1447.0320535842723
2024,3144,1499.1447673540038
2024,3370,1350.5784255429123
2024,3174,1300.7542359075915
2024,3387,1593.93876679564
2024,3184,1478.504218482313
2024,3418,1634.216556438407
2024,3206,1712.940413846985
2024,3267,1955.5129412282267
2024,3291,1466.2632406940181
2024,3231,1843.6922307936588
2024,3152,977.782219889967
2024,3298,1498.3064863246677
2024,3334,1595.017448140185
2024,3168,1286.6166999898765
2024,3368,1539.633225006284
2024,3470,1404.1377170041637
2024,3158,1605.3527808193169
2024,3437,1655.981231684323
2024,3251,1646.3482884102682
2024,3372,1616.7515710996918
2024,3249,1783.0936788039028
2024,3209,1389.8517847876487
2024,3222,1428.1359325584697
2024,3293,1510.9527748177397
2024,3306,1169.1985364695088
2024,3398,1329.5097330890421
2024,3151,1833.6431297903353
2024,3122,1540.5429757166237
2024,3377,1545.506869900464
2024,3466,1400.6441227061036
2024,3193,1972.8943044738162
2024,3198,1412.6058120577222
2024,3200,1420.2211878175854
2024,3379,1566.2576796793323
2024,3359,1385.3809120986664
2024,3146,1592.628357726533
2024,3360,1355.8897692428563
2024,3402,1320.7518968475983
2024,3431,1377.0771450303746
2024,3423,1118.5624908129541
2024,3358,1139.1903992429657
2024,3335,1568.8336488331013
2024,3330,1694.067171078929
2024,3325,1415.3357974607418
2024,3407,1709.3032808137818
2024,3204,1291.7903444299604
2024,3250,1430.6306330735138
2024,3341,1236.7610899162983
2024,3270,1125.5129017298045
2024,3230,1527.8230041403172
2024,3288,1110.0547825705617
2024,3226,1230.8510553226124
2024,3434,1130.4910941465912
2024,3245,1739.8269365224965
2024,3253,1520.7289355648488
2024,3129,1519.2023243359083
2024,3294,1443.427135124725
2024,3477,1491.1145292236117
2024,3201,1441.5799510445686
2024,3256,1505.9689118828405
2024,3238,1816.012448503954
2025,3103,1181.7445156948172
2025,3209,1582.101377158855
2025,3365,1348.1358662334505
2025,3415,1538.2034947780435
2025,3357,1299.4113168235633
2025,3220,1359.9885098356206
2025,3355,1975.2129900040852
2025,3349,1631.5713365529666
2025,3353,1410.2724743497677
2025,3264,1465.945368330394
2025,3350,1884.1215944512496
2025,3396,1699.0616464688526
2025,3348,1578.0829777148244
2025,3476,1429.7248991440324
2025,3346,1829.271761836785
2025,3221,1615.1895898514713
2025,3337,1116.6035280781616
2025,3168,1215.5953593814368
2025,3336,1256.154095336149
2025,3137,1596.6445368006218
2025,3332,1659.5888501168579
2025,3465,1406.7684486867533
2025,3372,1881.9689967947422
2025,3411,1407.0425410453515
2025,3329,1879.936758221492
2025,3115,935.6217163181175
2025,3323,1943.0529993008406
2025,3479,1095.5601628036554
2025,3319,1741.108654969204
2025,3307,1559.482340920364
2025,3317,1785.4009119347395
2025,3108,1475.5221550931726
2025,3314,1892.4798246272078
2025,3149,1378.0054504307827
2025,3313,1894.4391832894773
2025,3456,1588.6923617312655
2025,3312,1402.6970826413406
2025,3384,1195.3499778819548
2025,3308,1510.4195793141178
2025,3414,1569.9178970518763
2025,3304,1758.6477368917988
2025,3303,1467.6655877219048
2025,3298,1518.044970732749
2025,3351,1183.8876220662255
2025,3296,1434.647096312128
2025,3418,1294.182899094179
2025,3328,1953.4453902454272
2025,3380,1653.1508071517167
2025,3374,1260.9831889234058
2025,3299,1548.996565267544
2025,3376,2171.4278446408725
2025,3276,1919.7554674500707
2025,3378,1822.7647897307513
2025,3126,1213.6762816654734
2025,3472,1494.1702874989742
2025,3454,1249.464320037414
2025,3466,1370.4322887062485
2025,3404,1372.9004850145768
2025,3463,1252.5416383653987
2025,3284,1407.0510401419378
2025,3450,1649.8707701044543
2025,3186,1343.5371378895595
2025,3449,1747.6665732099643
2025,3370,1029.209495623703
2025,3448,1338.0347955860154
2025,3474,1321.7810725625905
2025,3444,1402.5012542993686
2025,3117,1753.3921283575742
2025,3443,1659.3678575914512
2025,3232,1058.8785349218472
2025,3439,1583.0886295867451
2025,3423,1343.6004873138504
2025,3438,1685.9487694797347
2025,3110,1046.666272899588
2025,3436,1764.0336505939372
2025,3281,1465.444341333157
2025,3435,1767.7061682400063
2025,3252,1557.574988070245
2025,3431,1251.6044647018687
2025,3470,1517.7735485787612
2025,3428,1717.2957544609735
2025,3381,1348.646902864734
2025,3425,2114.2066720464936
2025,3279,1860.3540299282702
2025,3424,1752.7293338854
2025,3258,1456.8913662461728
2025,3417,2156.988411638197
2025,3257,1832.1121076444174
2025,3405,1760.2849185313728
2025,3267,1494.2477385125253
2025,3403,1590.6324520167493
2025,3230,1562.828347678747
2025,3402,1361.4297107442553
2025,3185,1094.4588391492239
2025,3394,1349.6473541703008
2025,3401,1313.6547879912314
2025,3390,1606.621522200801
2025,3478,1234.1328520105192
2025,3387,1545.7334117153298
2025,3377,1259.153209856815
2025,3292,1774.3020790842827
2025,3297,1305.1075970701413
2025,3282,1413.6410637721492
2025,3429,1223.204326920415
2025,3385,1514.4938833255062
2025,3389,1294.589484132933
2025,3275,1541.2602804427772
2025,3111,1305.8721053690385
2025,3181,2095.389625929779
2025,3347,1355.030028232926
2025,3179,1689.671056808507
2025,3295,1533.521481438811
2025,3165,1248.19386765338
2025,3119,1739.5283740780405
2025,3162,1815.4650606814766
2025,3392,1247.6722017461993
2025,3161,1576.86789949273
2025,3362,1501.600649069542
2025,3160,1655.3540408456151
2025,3461,1773.4132571475554
2025,3159,1620.2170810554444
2025,3262,1055.0675114298458
2025,3157,1674.8808819906733
2025,3141,1507.4957537455346
2025,3155,1515.7757782953056
2025,3238,1413.0842173514627
2025,3150,1446.3567238002638
2025,3342,1027.167329851374
2025,3189,1397.8647979656785
2025,3219,1651.6014553679001
2025,3143,1786.3529130395052
2025,3388,1390.6020765816154
2025,3136,1526.5855179090433
2025,3467,1467.8898015119555
2025,3132,1637.8022009533051
2025,3379,1243.2541533605872
2025,3131,1387.1958559041304
2025,3318,1108.1558336325481
2025,3130,1530.439369008277
2025,3248,1400.9564154853733
2025,3123,1862.657587835271
2025,3330,1452.1505635871958
2025,3120,1392.9584960100226
2025,3356,1059.871277937892
2025,3113,1426.5791037698255
2025,3240,1172.8941198943767
2025,3112,1641.1232570861318
2025,3426,1594.8559924335777
2025,3104,1764.0770284577104
2025,3309,1282.2281304780831
2025,3278,1574.7764870214144
2025,3148,1286.5683640979166
2025,3138,1677.8918768361086
2025,3407,1526.525504337417
2025,3193,1921.8135971625093
2025,3116,1369.0066845415322
2025,3182,1542.5149803473148
2025,3343,1780.5354250127482
2025,3199,1806.7961060078726
2025,3316,1154.7225465886593
2025,3274,1459.025114691115
2025,3391,1486.1610807662396
2025,3273,1190.5754185120904
2025,3421,1061.252304572768
2025,3272,1304.220431221266
2025,3290,1304.4221725218158
2025,3268,1872.0137106472887
2025,3420,1411.0453808138654
2025,3263,1477.077748953945
2025,3247,1262.0776468333836
2025,3261,1880.701127323851
2025,3184,1606.8255586312312
2025,3256,1495.3254133589796
2025,3311,1401.9677804521932
2025,3251,1898.4849501113968
2025,3434,1396.3238223227404
2025,3250,1814.90022895511
2025,3254,987.0747159422774
2025,3196,1665.583002310926
2025,3194,1242.9853351040401
2025,3243,1755.728602508099
2025,3453,1908.4652598520775
2025,3241,1863.2226567871814
2025,3245,1681.6699002784183
2025,3246,1816.6692539159487
2025,3367,1273.4958139712526
2025,3231,1768.536794155304
2025,3135,1495.3027367772695
2025,3224,1651.10514048798
2025,3197,1138.825119136423
2025,3217,1905.2585498444203
2025,3269,1514.7419237367967
2025,3213,1962.2120941532214
2025,3167,1017.0302669878715
2025,3210,1632.155270190408
2025,3457,1379.362002741243
2025,3208,1600.1960272471204
2025,3300,1272.845411433881
2025,3205,1246.5279682704238
2025,3480,1415.2135168035645
2025,3204,1457.7942003156218
2025,3325,1236.4283919667357
2025,3203,1439.4234196931793
2025,3174,1529.8556149459075
2025,3235,1810.7002847769381
2025,3152,1283.9233939628982
2025,3202,1383.7215357406199
2025,3354,966.8895965737604
2025,3395,2114.3799666722493
2025,3223,1114.9714445787154
2025,3397,1724.0117876121217
2025,3359,1381.0459417243787
2025,3458,1531.487635618962
2025,3460,1385.7327969005705
2025,3393,1516.7201969821851
2025,3310,1137.319722683175
2025,3416,1469.0994593963705
2025,3233,1244.457999902976
2025,3452,1899.2789304225198
2025,3406,1437.1470665319916
2025,3410,1399.3397596316968
2025,3222,1217.2632605989656
2025,3363,1172.1381403241714
2025,3462,1284.657481228804
2025,3211,1693.9208947813115
2025,3285,1517.997467855622
2025,3326,1890.0314699071785
2025,3156,1558.6714538426293
2025,3301,2012.0247253188784
2025,3190,1429.2880935800358
2025,3277,1763.4868669647046
2025,3324,1169.3700583131927
2025,3237,1240.5164125757613
2025,3191,1149.8083842081462
2025,3173,1593.059875228554
2025,3369,1191.5426261741638
2025,3172,1720.0906426311185
2025,3195,1959.291698971619
2025,3153,1487.9325967406176
2025,3227,1424.2834269505684
2025,3338,1490.8002351919483
2025,3145,1364.3939159734439
2025,3433,1216.7851447980388
2025,3271,1467.5263117861098
2025,3430,1565.4634585989672
2025,3409,1632.7832402599652
2025,3345,1446.3021858522413
2025,3236,1726.9872936590316
2025,3305,1269.867453041275
2025,3242,1500.4609626469464
2025,3473,1640.8598421193776
2025,3229,1554.6623362973492
2025,3321,1398.792769385848
2025,3187,1612.0719961677928
2025,3177,1436.2703146231984
2025,3140,1367.4402795614917
2025,3225,1417.2017718505108
2025,3139,1422.1966359313528
2025,3373,1499.7429175775278
2025,3234,1865.578749278529
2025,3214,1212.5260551916963
2025,3339,1802.3744036400922
2025,3218,1589.939970238907
2025,3331,1692.2595990561892
2025,3469,1091.3128127648458
2025,3255,1468.15219809914
2025,3408,1499.4381886210492
2025,3371,1734.240308066391
2025,3447,1106.4525467875465
2025,3441,1284.5563484616646
2025,3144,1662.3633896774313
2025,3399,1865.1234079027654
2025,3151,1510.1571482787388
2025,3266,1664.7520182619264
2025,3451,1446.6282631828847
2025,3334,1451.9920261646787
2025,3287,1273.7876207691038
2025,3291,1552.9362683091226
2025,3306,1287.8566988067957
2025,3427,1838.2402085965002
2025,3286,1862.565655529204
2025,3105,1507.5001752037704
2025,3124,1974.8359658297188
2025,3127,1361.274500887879
2025,3294,1373.501084151857
2025,3293,1855.648408024995
2025,3188,1215.2337394310432
2025,3163,2123.0479158734065
2025,3170,1442.7405975542158
2025,3471,1708.144451877238
2025,3180,1484.260276878212
2025,3265,1386.189141570644
2025,3226,1541.112489332859
2025,3280,1661.1333479689615
2025,3164,1401.997485572684
2025,3375,1151.9759529670312
2025,3125,1700.4911026325294
2025,3259,1179.551818632292
2025,3228,1720.8942308239857
2025,3475,1512.940890210003
2025,3322,1458.7203519013076
2025,3315,1466.546292465609
2025,3183,1464.0807400358458
2025,3398,1359.0942833908914
2025,3335,1495.0184352117565
2025,3166,1940.5036006666664
2025,3361,1857.01707470856
2025,3413,1609.2165978405465
2025,3122,1419.5158628781007
2025,3101,1530.3455788062693
2025,3198,1336.8610440311836
2025,3102,1492.4179863798824
2025,3107,1684.4055895071406
2025,3477,1193.2126266371206
2025,3146,1703.6118711595589
2025,3344,1461.6486136480983
2025,3169,1040.8501600196857
2025,3175,1008.4484938519366
2025,3178,1289.183789979932
2025,3192,1743.7459631799875
2025,3200,1383.4197509154274
2025,3333,1736.0081321732034
2025,3358,1347.9872313588721
2025,3368,1773.734594417486
2025,3320,1504.8813312544403
2025,3288,1304.1530362819376
2025,3364,1438.3892921709423
2025,3382,1166.475223857938
2025,3176,1217.3197239848228
2025,3422,1810.2792348992343
2025,3142,1362.3976453908958
2025,3459,1418.1426838236252
2025,3260,1358.5972503703113
2025,3201,1491.1249795798071
2025,3253,1445.3276311266104
2025,3244,1450.636011924188
2025,3455,1349.374702951944
2025,3158,1700.1322786571739
2025,3352,1552.7567853298522
2025,3206,1873.6827557315353
2025,3340,1063.2638924474757
2025,3386,1738.4897107583563
2025,3400,2130.886510723558
2025,3437,1716.2495394033394
2025,3442,1450.455612144776
2025,3207,1397.1083869285035
2025,3468,1438.4211614148512
2025,3283,1681.4509135844828
2025,3129,1452.8280963755878
2025,3239,1368.4285326580402
2025,3114,1344.5163528863773
2025,3360,1210.8948418328423
2025,3412,1391.8723564226896
2025,3464,1299.1171192794263
2025,3133,1419.3503298808048
2025,3212,1458.797000171041
2025,3419,1331.6427126673582
2025,3249,1685.3527870810028
2025,3106,1042.9088907494431
2025,3171,1171.7492880690909
2025,3270,1209.6319779324208
2025,3341,1258.1589866828012
2026,3102,1603.5486239076483
2026,3176,1276.1299651075
2026,3376,2104.7711823373766
2026,3213,1471.5420722703889
2026,3375,1579.8792026447122
2026,3103,1246.3798972189074
2026,3355,1880.8559341717942
2026,3166,1730.698228233255
2026,3353,1277.8210174354826
2026,3447,1176.8934603812143
2026,3352,1411.1716422245906
2026,3227,1335.0111865225463
2026,3348,1946.7028410841467
2026,3264,1421.5349111334133
2026,3346,1777.6597134265214
2026,3131,1369.2347960898517
2026,3345,1453.5926258408997
2026,3192,1792.5302799154756
2026,3378,1678.613498541815
2026,3198,1640.0460906956985
2026,3336,1537.745674091858
2026,3137,1334.5398509485624
2026,3332,1710.6535762021588
2026,3480,1420.1590616937967
2026,3329,1775.8547349919359
2026,3309,1097.3238469508356
2026,3328,1913.8171878443688
2026,3125,1551.7618628152964
2026,3325,1590.726396672673
2026,3402,1252.231410274215
2026,3312,1569.0448729224297
2026,3357,1352.117508202821
2026,3311,1392.9114511274406
2026,3108,1376.3780617087507
2026,3307,1616.6248198223636
2026,3319,1239.6732552904723
2026,3304,1603.2351462538738
2026,3322,1503.603729751857
2026,3334,1337.5643135256462
2026,3471,1822.33070804796
2026,3295,1793.4806183315663
2026,3320,1596.4798885724567
2026,3379,1417.843500134058
2026,3296,1275.091714562328
2026,3390,1522.697725600532
2026,3422,1251.0518903506313
2026,3474,1272.7829115767381
2026,3205,1365.6089408333703
2026,3466,1539.696537710429
2026,3404,1217.9877629209475
2026,3465,1745.8035131634972
2026,3415,1402.1320142423149
2026,3452,2045.516599827182
2026,3236,1534.1564165311986
2026,3449,1765.733327522093
2026,3370,1084.0154270795122
2026,3448,1345.4967395633735
2026,3347,1597.3243571808127
2026,3437,1876.5182116437013
2026,3248,1357.6515834634004
2026,3435,1901.1202022515254
2026,3143,1589.1250094260922
2026,3385,1587.189364412539
2026,3478,1380.836070406873
2026,3431,1312.8098901175445
2026,3341,868.9146947696296
2026,3419,1547.781552426826
2026,3185,1367.5936597364405
2026,3417,2207.498247618148
2026,3361,1805.1438438469277
2026,3416,1421.8695492348388
2026,3126,1124.0112086358906
2026,3408,1319.8164967943026
2026,3144,1553.797231318978
2026,3407,1761.50159423126
2026,3405,1579.916061364011
2026,3403,1711.4337817152154
2026,3299,1351.2196049786307
2026,3400,2140.727363855899
2026,3230,1307.7055361033172
2026,3396,1505.428801030956
2026,3206,1906.7140310829213
2026,3430,1482.2669004747238
2026,3167,1054.3423524331015
2026,3292,1473.4847860110424
2026,3398,1225.042143664948
2026,3314,1944.9017849695185
2026,3300,1152.4650146373901
2026,3281,1504.4978815895513
2026,3146,1708.8099441470918
2026,3204,1851.7416420628706
2026,3141,1520.8942456673578
2026,3199,1405.756661130513
2026,3197,1255.548386337653
2026,3196,1667.0991460347425
2026,3316,1236.3651229829948
2026,3189,1463.9208117747496
2026,3190,1620.5484575988444
2026,3283,1746.8181737560117
2026,3387,1309.9889015462115
2026,3182,1435.0198078895762
2026,3384,1007.4654291906796
2026,3179,1418.7796425325193
2026,3183,1149.967988005858
2026,3156,1656.2115103810875
2026,3152,1203.5470270586025
2026,3155,1748.0670955393923
2026,3367,1373.8532265286517
2026,3139,1454.288298561378
2026,3460,1298.471163848603
2026,3136,1456.6328916439295
2026,3148,1022.4899276980235
2026,3132,1526.8833103622812
2026,3418,1229.7574095534364
2026,3124,1754.1939363787715
2026,3181,2023.8460150794804
2026,3123,1742.2658859659825
2026,3117,1669.2275873409162
2026,3120,1498.3411317285568
2026,3150,1422.8331951166356
2026,3115,1466.8856564547227
2026,3272,1273.1164265029054
2026,3113,1690.505672328298
2026,3164,1251.6634013969192
2026,3111,1269.9817503224326
2026,3444,1280.9345380527582
2026,3104,1767.6718729671998
2026,3391,1620.589946775366
2026,3208,1743.4117198394295
2026,3106,1513.0922728384483
2026,3221,1766.0107464199934
2026,3130,1176.3858155923801
2026,3187,1632.779740863721
2026,3423,1168.7587608103272
2026,3229,1537.1147818323848
2026,3173,1637.8196827716692
2026,3280,1565.5701975710847
2026,3172,1688.5320945286057
2026,3279,1755.5148916392548
2026,3313,1535.0689224475836
2026,3275,1856.950902522086
2026,3157,1427.5500165850783
2026,3225,1899.2554160484904
2026,3450,1418.0285457937832
2026,3273,1457.716177631575
2026,3421,1325.8899908314431
2026,3269,1654.9901285081066
2026,3330,1528.9578295958859
2026,3268,1768.580370979103
2026,3259,1349.0861857032908
2026,3267,1634.9118537888792
2026,3138,1104.2170834272406
2026,3266,1616.1394840906974
2026,3457,1361.705176448934
2026,3274,1576.0413538799771
2026,3220,1574.390387071834
2026,3254,1551.309602504188
2026,3318,1107.2603010432358
2026,3246,1813.8469570749157
2026,3287,1478.4830296248876
2026,3243,1737.7570687586417
2026,3303,1217.3839354014026
2026,3241,1948.3481874082854
2026,3245,1541.8179932001601
2026,3239,1798.0978208191684
2026,3149,1145.6367949048456
2026,3237,1471.280294963365
2026,3232,1283.2780694363717
2026,3235,1696.1644622020845
2026,3472,1449.2376528609534
2026,3234,2006.2749509277953
2026,3380,1609.5499625322052
2026,3260,1519.195709528856
2026,3454,1095.599628026741
2026,3278,1848.672297341851
2026,3315,1112.4636209210428
2026,3301,1753.8704859325326
2026,3397,1608.9120583980493
2026,3337,1581.0782150489695
2026,3168,1518.842634296896
2026,3350,1853.4872334706708
2026,3291,1394.996629131511
2026,3371,1610.6196822962609
2026,3389,1134.4980728172077
2026,3374,1226.2695746875156
2026,3212,1411.187730915188
2026,3438,1646.376511805798
2026,3288,1135.1876970592657
2026,3393,1710.133372689663
2026,3392,1532.5629357493492
2026,3425,1650.0360323658504
2026,3308,1253.5927535707515
2026,3439,1802.064578581998
2026,3406,1484.8417753301583
2026,3462,1288.042882491853
2026,3481,1031.866784969021
2026,3277,1720.9864090756153
2026,3479,1502.7607301158018
2026,3388,1279.5076896699093
2026,3461,1378.6803192016805
2026,3276,1950.7998899631314
2026,3145,1137.547968033238
2026,3224,1745.6574160793912
2026,3344,1522.4020781696381
2026,3250,1546.0489615544461
2026,3153,1507.996488402754
2026,3261,1989.6727595185623
2026,3223,1185.9386437018368
2026,3107,1371.5086158136887
2026,3265,1238.6786090857454
2026,3116,1403.1432431232874
2026,3256,1812.9749138613802
2026,3159,1202.0163602874245
2026,3373,1390.8254778210674
2026,3163,2153.617900249857
2026,3257,1887.2168723684067
2026,3177,1391.6370640788748
2026,3434,945.3970102622263
2026,3161,1831.2163957078576
2026,3451,1337.9209669990612
2026,3218,1758.126241967334
2026,3340,1066.5047382442885
2026,3222,1273.9169694606098
2026,3426,1325.7404722717417
2026,3228,1719.6651227718182
2026,3369,1546.4876087568746
2026,3231,1703.5937338887238
2026,3252,1220.2496858790796
2026,3180,1592.986324360581
2026,3338,1187.998805581497
2026,3401,1696.3063719216539
2026,3394,1200.2611106120476
2026,3458,1427.780423437487
2026,3324,1328.917008741729
2026,3433,1250.8607761901667
2026,3271,1456.6536900611982
2026,3258,1763.3495434765287
2026,3424,1642.9857997072268
2026,3414,1734.7996454697063
2026,3360,1358.9983975263597
2026,3362,1552.6571415763774
2026,3409,1499.3356881416457
2026,3323,1868.063940315761
2026,3321,1283.0793930303494
2026,3242,1707.0417825329755
2026,3282,1109.575768136268
2026,3193,1914.6146896322157
2026,3140,1786.762321701519
2026,3477,1262.4705617208608
2026,3420,1641.4767035456784
2026,3455,1333.2599223709813
2026,3351,1148.918975309049
2026,3395,1982.7413657201405
2026,3191,1409.328045195656
2026,3365,1665.7871404446332
2026,3427,1773.0630646585441
2026,3290,1224.9184872011256
2026,3364,1486.7847078933157
2026,3342,945.4777208414789
2026,3453,1713.202110944911
2026,3297,1437.6740966851517
2026,3247,1631.3875375139658
2026,3284,1498.9164124608037
2026,3368,1151.2623164051245
2026,3270,1835.286049641234
2026,3306,1362.1663224458748
2026,3160,1819.1135160112967
2026,3170,1480.7165281028113
2026,3305,1293.739479286321
2026,3112,1393.0545427375675
2026,3151,1504.3996587120582
2026,3207,1442.4150542333043
2026,3476,1307.2887020221704
2026,3202,1485.8108883155087
2026,3456,1519.702286334602
2026,3210,1586.6558924967583
2026,3203,1494.7265782335232
2026,3386,1622.4347598067613
2026,3263,1705.9513509785197
2026,3382,1412.2166907295646
2026,3310,1020.7865353229296
2026,3349,1813.4699367555775
2026,3467,1607.271739871431
2026,3377,1623.090273737491
2026,3399,1393.3370661612182
2026,3238,1322.5184447968534
2026,3413,1617.8673462441395
2026,3428,1649.9116669771415
2026,3429,1064.7016576955978
2026,3253,1219.8146637990355
2026,3464,1708.0387005024668
2026,3463,1385.015705738685
2026,3158,1795.2884611474078
2026,3200,1210.4132784642966
2026,3101,1584.1996761540304
2026,3470,1402.9895821154662
2026,3135,1587.4513182701808
2026,3165,1356.0831712624708
2026,3317,1594.3631303050468
2026,3171,1254.0782534458906
2026,3188,1458.6210203634123
2026,3184,1557.0592360532885
2026,3201,1407.4140721753422
2026,3211,1808.3231703389179
2026,3162,1745.8936009874328
2026,3217,1779.4430502595749
2026,3298,1670.6949415411914
2026,3174,1321.3058647675075
2026,3293,1927.6338315167966
2026,3475,1593.1444858810808
2026,3468,987.4220920846199
2026,3286,1740.60703339209
2026,3339,1577.5204783795723
2026,3105,1634.2033806463182
2026,3114,1398.385618578252
2026,3251,1612.5153296021408
2026,3209,1223.2636917407892
2026,3285,1297.3813884495244
2026,3294,1546.1027706806103
2026,3249,1597.0303191052653
2026,3359,1649.3243202164406
2026,3381,1437.329625321904
2026,3469,1284.1264203128176
2026,3255,1467.8614693833
2026,3443,1331.4664822968975
2026,3412,1284.1411583377153
2026,3226,1474.7492007490885
2026,3110,1220.838290310249
2026,3175,1182.843118608137
2026,3119,1659.3731494367714
2026,3363,1140.7717560690978
2026,3169,1228.7660552440973
2026,3195,1557.0750570871405
2026,3186,1407.1194084543533
2026,3194,1434.6461074616116
2026,3244,1292.7783393378704
2026,3219,1692.339869569863
2026,3459,1491.309324891614
2026,3178,1251.1519290397107
2026,3343,1952.843008436462
2026,3331,1354.4514944209743
2026,3326,1950.727203975283
2026,3142,1072.2865974698568
2026,3358,1467.1057131014227
2026,3214,1178.3726559750091
2026,3473,1760.3146042642102
2026,3129,1623.0197652300428
2026,3262,1272.2215541251437
2026,3233,1554.7727439024368
2026,3333,1710.9012651606722
2026,3335,1657.8435748151269
2026,3240,1478.6148996384607
2026,3127,1501.68805921498
2026,3442,1797.428251402541
2026,3410,1591.1750294964172
2026,3122,1558.795936250877
2026,3436,1835.3612253985466
2026,3441,978.3698017690274
2026,3133,1489.1953338132855
2026,3354,965.755896872939
2026,3372,1804.434770410912
2026,3356,1238.5115992936685
2026,3411,1034.6097729174598
